REFERÃŠNCIA;NOMEPRODUTO;CATEGORIA;ESTOQUE;PRECOATACADO;PRECODROPSHIPPING;STATUSPROMOCAO;MARCA;DESCRICAO;DIMENSAOCAIXACM;PESOGRAMAS;DATACADASTRO;REPOSICAOESTOQUE;URLPRODUTO;FOTOS;COR;GRUPO;
80005C;Bota Bico Fino Salto 12 Cano Alto;Botas;34,2|35,5|36,10|37,7|38,5|39,2;199.90;219.89;0;Torricella;Material: Napa Branco<br />Enfeites: Detalhes em costuras matelassê e zíper na lateral interna<br />Palmilha: 8 mm de Espessura, Espuma em EVA, e Taloneira Napa Preto<br />Forro: Cacharrel, material espumado para maior conforto, na cor Branco<br />Salto: 12 cm de Altura e Revestido em Napa Branco<br />Solado de TR na cor Bege.;31.5 x 30 x 9.5;1000;16/10/2023;1;https://www.revendadecalcados.com.br/produto-8172.html;https://www.revendadecalcados.com.br/fma600/fca419fbbe31f748b780b19d527b8262.jpg,https://www.revendadecalcados.com.br/fma600/c3368edde251c2c9b71546064dbbc698.jpg,https://www.revendadecalcados.com.br/fma600/669dae468b1bf2f97d23a1fa4cb26a0b.jpg,https://www.revendadecalcados.com.br/fma600/93e335415bf8989f5e72a77fa61e9c66.jpg,https://www.revendadecalcados.com.br/fma600/77e1332034c7f52fca36299241e2497f.jpg,https://www.revendadecalcados.com.br/fma600/cf0712be9c9ea8f0d972ee35b9194029.png,https://www.revendadecalcados.com.br/fma600/bec27458d8212aa9fe749466c4b9b735.png,https://www.revendadecalcados.com.br/fma600/21b2e396e613ea4a3e78983e12cb114c.png,https://www.revendadecalcados.com.br/fma600/4bd210b2a23a5073ec9a6d445920f197.png,https://www.revendadecalcados.com.br/fma600/fe1863f3b33d7c47fb19a67f47c5338c.jpg,https://www.revendadecalcados.com.br/fma600/9efa89a87ed6e324327a251101e2f620.jpg,https://www.revendadecalcados.com.br/fma600/4dbd045272a2dda8b2eb527c981f830b.jpg,https://www.revendadecalcados.com.br/fma600/b7d3ec77627e22290876e23a0a3c4d49.jpg,https://www.revendadecalcados.com.br/fma600/3afcacacf26fc64e7b68534f9fb3f0f3.jpg;Branco;80005
80005A;Bota Bico Fino Salto 12 Cano Alto;Botas;34,7|35,10|36,10|37,10|38,10|39,6;199.90;219.89;0;Torricella;Material: Napa Caramelo<br />Enfeites: Detalhes em costuras matelassê e zíper na lateral interna<br />Palmilha: 8 mm de Espessura, Espuma em EVA, e Taloneira Napa Preto<br />Forro: Cacharrel, material espumado para maior conforto, na cor Marrom<br />Salto: 12 cm de Altura e Revestido em Napa Caramelo<br />Solado de TR na cor Bege.;31.5 x 30 x 9.5;1000;15/06/2023;1;https://www.revendadecalcados.com.br/produto-8029.html;https://www.revendadecalcados.com.br/fma600/e81a2c511ed37ebbe6e75b9e9337a836.jpg,https://www.revendadecalcados.com.br/fma600/78a039387ef85b6daf546a59c4ba49cb.jpg,https://www.revendadecalcados.com.br/fma600/f42bb1c501db0058911d2db158f41688.jpg,https://www.revendadecalcados.com.br/fma600/339a8598d1aed651da762725d1fb634a.jpg,https://www.revendadecalcados.com.br/fma600/fa7d71bfea8ec3aad93701e3e7ca70f8.jpg,https://www.revendadecalcados.com.br/fma600/8df51b4c02340ec479e528349c7198fe.jpg,https://www.revendadecalcados.com.br/fma600/cf39b4e00711edfbbd2105ad700916f6.png,https://www.revendadecalcados.com.br/fma600/3e2dbcd831363b4ab102351a64438575.png,https://www.revendadecalcados.com.br/fma600/ed1a924a6f0885aa40c0cea0a96ec41f.png,https://www.revendadecalcados.com.br/fma600/f40c334ee8d10b9588f847a3410e767b.png,https://www.revendadecalcados.com.br/fma600/f82879a5655d06348c3fb8b5018b5f46.jpg,https://www.revendadecalcados.com.br/fma600/5844ea5af89fcbf725e5ba6fcc12df87.jpg,https://www.revendadecalcados.com.br/fma600/dd3d95d2a76d74d5ab7a9593f58fe521.jpg,https://www.revendadecalcados.com.br/fma600/164c27446471cc20c9938e30a6fb1757.jpg,https://www.revendadecalcados.com.br/fma600/2623c4c985c0bd49b1c13383f4fe95fc.jpg;Caramelo;80005
67096B;Bota Bico Fino Cano Longo;Botas;34,4|35,8|36,10|37,10|38,4|39,9;179.90;197.89;0;Torricella;Material: Napa Caramelo<br />Enfeites: Zíper na Cor Caramelo (lateral interna) e Tira em Napa Caramelo com Fivela Encapada. A tira com fivela é removível (pode usar sem a tira), ou seja, duas opções de look na mesma bota<br />Palmilha: 8 mm de Espessura, Espuma em EVA, e Taloneira Napa Preto<br />Forro: Cacharrel, material espumado para maior conforto, na cor Marrom<br />Salto: 9 cm de Altura e Revestido em Napa Caramelo<br />Solado em TR na cor Bege.;31.5 x 30 x 9.5;1000;22/04/2025;1;https://www.revendadecalcados.com.br/produto-8775.html;https://www.revendadecalcados.com.br/fma600/bab54d9b591a99dd656001d807c8fbbd.jpg,https://www.revendadecalcados.com.br/fma600/83d607fae8dd8f5b0a4d904b7bbb8f88.jpg,https://www.revendadecalcados.com.br/fma600/f64dc8fe0e94d29e6255858261eeb78b.jpg,https://www.revendadecalcados.com.br/fma600/0dacc2608a705c8114c8cb0141c3af5c.jpg,https://www.revendadecalcados.com.br/fma600/f34bd8b461a8ef6be753be5b78e83682.jpg,https://www.revendadecalcados.com.br/fma600/fa125a7c27f5170b6f2ffcdf23bdaf89.jpg,https://www.revendadecalcados.com.br/fma600/7b5e0e900486814decf67d6352696429.png,https://www.revendadecalcados.com.br/fma600/1f1003f3d9a2b0aadcb183cbed72fccf.png,https://www.revendadecalcados.com.br/fma600/4386e723e194e018d4e22fb2fc3acbfb.png,https://www.revendadecalcados.com.br/fma600/e31083552807e9c370af60321f5c19d3.png,https://www.revendadecalcados.com.br/fma600/7affb7bc24bc941f77d6cc841f552687.jpg,https://www.revendadecalcados.com.br/fma600/831747ecace8662d3496d8c9c90585f0.jpg,https://www.revendadecalcados.com.br/fma600/6d5aff12e053d4fa8a63c5e3799ef6d5.jpg,https://www.revendadecalcados.com.br/fma600/23229edb15cc360d8f55b326c4872485.jpg,https://www.revendadecalcados.com.br/fma600/51275f15470c01e436d614942ba4f3d3.jpg;Caramelo;67096
67096A;Bota Bico Fino Cano Longo;Botas;34,9|35,10|36,10|37,10|38,10|39,9;179.90;197.89;0;Torricella;Material: Napa Preto<br />Enfeites: Zíper na Cor Preto (lateral interna) e Tira em Napa Preto com Fivela Encapada. A tira com fivela é removível (pode usar sem a tira), ou seja, duas opções de look na mesma bota<br />Palmilha: 8 mm de Espessura, Espuma em EVA, e Taloneira Napa Preto<br />Forro: Cacharrel, material espumado para maior conforto, na cor Preto<br />Salto: 9 cm de Altura e Revestido em Napa Preto<br />Solado em TR na cor Preto.;31.5 x 30 x 9.5;1000;22/04/2025;1;https://www.revendadecalcados.com.br/produto-8774.html;https://www.revendadecalcados.com.br/fma600/c0b7f0acbc3d062eed725680c5ad9b14.jpg,https://www.revendadecalcados.com.br/fma600/3350ce6891b03df1b12384ec33959ac7.jpg,https://www.revendadecalcados.com.br/fma600/c13fc003f7aca9a7b076bdaa0c25c5d1.jpg,https://www.revendadecalcados.com.br/fma600/42e08b81586ad975ecd17df6db6b430f.jpg,https://www.revendadecalcados.com.br/fma600/785d2c6a1f67bd8fbfd10479301c899c.jpg,https://www.revendadecalcados.com.br/fma600/8dbd9048f2b2293ce3da42c78c160c3b.jpg,https://www.revendadecalcados.com.br/fma600/ad1d6efee9460e72abef4cf5a9f79988.png,https://www.revendadecalcados.com.br/fma600/497ef1b3a413493bd4903bf36e26cc24.jpg,https://www.revendadecalcados.com.br/fma600/b80f4f4499382d4fb6fcaf31616c4092.jpg,https://www.revendadecalcados.com.br/fma600/bd22bdddd64e349fef50665fdb95f5a2.jpg,https://www.revendadecalcados.com.br/fma600/085df7dc2e13847cc0a6c47abfe01ff7.jpg,https://www.revendadecalcados.com.br/fma600/97bce04665fe079ec4a83c6a32a62808.jpg,https://www.revendadecalcados.com.br/fma600/e30918869a7b1b7d954a0ee84f9349ab.jpg;Preto;67096
1.958-7B;Bota Social Cano Alto Longo;Botas;34,3|35,6|36,9|37,9|38,6|39,3;159.90;175.89;0;Torricella;Material: Napa Caramelo<br />Enfeites: Zíper na Cor Caramelo<br />Palmilha: 8 mm de Espessura, Espuma em EVA, e Taloneira Napa Bege<br />Forro: Cacharrel, material espumado para maior conforto, na cor Bege<br />Salto: 7 cm de Altura e Revestido em Napa na cor Caramelo<br />Solado de TR na cor Bege.;31.5 x 30 x 9.5;1000;11/05/2026;1;https://www.revendadecalcados.com.br/produto-8918.html;https://www.revendadecalcados.com.br/fma600/1df141a1c995420613ca46a8a1261f60.jpg,https://www.revendadecalcados.com.br/fma600/0d8c190a9a2894c3cb14889997002852.jpg,https://www.revendadecalcados.com.br/fma600/ad24402cc71d25fc8eb7cd804caf891b.jpg,https://www.revendadecalcados.com.br/fma600/a2ba30dd1e0107453c1954337cde6eb0.jpg,https://www.revendadecalcados.com.br/fma600/835d30688c73bec36b01435b9711c2d6.jpg,https://www.revendadecalcados.com.br/fma600/2e79f7d19681c4c17e711850f46c4339.jpg,https://www.revendadecalcados.com.br/fma600/eb95662b501e06007c00f97d96630b71.jpg,https://www.revendadecalcados.com.br/fma600/6815e9d5955408da443f51857a139137.jpg,https://www.revendadecalcados.com.br/fma600/f2f00ebf0c3926e159708717e7a71d45.jpg,https://www.revendadecalcados.com.br/fma600/b855196ec93208b81fe2d453bb852887.jpg,https://www.revendadecalcados.com.br/fma600/c2f2af981d4bd4d154ebb7ca6c6ab535.jpg,https://www.revendadecalcados.com.br/fma600/bd4d1ec8b26b24a126e5a1c23adfad00.jpg,https://www.revendadecalcados.com.br/fma600/58c247e434aa6aa24b2b7364ea0ad794.jpg,https://www.revendadecalcados.com.br/fma600/99d6b546bfaad044e22d08558a745ade.jpg;Caramelo;1.958-7
1.958-7A;Bota Social Cano Alto Longo;Botas;34,3|35,6|36,9|37,9|38,5|39,3;159.90;175.89;0;Torricella;Material: Napa Preto<br />Enfeites: Zíper na Cor Preto<br />Palmilha: 8 mm de Espessura, Espuma em EVA, e Taloneira Napa Preto<br />Forro: Cacharrel, material espumado para maior conforto, na cor Preto<br />Salto: 7 cm de Altura e Revestido em Napa na cor Preto<br />Solado de TR na cor Preto.;31.5 x 30 x 9.5;1000;11/05/2026;1;https://www.revendadecalcados.com.br/produto-8917.html;https://www.revendadecalcados.com.br/fma600/69778219a7c8f86509e431f0a969b230.jpg,https://www.revendadecalcados.com.br/fma600/4abcdf0888537782e8df92152ce8dfa4.jpg,https://www.revendadecalcados.com.br/fma600/785cae9aaf849747da7a65b40f741002.jpg,https://www.revendadecalcados.com.br/fma600/ffc64090fc0a6204df24eea670c1d336.jpg,https://www.revendadecalcados.com.br/fma600/1241c2eb2dc3a19007f164f21b411d1b.jpg,https://www.revendadecalcados.com.br/fma600/61882c30f6ae64e68c3957ae7ee1d487.jpg,https://www.revendadecalcados.com.br/fma600/cc6e2f280e5096d8932fa6eba22b1bfb.jpg,https://www.revendadecalcados.com.br/fma600/222de345683a442464f4cdd52e19d7e8.jpg,https://www.revendadecalcados.com.br/fma600/0c8f7764d082bee9b7c17a52654f935b.jpg,https://www.revendadecalcados.com.br/fma600/65d1f2662e5aae76afaa90dbe16d73c8.jpg,https://www.revendadecalcados.com.br/fma600/fedbdf88d48477a48b948529feab22d8.jpg,https://www.revendadecalcados.com.br/fma600/390a5c1e93f48c2cae2098582fd1f146.jpg,https://www.revendadecalcados.com.br/fma600/5b8d46f559f9e56086713020e3c7ff1f.jpg;Preto;1.958-7
80023A;Bota Bico Fino Salto 12 Cano Médio;Botas;34,1|35,1|36,0|37,0|38,1|39,1;159.90;175.89;0;Torricella;Material: Napa Preto<br />Enfeites: Zíper na Cor Preto, Fivelas e Apliques na Cor Prata<br />Palmilha: 8 mm de Espessura, Espuma em EVA, e Taloneira Napa Preto<br />Forro: Cacharrel, material espumado para maior conforto, na cor Preto<br />Salto: 12 cm de Altura e Revestido em Napa na cor Preto<br />Solado de Micro na cor Preto.;31.5 x 30 x 9.5;1000;02/05/2025;1;https://www.revendadecalcados.com.br/produto-8785.html;https://www.revendadecalcados.com.br/fma600/0b370ab278703645fe1b425ed240ff7d.jpg,https://www.revendadecalcados.com.br/fma600/ca86a46f4dcc969cdead5ffdcf1633d0.jpg,https://www.revendadecalcados.com.br/fma600/bddd46cc855335e83c7ca5d5080355ab.jpg,https://www.revendadecalcados.com.br/fma600/6f0c5e0114c8c86e3cbc3f72b7b43a37.jpg,https://www.revendadecalcados.com.br/fma600/98ed0fd49e4fa727f66fbc7f0c66d9b4.jpg,https://www.revendadecalcados.com.br/fma600/1c627f436f0557a10829428735d7e3f8.jpg,https://www.revendadecalcados.com.br/fma600/9c52772d3e0d663cf1cce1ee2fd068ea.jpg,https://www.revendadecalcados.com.br/fma600/1f8e969f1b2d216a5da23cf9961996e3.png;Preto;80023
1.958-4B;Bota Ankle Boot Capa Cano Curto;Botas;34,3|35,6|36,9|37,9|38,6|39,3;149.90;164.89;0;Torricella;Material: Napa Caramelo<br />Enfeites: Zíper na Cor Caramelo e Fivela na cor Dourado<br />Palmilha: 8 mm de Espessura, Espuma em EVA, e Taloneira Napa Bege<br />Forro: Cacharrel, material espumado para maior conforto, na cor Bege<br />Salto: 7 cm de Altura e Revestido em Napa na cor Caramelo<br />Solado de TR na cor Bege.;31.5 x 30 x 9.5;1000;11/05/2026;1;https://www.revendadecalcados.com.br/produto-8920.html;https://www.revendadecalcados.com.br/fma600/e1083e1796556ddfdaaf3d35de789898.jpg,https://www.revendadecalcados.com.br/fma600/8436c38295b6c3a1496dc4398470ba81.jpg,https://www.revendadecalcados.com.br/fma600/776e96ce562f1282f56dbc969026624b.jpg,https://www.revendadecalcados.com.br/fma600/ec1cf8333ff4012c0ce9613706e82b1a.jpg,https://www.revendadecalcados.com.br/fma600/08d4d287e7dcb84b830bf82db407467c.jpg,https://www.revendadecalcados.com.br/fma600/1bcc132fedded7676a40241c5287a523.jpg,https://www.revendadecalcados.com.br/fma600/2e9b1d2635196d4196b015b960989c1c.jpg,https://www.revendadecalcados.com.br/fma600/aa28232e20eb6bf8692953f16bd1c02d.jpg,https://www.revendadecalcados.com.br/fma600/32c79d538f7bf589244f8aa053203c38.jpg,https://www.revendadecalcados.com.br/fma600/0c9e876c0e2b6abb5a35ff8261f9e22d.jpg,https://www.revendadecalcados.com.br/fma600/4ddd50cb274f12189e3b6fcdf10044f5.jpg;Caramelo;1.958-4
1.958-4A;Bota Ankle Boot Capa Cano Curto;Botas;34,3|35,6|36,9|37,9|38,6|39,3;149.90;164.89;0;Torricella;Material: Napa Preto<br />Enfeites: Zíper na Cor Preto e Fivela na cor Dourado<br />Palmilha: 8 mm de Espessura, Espuma em EVA, e Taloneira Napa Preto<br />Forro: Cacharrel, material espumado para maior conforto, na cor Preto<br />Salto: 7 cm de Altura e Revestido em Napa na cor Preto<br />Solado de TR na cor Preto.;31.5 x 30 x 9.5;1000;11/05/2026;1;https://www.revendadecalcados.com.br/produto-8919.html;https://www.revendadecalcados.com.br/fma600/73a37ecb424ac3bc2d6bb07372dd3405.jpg,https://www.revendadecalcados.com.br/fma600/60d1584c2360fdbd734960dc3a028bb2.jpg,https://www.revendadecalcados.com.br/fma600/048fd416eb2351d1f5e2e33cb5df6878.jpg,https://www.revendadecalcados.com.br/fma600/44a4f60f715d3fae74fd961eb7c9fbe1.jpg,https://www.revendadecalcados.com.br/fma600/1c4891bbdeee2d7dfd7ebe6a28a1c514.jpg,https://www.revendadecalcados.com.br/fma600/a430826bfe306c8d6129cfb3694d03ce.jpg,https://www.revendadecalcados.com.br/fma600/29c27388062c4a00e27c50c1d1e833bf.jpg,https://www.revendadecalcados.com.br/fma600/cc953dc2c3a7ece6a29acf5843e24588.jpg,https://www.revendadecalcados.com.br/fma600/9bf54be828c05facd0362a525df2ff95.jpg,https://www.revendadecalcados.com.br/fma600/00520405b220f035c96da804485ce97c.jpg,https://www.revendadecalcados.com.br/fma600/a570d8b6bbb9d99754898bcf02b20135.jpg;Preto;1.958-4
80014B;Bota Bico Fino Salto 12 Cano Médio;Botas;34,3|35,4|36,6|37,6|38,4|39,1;149.90;164.89;0;Torricella;Material: Napa Caramelo<br />Enfeites: Zíper na Cor Caramelo (lateral interna) e tiras na cor Cobre<br />Palmilha: 8 mm de Espessura, Espuma em EVA, e Taloneira Napa Preto<br />Forro: Cacharrel, material espumado para maior conforto, na cor Café<br />Salto: 12 cm de Altura e Revestido em Napa Caramelo<br />Solado em Micro na cor Bege.;31.5 x 30 x 9.5;1000;27/03/2024;1;https://www.revendadecalcados.com.br/produto-8511.html;https://www.revendadecalcados.com.br/fma600/f3af9c51f2099f2d7d95666b3c8530ab.jpg,https://www.revendadecalcados.com.br/fma600/c12b8781129da5a10fd5484294dce999.jpg,https://www.revendadecalcados.com.br/fma600/3f1c6e2f244b8c970dfb3a06dcaf70ef.jpg,https://www.revendadecalcados.com.br/fma600/8fc8fec9be2b6cc5cbb7f19251bc82a2.jpg,https://www.revendadecalcados.com.br/fma600/07aaaf75d86beff64f5d633dbc4f3158.jpg,https://www.revendadecalcados.com.br/fma600/2c7a3fdc9c0cc191249a7d40e2ef35e7.jpg,https://www.revendadecalcados.com.br/fma600/18d1825377bf39f11521e6a53c2e6311.jpg,https://www.revendadecalcados.com.br/fma600/18f7c9cfdca50494cc279234aafd33c2.jpg,https://www.revendadecalcados.com.br/fma600/6c1e1818aeba686df9b9b9eac1f00037.png,https://www.revendadecalcados.com.br/fma600/000e97275c5cdb8f29d66143958ee76d.png;Caramelo;80014
80014A;Bota Bico Fino Salto 12 Cano Médio;Botas;34,2|35,2|36,3|37,5|38,3|39,2;149.90;164.89;0;Torricella;Material: Napa Preto<br />Enfeites: Zíper na Cor Preto (lateral interna) e tiras em Dourado<br />Palmilha: 8 mm de Espessura, Espuma em EVA, e Taloneira Napa Preto<br />Forro: Cacharrel, material espumado para maior conforto, na cor Preto<br />Salto: 12 cm de Altura e Revestido em Napa Preto<br />Solado em Micro na cor Preto.;31.5 x 30 x 9.5;1000;27/03/2024;1;https://www.revendadecalcados.com.br/produto-8502.html;https://www.revendadecalcados.com.br/fma600/8a8797873149571de83c0c94bf8229ce.jpg,https://www.revendadecalcados.com.br/fma600/a01bc3505327727be84e4d409a82c4e7.jpg,https://www.revendadecalcados.com.br/fma600/66949d05c9530143d1f5937aa89a2576.jpg,https://www.revendadecalcados.com.br/fma600/5a60c2b1bef9316b9a1f8e5d0218dc49.jpg,https://www.revendadecalcados.com.br/fma600/8a7b1719059c30b7d90db1431a9a6c43.jpg,https://www.revendadecalcados.com.br/fma600/9fb3078df5de2c85d11dc18bfc92aa6d.jpg,https://www.revendadecalcados.com.br/fma600/cf20cf945def3e51576ef4d437f72c2a.jpg,https://www.revendadecalcados.com.br/fma600/ae3fdb11ceb296cc21eb4f18382561e4.jpg,https://www.revendadecalcados.com.br/fma600/a97803f2e56c0d68f27e88b72e4336e3.png,https://www.revendadecalcados.com.br/fma600/eb44631c68a66fdc77c13c5528702712.png,https://www.revendadecalcados.com.br/fma600/4dee4cf5a2913de2e8e63b3ee3a3cda9.png;Preto;80014
67001B;Bota Bico Fino Feminina;Botas;34,2|35,3|36,6|37,5|38,3|39,2;149.90;164.89;0;Torricella;Material: Napa Branco e Matelassê Branco<br />Enfeites: Detalhes lindos em costuras matelassê, cordão e passantes na cor Branco<br />Palmilha: 8 mm de Espessura, Espuma em EVA, e Taloneira Napa Preto<br />Forro: Cacharrel, material espumado para maior conforto, na cor Branco<br />Salto: 10 cm de Altura e Revestido em Napa Branco<br />Solado de TR na cor Bege.;31.5 x 30 x 9.5;1000;11/05/2021;1;https://www.revendadecalcados.com.br/produto-7041.html;https://www.revendadecalcados.com.br/fma600/c5d0c6c89ad9f96b6a7c6f610803e613.jpg,https://www.revendadecalcados.com.br/fma600/737a1680e63e998a9c0258a9687ee6c8.jpg,https://www.revendadecalcados.com.br/fma600/2acd2f8ea1b5fab66a2c5cd959262a77.jpg,https://www.revendadecalcados.com.br/fma600/e0f40648ef6d87f4eca8f04518cab18a.jpg,https://www.revendadecalcados.com.br/fma600/75fe9a13deb66cc93ef073454ebaffa3.jpg,https://www.revendadecalcados.com.br/fma600/4e298c63015a01fd693c41d4e27f6e41.jpg,https://www.revendadecalcados.com.br/fma600/60cfb8d2c6dbf78314081c7b4cd466d7.jpg,https://www.revendadecalcados.com.br/fma600/bbbb94d2f0bf4758b73b7c7e1d67d0eb.png,https://www.revendadecalcados.com.br/fma600/ebc7c82897deba47775121f97f2d4eab.png,https://www.revendadecalcados.com.br/fma600/ce6a993a1d1331c321decd03662c7dab.png;Branco;67001
67001A;Bota Bico Fino Feminina;Botas;34,2|35,1|36,6|37,5|38,3|39,2;149.90;164.89;0;Torricella;Material: Napa Preto e Matelassê Preto<br />Enfeites: Detalhes lindos em costuras matelassê, cordão e passantes na cor Preto<br />Palmilha: 8 mm de Espessura, Espuma em EVA, e Taloneira Napa Preto<br />Forro: Cacharrel, material espumado para maior conforto, na cor Preto<br />Salto: 10 cm de Altura e Revestido em Napa Preto<br />Solado de TR na cor Preto.;31.5 x 30 x 9.5;1000;11/05/2021;1;https://www.revendadecalcados.com.br/produto-7040.html;https://www.revendadecalcados.com.br/fma600/aba1e2275537c11fb3f295d1b9a5087a.jpg,https://www.revendadecalcados.com.br/fma600/7128786928d2bf8910c10d0d7c216f7d.jpg,https://www.revendadecalcados.com.br/fma600/f1ad6855497e4ee8cd6cc682f9f21f6e.jpg,https://www.revendadecalcados.com.br/fma600/cb74e2319d96b30ff09b138a63097bfd.jpg,https://www.revendadecalcados.com.br/fma600/d2d249b5a4bb13a296cfc6c55c2f66cf.jpg,https://www.revendadecalcados.com.br/fma600/6f509a43c0e3d287893d2029e290fd99.jpg,https://www.revendadecalcados.com.br/fma600/77687cbbe2ab306c790f68d295161b34.jpg,https://www.revendadecalcados.com.br/fma600/c46bca0015a5c2ed0ed3d686b1570d4e.png,https://www.revendadecalcados.com.br/fma600/7337a3741f431c75ffa4e200ba8e1a90.png,https://www.revendadecalcados.com.br/fma600/f3255e5302882f0399b650c7b2b47657.png,https://www.revendadecalcados.com.br/fma600/56e4618745fa0f6e00ce8fa9accce3fd.png;Preto;67001
67070B;Bota Bico Fino Cano Médio;Botas;34,7|35,3|36,10|37,10|38,4|39,6;139.90;153.89;0;Torricella;Material: Napa Caramelo<br />Enfeites: Zíper na Cor Caramelo (lateral interna) e Pulseira Removível com Fivela de Ajuste na cor Dourado e Manta de Strass Caramelo<br />Palmilha: 8 mm de Espessura, Espuma em EVA, e Taloneira Napa Preto<br />Forro: Cacharrel, material espumado para maior conforto, na cor Café<br />Salto: 9 cm de Altura e Revestido em Napa Caramelo<br />Solado em PVC na cor Bege.;31.5 x 30 x 9.5;1000;27/03/2024;1;https://www.revendadecalcados.com.br/produto-8532.html;https://www.revendadecalcados.com.br/fma600/bbd9d1e85de6d92905f3419669b2bb83.jpg,https://www.revendadecalcados.com.br/fma600/fe4e15f6b0010dba53899ed92e08085c.jpg,https://www.revendadecalcados.com.br/fma600/e22a841ef7770bf9c3c0d77214a82880.jpg,https://www.revendadecalcados.com.br/fma600/6af911309a8a10b7dd995412b1fd348f.jpg,https://www.revendadecalcados.com.br/fma600/6be5fe86e2edfea99def83f6b0abb13e.jpg,https://www.revendadecalcados.com.br/fma600/1a9940f4b86f472a4d7229af2f52b6fd.jpg,https://www.revendadecalcados.com.br/fma600/3c5e7e4f6258462a2094ed4958e0af16.jpg,https://www.revendadecalcados.com.br/fma600/40bf4cf8b947d8d6d04f04cfb02844d8.jpg,https://www.revendadecalcados.com.br/fma600/d42aee6fcd93eb01e47f768c48db6d2a.jpg,https://www.revendadecalcados.com.br/fma600/64f4ae38e7a2543d915d3def376feb9e.jpg,https://www.revendadecalcados.com.br/fma600/72ba0d1a166fd6d36e535cc826186239.jpg,https://www.revendadecalcados.com.br/fma600/bfff3749a74d97b0501a20376a1a59a5.jpg,https://www.revendadecalcados.com.br/fma600/7cd4202df136e7605c8e1bed65b48458.jpg,https://www.revendadecalcados.com.br/fma600/08d5fc9a5f54dac41aa3fc2d6fcec005.png;Caramelo;67070
67070A;Bota Bico Fino Cano Médio;Botas;34,4|35,10|36,10|37,10|38,9|39,3;139.90;153.89;0;Torricella;Material: Napa Preto<br />Enfeites: Zíper na Cor Preto (lateral interna) e Pulseira Removível com Fivela de Ajuste na cor Prata e Manta de Strass Prata<br />Palmilha: 8 mm de Espessura, Espuma em EVA, e Taloneira Napa Preto<br />Forro: Cacharrel, material espumado para maior conforto, na cor Preto<br />Salto: 9 cm de Altura e Revestido em Napa Preto<br />Solado em PVC na cor Preto.;31.5 x 30 x 9.5;1000;27/03/2024;1;https://www.revendadecalcados.com.br/produto-8531.html;https://www.revendadecalcados.com.br/fma600/9cb313729f663c3416ecdb85e31a520c.jpg,https://www.revendadecalcados.com.br/fma600/fb0b8ef5e469b64491b0366fcac39db6.jpg,https://www.revendadecalcados.com.br/fma600/fa9fc965d66bee90305cb3ec50166112.jpg,https://www.revendadecalcados.com.br/fma600/0f21cfe17b620ae070f4f597df717218.jpg,https://www.revendadecalcados.com.br/fma600/140672e29e78447918e4ebad062e5cea.jpg,https://www.revendadecalcados.com.br/fma600/bcf9c76616716a3a3de714d106f04e6d.jpg,https://www.revendadecalcados.com.br/fma600/be3eb64d037e8701b27ce481c367bc40.jpg,https://www.revendadecalcados.com.br/fma600/dc4e6c9646d2a025a4bf6619a7c59b47.jpg,https://www.revendadecalcados.com.br/fma600/0cd650bf101d0adbc3bfdbf58c96d7b1.jpg,https://www.revendadecalcados.com.br/fma600/8674bacf1a35d40da16cd8ed842224ac.jpg,https://www.revendadecalcados.com.br/fma600/9cbfdea9a416cf461b67ee5c0de57771.jpg,https://www.revendadecalcados.com.br/fma600/0eb3dd0d8f455e106b26a4c55040d462.jpg,https://www.revendadecalcados.com.br/fma600/d4b7d53319fa8aed5ab0832f66657e6f.jpg,https://www.revendadecalcados.com.br/fma600/1f92e6f6100361bea53b66608e9164fb.png;Preto;67070
80000A;Sapato Scarpin Salto 12;Sapato Scarpin;34,7|35,10|36,10|37,10|38,9|39,10;114.90;126.39;0;Torricella;Material: Verniz Preto<br />Palmilha: 8 mm de Espessura, Espuma em EVA, Revestida em Verniz Preto e Taloneira Napa Bege<br />Salto: 12 cm de Altura Revestido em Verniz Preto<br />Solado de Micro na cor Vermelho.;28 x 20 x 9.5;600;15/06/2023;1;https://www.revendadecalcados.com.br/produto-8026.html;https://www.revendadecalcados.com.br/fma600/266f67efe801f91f0ca94ad5c199ffbe.jpg,https://www.revendadecalcados.com.br/fma600/c3c428d176ee8d976d5c0bb89573eb70.jpg,https://www.revendadecalcados.com.br/fma600/dc3a6c0590b2b524dc8050f662f81d1c.jpg,https://www.revendadecalcados.com.br/fma600/966d987b8d65ec1b75ea6c8efd8d5b42.jpg,https://www.revendadecalcados.com.br/fma600/b4552b82f87c12b4762ef474851051e5.jpg,https://www.revendadecalcados.com.br/fma600/2ccbc2276f0c4c23e221b311ebc121e2.jpg,https://www.revendadecalcados.com.br/fma600/6f2467d31d29065694f9a7d7790c0106.jpg,https://www.revendadecalcados.com.br/fma600/832ba9ea70fc528b0b25c165cecb094b.jpg,https://www.revendadecalcados.com.br/fma600/4e58ce3626d03d723a1a94b7543a758c.jpg,https://www.revendadecalcados.com.br/fma600/9b539701fb85f6215a979afcc04a1dae.jpg,https://www.revendadecalcados.com.br/fma600/9d96ded29477e59762761ebcb404fe86.jpg,https://www.revendadecalcados.com.br/fma600/8ed5288e314b399b9eadf901a245938b.jpg,https://www.revendadecalcados.com.br/fma600/ca58f1626f8ab7ebc5d48eb5f4267109.jpg;Preto;80000
66077C;Sapato Scarpin;Sapato Scarpin;34,6|35,3|36,7|37,4|38,1|39,0;104.90;115.39;0;Torricella;Material: Napa Off White<br />Enfeite: Apliques Pirâmides em ABS na cor Dourado e Fivela de Ajuste na Cor Dourado<br />Palmilha: 8 mm de Espessura, Espuma em EVA, Revestida em Napa Off White e Taloneira Napa Bege<br />Salto: Grosso com 8,5 cm de Altura Revestido em Napa Off White<br />Solado de PVC com antiderrapante na cor Bege.;28 x 20 x 9.5;600;21/10/2024;1;https://www.revendadecalcados.com.br/produto-8684.html;https://www.revendadecalcados.com.br/fma600/704269b11bf28d88fb873ded6fac67ad.jpg,https://www.revendadecalcados.com.br/fma600/3c2b182c07431b962a2fc2deaf9a5849.jpg,https://www.revendadecalcados.com.br/fma600/db90726aa58047002769ebdd9599d607.jpg,https://www.revendadecalcados.com.br/fma600/0983736ce8a913061321697d82a9fc05.jpg,https://www.revendadecalcados.com.br/fma600/0170148bd9bb8a97479ccf33928806ea.jpg,https://www.revendadecalcados.com.br/fma600/0bf64845ac7bf6ad6a6d05b57ef27be3.jpg;Off White;66077
66077A;Sapato Scarpin;Sapato Scarpin;34,4|35,5|36,10|37,6|38,5|39,2;104.90;115.39;0;Torricella;Material: Napa Preto<br />Enfeite: Apliques Pirâmides em ABS na cor Dourado e Fivela de Ajuste na Cor Dourado<br />Palmilha: 8 mm de Espessura, Espuma em EVA, Revestida em Napa Preto e Taloneira Napa Preto<br />Salto: Grosso com 8,5 cm de Altura Revestido em Napa Preto<br />Solado de PVC com antiderrapante na cor Preto.;28 x 20 x 9.5;600;21/10/2024;1;https://www.revendadecalcados.com.br/produto-8682.html;https://www.revendadecalcados.com.br/fma600/21edbe3c0aacba4d66dcfc1cc784e93e.jpg,https://www.revendadecalcados.com.br/fma600/8a587d96ac983841ad45ee5a66ab3c49.jpg,https://www.revendadecalcados.com.br/fma600/b0e13a9361de8cde7968b4673c73be7c.jpg,https://www.revendadecalcados.com.br/fma600/93e2de4694f828a0cec58113b5ef6307.jpg,https://www.revendadecalcados.com.br/fma600/827ad753a9c003ad929fca6440b342b9.jpg,https://www.revendadecalcados.com.br/fma600/2c104f8c28c73cee8eff11e36689d8e9.jpg;Preto;66077
68008A;Sapato Scarpin;Sapato Scarpin;34,3|35,4|36,4|37,8|38,7|39,2;99.90;109.89;0;Torricella;Material: Verniz Metalizado Specchio Ouro Light e Napa Croco Dourado<br />Palmilha: 8 mm de Espessura, Espuma em EVA, Revestida em Napa Croco Dourado e Taloneira Napa Bege<br />Salto: 9 cm de Altura Revestido em Metalizado Specchio Ouro Light<br />Solado de PVC na cor Bege.;28 x 20 x 9.5;600;02/09/2025;1;https://www.revendadecalcados.com.br/produto-8854.html;https://www.revendadecalcados.com.br/fma600/98fa5cbf01f389768c0843dc8bff9f21.jpg,https://www.revendadecalcados.com.br/fma600/172c57e822db554f5f25dc2050f89323.jpg,https://www.revendadecalcados.com.br/fma600/53527393b00452f4b96df478bbfa9584.jpg,https://www.revendadecalcados.com.br/fma600/1438178a3dfd7d980df570497f4f970e.jpg,https://www.revendadecalcados.com.br/fma600/9cfd2e543baf9c2da15ee294cb19e21d.jpg,https://www.revendadecalcados.com.br/fma600/673cdbda7ca4232a852473b43cbb7bde.jpg,https://www.revendadecalcados.com.br/fma600/c2bb0fd0feb832c983e42811bc8162f8.jpg,https://www.revendadecalcados.com.br/fma600/0c76fccd951fc3d9e91bf3495b4b3bcb.jpg,https://www.revendadecalcados.com.br/fma600/ff95f7dccde36a61060d4f6155763b8a.jpg,https://www.revendadecalcados.com.br/fma600/fbe700441cc48ba0beda4fb7eb1c0f0b.png,https://www.revendadecalcados.com.br/fma600/cf741e36342e6dbeb9a244a24c130904.png;Dourado;68008
68006A;Sapato Scarpin;Sapato Scarpin;34,2|35,1|36,3|37,2|38,1|39,0;99.90;109.89;0;Torricella;Material: Verniz Metalizado Specchio Ouro Light<br />Palmilha: 8 mm de Espessura, Espuma em EVA, Revestida em Metalizado Speechio Ouro Light e Taloneira Napa Bege<br />Enfeite: Apliques em ABS na cor Dourado<br />Salto: 9 cm de Altura Revestido em Metalizado Speechio Ouro Light<br />Solado de PVC na cor Bege.;28 x 20 x 9.5;600;20/08/2025;1;https://www.revendadecalcados.com.br/produto-8814.html;https://www.revendadecalcados.com.br/fma600/b7dcf34be2a00bd1917b7406ba06be46.jpg,https://www.revendadecalcados.com.br/fma600/2b40c17011386f25ec006549a0b24d8e.jpg,https://www.revendadecalcados.com.br/fma600/17cd3e72c06e8d3961188f9d7e7bfa42.jpg,https://www.revendadecalcados.com.br/fma600/49d0c3453418dfb59440e80841f971d9.jpg,https://www.revendadecalcados.com.br/fma600/f8bdb2fb139c7fe9b569fea08e828e3b.jpg,https://www.revendadecalcados.com.br/fma600/140b6dc8253c063cae6af3b330fb6607.jpg,https://www.revendadecalcados.com.br/fma600/0095c5fd5c595886709a85969190e80a.jpg,https://www.revendadecalcados.com.br/fma600/2a33ad8cb5f35ba81d7f4395e07e2039.jpg,https://www.revendadecalcados.com.br/fma600/2781e2ae426d2230d2edff2c04baaa0b.jpg;Dourado;68006
67072D;Sapato Scarpin;Sapato Scarpin;34,6|35,1|36,5|37,1|38,0|39,2;94.90;104.39;0;Torricella;Material: Napa Dourado / Metalizado Speechio Ouro Light<br />Enfeite: Fivela de Ajuste na Cor Dourado<br />Palmilha: 8 mm de Espessura, Espuma em EVA, Revestida em Napa Dourado e Taloneira Napa Bege<br />Salto: Fino com 9 cm de Altura Revestido em Napa Dourado<br />Solado de PVC com antiderrapante na cor Bege.;28 x 20 x 9.5;600;18/12/2025;1;https://www.revendadecalcados.com.br/produto-8900.html;https://www.revendadecalcados.com.br/fma600/61971f80784785378726746df1f074b2.jpg,https://www.revendadecalcados.com.br/fma600/691799aeaa40d25ad0322c0f305ed38c.jpg,https://www.revendadecalcados.com.br/fma600/daab530687c68a3352c16ca2c1fe53b0.jpg,https://www.revendadecalcados.com.br/fma600/877e069039c11dc73f3acfc0b5adbac3.jpg,https://www.revendadecalcados.com.br/fma600/b265d082a5602e83aa5d922e124f9f00.jpg,https://www.revendadecalcados.com.br/fma600/af19fe61173a6e13edc1ca0af1872946.jpg,https://www.revendadecalcados.com.br/fma600/e1685c47c70a01d5882f21613d0e4d8d.png,https://www.revendadecalcados.com.br/fma600/22fc7d7a0155d9ba1798a96d64e10645.png,https://www.revendadecalcados.com.br/fma600/310b2d824f3e50dd2248f35d83248b19.png;Dourado;67072
67076C;Sapato Scarpin;Sapato Scarpin;34,2|35,6|36,1|37,10|38,0|39,0;94.90;104.39;0;Torricella;Material: Napa Dourado / Metalizado Specchio Ouro Light<br />Enfeite: Laço na cor Metalizado Speechio Specchio Ouro Light<br />Palmilha: 8 mm de Espessura, Espuma em EVA, Revestida em Metalizado Speechio Ouro Light e Taloneira Napa Bege<br />Salto: Fino com 9 cm de Altura Revestido em Napa Dourado<br />Solado de PVC com antiderrapante na cor Bege.;28 x 20 x 9.5;600;29/12/2025;1;https://www.revendadecalcados.com.br/produto-8892.html;https://www.revendadecalcados.com.br/fma600/abc7d83e6d36ace31a6448e0e2de5bab.jpg,https://www.revendadecalcados.com.br/fma600/d639a4eaa70ebbac23576d4112f41031.jpg,https://www.revendadecalcados.com.br/fma600/c43f350227a6a60bc8faabee894a227a.jpg,https://www.revendadecalcados.com.br/fma600/5706152107eaf0a05f912d5629a67f4f.jpg,https://www.revendadecalcados.com.br/fma600/69ee65cf5a60c21e59d47745e6daa86b.jpg,https://www.revendadecalcados.com.br/fma600/58661b5db57d89f163dee1f24dc07715.jpg,https://www.revendadecalcados.com.br/fma600/3960313dae1d8f8cb7efa2073a30fc95.jpg,https://www.revendadecalcados.com.br/fma600/6c973b128c377041dc410ef4c828c2c7.jpg,https://www.revendadecalcados.com.br/fma600/90da611e868bee837107f8bb984c3438.jpg,https://www.revendadecalcados.com.br/fma600/9e0664a1be9f76b8d7f16355d6d1f18e.jpg;Dourado;67076
67076D;Sapato Scarpin;Sapato Scarpin;34,1|35,0|36,0|37,0|38,0|39,0;94.90;104.39;0;Torricella;Material: Napa Caramelo / Metalizado Specchio Ouro Light<br />Enfeite: Laço na cor Metalizado Speechio Specchio Ouro Light<br />Palmilha: 8 mm de Espessura, Espuma em EVA, Revestida em Metalizado Speechio Ouro Light e Taloneira Napa Bege<br />Salto: Fino com 9 cm de Altura Revestido em Napa Caramelo<br />Solado de PVC com antiderrapante na cor Bege.;28 x 20 x 9.5;600;29/12/2025;1;https://www.revendadecalcados.com.br/produto-8891.html;https://www.revendadecalcados.com.br/fma600/8ab7771d27298a646d49ca8e233d36ec.jpg,https://www.revendadecalcados.com.br/fma600/3f77f9a29df69d387f818083d9b6fb8a.jpg,https://www.revendadecalcados.com.br/fma600/3fc3a6388169025cb63e7bfc5b37995a.jpg,https://www.revendadecalcados.com.br/fma600/858424de875fcf22f2ae4b72c152a46b.jpg,https://www.revendadecalcados.com.br/fma600/0faeba895dcb46eaa4765b1e61a81bbd.jpg,https://www.revendadecalcados.com.br/fma600/5ee6fba16b3ab53dac5d6263ecdafbdc.jpg,https://www.revendadecalcados.com.br/fma600/f8454975340a9c60c011e35d1a91a25a.jpg,https://www.revendadecalcados.com.br/fma600/c8027eb0c59e8fc6952c29f79daab274.jpg,https://www.revendadecalcados.com.br/fma600/0dc51901523e282022d0f2aba10a5fa3.jpg,https://www.revendadecalcados.com.br/fma600/db28958f1fcb1d6d6a81729ba0e29c39.jpg;Caramelo;67076
67076E;Sapato Scarpin;Sapato Scarpin;34,10|35,10|36,10|37,10|38,10|39,4;94.90;104.39;0;Torricella;Material: Napa Off White / Metalizado Specchio Ouro Light<br />Enfeite: Laço na cor Metalizado Speechio Specchio Ouro Light<br />Palmilha: 8 mm de Espessura, Espuma em EVA, Revestida em Metalizado Speechio Ouro Light e Taloneira Napa Bege<br />Salto: Fino com 9 cm de Altura Revestido em Napa Off White<br />Solado de PVC com antiderrapante na cor Bege.;28 x 20 x 9.5;600;29/12/2025;1;https://www.revendadecalcados.com.br/produto-8890.html;https://www.revendadecalcados.com.br/fma600/22ce7ffd989a13a09f50023d85f0286f.jpg,https://www.revendadecalcados.com.br/fma600/c1431a44cc514af184de58faac4c7d11.jpg,https://www.revendadecalcados.com.br/fma600/e27ee3ee7bfe600ec7d9164d1357a0b4.jpg,https://www.revendadecalcados.com.br/fma600/bf3f6b9884b1a6a6fc0c5a2a44770a0b.jpg,https://www.revendadecalcados.com.br/fma600/74afcc836d06c2e0c8003364200c8c1b.jpg,https://www.revendadecalcados.com.br/fma600/46eae26926448522dad962bdb1c923b6.jpg,https://www.revendadecalcados.com.br/fma600/18a6f9dc302af172da8a87c13ae3b677.jpg,https://www.revendadecalcados.com.br/fma600/5df00b101c7c2c8e95c7b74efecb5de9.jpg,https://www.revendadecalcados.com.br/fma600/79b8074df52e6f7711bea7f9454e90c5.jpg,https://www.revendadecalcados.com.br/fma600/771dab4f19e2ca8c1a685e0d083215ed.jpg,https://www.revendadecalcados.com.br/fma600/6345778fbab9dcb44ab0a777157542a3.jpg;Off White;67076
68007C;Sapato Scarpin;Sapato Scarpin;34,2|35,6|36,6|37,5|38,0|39,0;94.90;104.39;0;Torricella;Material: Napa Off White / Metalizado Speechio Ouro Light<br />Palmilha: 8 mm de Espessura, Espuma em EVA, Revestida em Metalizado Speechio Ouro Light e Taloneira Napa Bege<br />Salto: Fino com 9 cm de Altura Revestido em Napa Off White<br />Solado de PVC com antiderrapante na cor Bege.;28.5 x 23.5 x 9.5;800;08/09/2025;1;https://www.revendadecalcados.com.br/produto-8867.html;https://www.revendadecalcados.com.br/fma600/17878de15301f4683692ac75dde161f3.jpg,https://www.revendadecalcados.com.br/fma600/a0bd9c29df26e301762c6904334d868a.jpg,https://www.revendadecalcados.com.br/fma600/80458ef5149efcacf4cc8fae5f62deb0.jpg,https://www.revendadecalcados.com.br/fma600/d782fb5c910c4aa9f9402ecf627d4a3e.jpg,https://www.revendadecalcados.com.br/fma600/bd4c84d4e0a1f35f155504ec38ce21a6.jpg,https://www.revendadecalcados.com.br/fma600/396658825ba2ae20e7bba41431d8c0eb.jpg,https://www.revendadecalcados.com.br/fma600/7eb505c229647e0596fba77408edb8ee.jpg,https://www.revendadecalcados.com.br/fma600/f62b6f2f3e76b1b3df04b8574d172f75.jpg,https://www.revendadecalcados.com.br/fma600/bd1c2992d49219631ce2825942b3639e.jpg;Off White;68007
68007A;Sapato Scarpin;Sapato Scarpin;34,4|35,6|36,1|37,2|38,0|39,4;94.90;104.39;0;Torricella;Material: Napa Preto / Metalizado Speechio Ouro Light<br />Palmilha: 8 mm de Espessura, Espuma em EVA, Revestida em Metalizado Speechio Ouro Light e Taloneira Napa Preto<br />Salto: Fino com 9 cm de Altura Revestido em Napa Preto<br />Solado de PVC com antiderrapante na cor Preto.;28.5 x 23.5 x 9.5;800;08/09/2025;1;https://www.revendadecalcados.com.br/produto-8865.html;https://www.revendadecalcados.com.br/fma600/36e30e1f2abbf4f38ac633705cb2a880.jpg,https://www.revendadecalcados.com.br/fma600/754b88c8810f8eb46f76f3c4d7967d03.jpg,https://www.revendadecalcados.com.br/fma600/ed188d54c0a2bb34c01368694ec07ed2.jpg,https://www.revendadecalcados.com.br/fma600/f8c1c299c098108572f4e742ba65be1d.jpg,https://www.revendadecalcados.com.br/fma600/a648576a0c6187c43b070bc9bb1d0349.jpg,https://www.revendadecalcados.com.br/fma600/ebf0f7f9e0a3d988f8e53482a2ee0434.jpg,https://www.revendadecalcados.com.br/fma600/8018f0fd8564ad06bc4394654f467de1.jpg,https://www.revendadecalcados.com.br/fma600/44ee885a41cb7d42005803aedb9818c5.jpg,https://www.revendadecalcados.com.br/fma600/45c10883f9414ce7e303b1bde0a8e936.jpg;Preto;68007
67072C;Sapato Scarpin;Sapato Scarpin;34,3|35,0|36,2|37,2|38,1|39,1;94.90;104.39;0;Torricella;Material: Napa Marrom Caramelo / Metalizado Speechio Ouro Light<br />Enfeite: Fivela de Ajuste na Cor Dourado<br />Palmilha: 8 mm de Espessura, Espuma em EVA, Revestida em Metalizado Speechio Ouro Light e Taloneira Napa Bege<br />Salto: Fino com 9 cm de Altura Revestido em Napa Marrom Caramelo<br />Solado de PVC com antiderrapante na cor Bege.;28.5 x 23.5 x 9.5;800;24/06/2025;1;https://www.revendadecalcados.com.br/produto-8808.html;https://www.revendadecalcados.com.br/fma600/ea93af8a488ba3131c565c2b671133b1.jpg,https://www.revendadecalcados.com.br/fma600/b0e6e9a9c0d98f45ef0680db1c2dee16.jpg,https://www.revendadecalcados.com.br/fma600/23f9f7b3cbf6e8f7b62e6a6de1813671.jpg,https://www.revendadecalcados.com.br/fma600/afad1f7ed25c74632aa4636b4dec584a.jpg,https://www.revendadecalcados.com.br/fma600/09e12270a06ce39f3d25ed3fc6b46b5b.jpg,https://www.revendadecalcados.com.br/fma600/73aa83cb9996ae43ce431aa2f95ca6fa.jpg,https://www.revendadecalcados.com.br/fma600/bb1d60d1d1972274d9613517fe71cbd0.png,https://www.revendadecalcados.com.br/fma600/1777dc9ce32e8d86753d640f17e98f35.png;Caramelo;67072
67076B;Sapato Scarpin;Sapato Scarpin;34,7|35,10|36,10|37,1|38,8|39,1;94.90;104.39;0;Torricella;Material: Napa Rosê / Metalizado Specchio Rosê<br />Enfeite: Laço na cor Metalizado Speechio Specchio Rosê<br />Palmilha: 8 mm de Espessura, Espuma em EVA, Revestida em Metalizado Speechio Rosê e Taloneira Napa Bege<br />Salto: Fino com 9 cm de Altura Revestido em Napa Rosê<br />Solado de PVC com antiderrapante na cor Bege.;28 x 20 x 9.5;600;18/10/2024;1;https://www.revendadecalcados.com.br/produto-8681.html;https://www.revendadecalcados.com.br/fma600/af58568c31d247574d0e660dd050b2e1.jpg,https://www.revendadecalcados.com.br/fma600/aaf292b2a336d3b1b9c1f8c665ad4812.jpg,https://www.revendadecalcados.com.br/fma600/2bae2711d2f122938616de55a261bf8e.jpg,https://www.revendadecalcados.com.br/fma600/2a6dc6e9916d4bc2bf4078f319a1f9b6.jpg,https://www.revendadecalcados.com.br/fma600/e447f08f4170c64ee201229d6bc371ce.jpg,https://www.revendadecalcados.com.br/fma600/99bb4b751bac385fa2a5afa5ba096916.jpg,https://www.revendadecalcados.com.br/fma600/1f5c2896aad51a67c36ed24a9794f93f.jpg,https://www.revendadecalcados.com.br/fma600/c6240f5daf562c559944b4c45c23f47d.jpg,https://www.revendadecalcados.com.br/fma600/57114eda9e6e0ae9b467408a869ddcb1.jpg,https://www.revendadecalcados.com.br/fma600/935561ce37ae891d128b402a6a33af85.jpg,https://www.revendadecalcados.com.br/fma600/e74646cceba5398470dad5ce55f6ec1a.jpg;Rose;67076
67076A;Sapato Scarpin;Sapato Scarpin;34,3|35,9|36,10|37,10|38,8|39,10;94.90;104.39;0;Torricella;Material: Nobuck Preto / Metalizado Speechio Ouro Light<br />Enfeite: Laço na cor Metalizado Speechio Ouro Light<br />Palmilha: 8 mm de Espessura, Espuma em EVA, Revestida em Metalizado Speechio Ouro Light e Taloneira Napa Preto<br />Salto: Fino com 9 cm de Altura Revestido em Nobuck Preto<br />Solado de PVC com antiderrapante na cor Preto.;28 x 20 x 9.5;600;18/10/2024;1;https://www.revendadecalcados.com.br/produto-8680.html;https://www.revendadecalcados.com.br/fma600/9cc2d0890a13c171954ea6be10bf8da0.jpg,https://www.revendadecalcados.com.br/fma600/02413a0184462db2f13e27b0e1af0288.jpg,https://www.revendadecalcados.com.br/fma600/376f763e58ec3d41e1f2bffac01ec755.jpg,https://www.revendadecalcados.com.br/fma600/7116412c810c15a51cdc3f97680c14f3.jpg,https://www.revendadecalcados.com.br/fma600/e00ceb2f9f075b79aa77cebef752c4d9.jpg,https://www.revendadecalcados.com.br/fma600/f71fd4163878bc79fb0aa4468ebc9e89.jpg,https://www.revendadecalcados.com.br/fma600/9c637ed7f17cddc05c22af39a9504c85.jpg,https://www.revendadecalcados.com.br/fma600/65adef5a5f35c4770f8eb921219d5d04.jpg,https://www.revendadecalcados.com.br/fma600/b5217dcaf0bb3fc7d7f39d731b2ef046.jpg,https://www.revendadecalcados.com.br/fma600/3e5b3044457a8f8e2a145e99097a3610.jpg;Preto;67076
67072B;Sapato Scarpin;Sapato Scarpin;34,0|35,1|36,10|37,1|38,8|39,0;94.90;104.39;0;Torricella;Material: Napa Branco / Napa Rosê / Metalizado Specchio Rosê<br />Enfeite: Fivela de Ajuste na Cor Dourado<br />Palmilha: 8 mm de Espessura, Espuma em EVA, Revestida em Metalizado Speechio Rosê e Taloneira Napa Bege<br />Salto: Fino com 9 cm de Altura Revestido em Napa Rosê<br />Solado de PVC com antiderrapante na cor Bege.;28 x 20 x 9.5;600;04/10/2024;1;https://www.revendadecalcados.com.br/produto-8630.html;https://www.revendadecalcados.com.br/fma600/9a73ccd02959d5e23870335f39f441d2.jpg,https://www.revendadecalcados.com.br/fma600/f488244c7b8092e05935a19fe988628b.jpg,https://www.revendadecalcados.com.br/fma600/caff2e190ab3d3afe9cccd7ba1bf4815.jpg,https://www.revendadecalcados.com.br/fma600/83e05d53259a2da554850a037735080d.jpg,https://www.revendadecalcados.com.br/fma600/92c90495fd996ffde6077508fdd6659d.jpg,https://www.revendadecalcados.com.br/fma600/2d57347e31f766121629d8f8efa01c47.jpg,https://www.revendadecalcados.com.br/fma600/4a110a0bb2d7535a5af3b701f7f69bdb.png,https://www.revendadecalcados.com.br/fma600/99127f6373a16b939ece9a61ad3eade2.png;Multicolorido;67072
67072A;Sapato Scarpin;Sapato Scarpin;34,0|35,1|36,0|37,0|38,0|39,0;94.90;104.39;0;Torricella;Material: Nobuck Preto / Metalizado Speechio Ouro Light<br />Enfeite: Fivela de Ajuste na Cor Dourado<br />Palmilha: 8 mm de Espessura, Espuma em EVA, Revestida em Metalizado Speechio Ouro Light e Taloneira Napa Preto<br />Salto: Fino com 9 cm de Altura Revestido em Nobuck Preto<br />Solado de PVC com antiderrapante na cor Preto.;28 x 20 x 9.5;600;04/10/2024;1;https://www.revendadecalcados.com.br/produto-8629.html;https://www.revendadecalcados.com.br/fma600/c6fde124ef33938ff42b649b8c1dafb8.jpg,https://www.revendadecalcados.com.br/fma600/249166582597870f61f0b024e973f91d.jpg,https://www.revendadecalcados.com.br/fma600/16f6d112d0bef47a6d557025323100ab.jpg,https://www.revendadecalcados.com.br/fma600/9d9726b585c29d506d52809288fd2e06.jpg,https://www.revendadecalcados.com.br/fma600/a68725e0204fb5e2df38edcda6ba66eb.jpg,https://www.revendadecalcados.com.br/fma600/d7ac706a0ca8a8c214effe58d1078fa4.jpg,https://www.revendadecalcados.com.br/fma600/ffd8e32c6f66fbd5ba05668056fe7590.png,https://www.revendadecalcados.com.br/fma600/0ecf7c3bdc8b963b73c7bb95ec1ebaf7.png;Preto;67072
67055C;Sapato Scarpin Mule;Sapato Scarpin;34,0|35,0|36,3|37,5|38,1|39,3;94.90;104.39;0;Torricella;Material: Napa Off White<br />Palmilha: 8 mm de Espessura, Espuma em EVA, Revestida em Napa Off White e Taloneira Napa Preto<br />Enfeite: Fivelas e Apliques na Cor Grafite<br />Salto: 9 cm de Altura Revestido em Napa Off White<br />Solado de TR na cor Preto.;28 x 20 x 9.5;600;17/10/2023;1;https://www.revendadecalcados.com.br/produto-8339.html;https://www.revendadecalcados.com.br/fma600/21fdf94b3273c5e7ce34b33aec31b81a.jpg,https://www.revendadecalcados.com.br/fma600/36412a08643cc6ebdf0b14cc69f6212c.jpg,https://www.revendadecalcados.com.br/fma600/e926fe8ac19af024fa51f3d94dd9dbd0.jpg,https://www.revendadecalcados.com.br/fma600/f7240989e9a8718d566f8c035827ebb1.jpg,https://www.revendadecalcados.com.br/fma600/8806535e5f11ae451c93a99550040685.jpg,https://www.revendadecalcados.com.br/fma600/172517b238e9be7bbc51215722e7e26c.jpg,https://www.revendadecalcados.com.br/fma600/38ea9a8516cb10ea279c50f28ccf677b.jpg,https://www.revendadecalcados.com.br/fma600/34ca0f071a26213b6d7fd497f22513e7.jpg,https://www.revendadecalcados.com.br/fma600/b9cc2892b81742ff1b17cdea03d4fed0.jpg,https://www.revendadecalcados.com.br/fma600/0313443e2b72ec7c0dd9cd1456066bf5.jpg,https://www.revendadecalcados.com.br/fma600/a7909957e0a0cadf9cb2753ff40a81a3.jpg,https://www.revendadecalcados.com.br/fma600/1ebdc9714b7e8620819be83615c94427.jpg,https://www.revendadecalcados.com.br/fma600/678b7edba987306d01af8fa4d3263dd7.jpg,https://www.revendadecalcados.com.br/fma600/bdb572fc4f651404512e7508919851a7.jpg;Off White;67055
67055B;Sapato Scarpin Mule;Sapato Scarpin;34,1|35,0|36,0|37,1|38,6|39,0;94.90;104.39;0;Torricella;Material: Napa Caramelo<br />Palmilha: 8 mm de Espessura, Espuma em EVA, Revestida em Napa Caramelo e Taloneira Napa Bege<br />Enfeite: Fivelas e Apliques na Cor Prata<br />Salto: 9 cm de Altura Revestido em Napa Caramelo<br />Solado de TR na cor Bege.;28 x 20 x 9.5;600;17/10/2023;1;https://www.revendadecalcados.com.br/produto-8338.html;https://www.revendadecalcados.com.br/fma600/179fc1e7a6555d654c2845942ce0b6ba.jpg,https://www.revendadecalcados.com.br/fma600/d464d8e971957cab1980a45e8007680b.jpg,https://www.revendadecalcados.com.br/fma600/8c89193d6929d9ee21913a258f6896e7.jpg,https://www.revendadecalcados.com.br/fma600/04ac2bb3845166c0f904186de51ce22f.jpg,https://www.revendadecalcados.com.br/fma600/c12925ab328abcd34af3aac625ea869f.jpg,https://www.revendadecalcados.com.br/fma600/f6cf17a079412ce3a9913c5d408e5c52.jpg,https://www.revendadecalcados.com.br/fma600/5bf9721eac9a1a67736ca030d7255e5d.jpg,https://www.revendadecalcados.com.br/fma600/e329279a86ad615d2b853ac194dfdd8b.jpg,https://www.revendadecalcados.com.br/fma600/b500494fb13ac9321938538347c2cb8b.jpg,https://www.revendadecalcados.com.br/fma600/0dc273dd8572d2c8f3f42d5a0306697c.jpg,https://www.revendadecalcados.com.br/fma600/330243baf1561b81d6563fdfb8e6f6d2.jpg,https://www.revendadecalcados.com.br/fma600/d3f5304d3784473f23513351470c085f.jpg,https://www.revendadecalcados.com.br/fma600/699c2ebcb519bea0ac3c1afdf06c1a91.jpg,https://www.revendadecalcados.com.br/fma600/efb37b324ec15240aaf73f7538a3a7ca.jpg;Caramelo;67055
67055A;Sapato Scarpin Mule;Sapato Scarpin;34,0|35,0|36,10|37,0|38,0|39,7;94.90;104.39;0;Torricella;Material: Napa Preto<br />Palmilha: 8 mm de Espessura, Espuma em EVA, Revestida em Napa Preto e Taloneira Napa Preto<br />Enfeite: Fivelas e Apliques na Cor Dourado<br />Salto: 9 cm de Altura Revestido em Napa Preto<br />Solado de TR na cor Preto.;28 x 20 x 9.5;600;17/10/2023;1;https://www.revendadecalcados.com.br/produto-8337.html;https://www.revendadecalcados.com.br/fma600/953543fe0ad2bc0b413f31f9224f79f6.jpg,https://www.revendadecalcados.com.br/fma600/af96dc2d28ccbeb6e2bf4873c60ed5e4.jpg,https://www.revendadecalcados.com.br/fma600/dac69be3764594db4f5895d68b8d6dea.jpg,https://www.revendadecalcados.com.br/fma600/e50bd89b7afe806a4a0057d74a182190.jpg,https://www.revendadecalcados.com.br/fma600/1f67f48295046e3cf50325046701607f.jpg,https://www.revendadecalcados.com.br/fma600/d8190d0c3a8fd70c910c3986c13a72c8.jpg,https://www.revendadecalcados.com.br/fma600/21c4a28e36dcd4357a7534e59d3b94dd.jpg,https://www.revendadecalcados.com.br/fma600/d4840768349240457bf556d3a38c5de3.jpg,https://www.revendadecalcados.com.br/fma600/96a93aaaa43f9f402f359cba65eef1b0.jpg,https://www.revendadecalcados.com.br/fma600/62b4a4a4223c2af0d39638bf070ad5d5.jpg,https://www.revendadecalcados.com.br/fma600/d0af304495a5a9b65bac28e3bff4ef64.jpg,https://www.revendadecalcados.com.br/fma600/9ba142f7f27f632b3314749bfc171b8c.jpg,https://www.revendadecalcados.com.br/fma600/69a332f115225938d051e60eafe9ef9a.jpg,https://www.revendadecalcados.com.br/fma600/3c3a664bf49f0b9844fb7f71bbb2dbbc.jpg;Preto;67055
66082D;Sapato Scarpin;Sapato Scarpin;34,3|35,0|36,4|37,7|38,10|39,0;94.90;104.39;0;Torricella;Material: Napa Bege / Napa Caramelo / Metalizado Specchio Ouro Light<br />Palmilha: 8 mm de Espessura, Espuma em EVA, Revestida em Napa Caramelo e Taloneira Napa Bege<br />Enfeite: Tiras em Metalizado Specchio Ouro Light<br />Salto: 9 cm de Altura Revestido em Napa Caramelo<br />Solado de TR na cor Bege.;28 x 20 x 9.5;600;09/09/2022;1;https://www.revendadecalcados.com.br/produto-7808.html;https://www.revendadecalcados.com.br/fma600/e082f9113b7a866b30ab234fd6796180.jpg,https://www.revendadecalcados.com.br/fma600/7fa5a85463e044ae07d4f0cbab2247d1.jpg,https://www.revendadecalcados.com.br/fma600/fb56d3fcb4a35ee31516c00517aba2fe.jpg,https://www.revendadecalcados.com.br/fma600/a92b21dcbac36dedaa8fb94b3275732e.jpg,https://www.revendadecalcados.com.br/fma600/8aa62bad730800b72f8960425427e9a8.jpg,https://www.revendadecalcados.com.br/fma600/588c1de7fc6b5e80adc2bca9837a1e04.jpg,https://www.revendadecalcados.com.br/fma600/3a3bba85f629b2cbb8252075a3aea174.jpg,https://www.revendadecalcados.com.br/fma600/cbaf68439ec93a1e6f6cd8e885e8b2ac.png,https://www.revendadecalcados.com.br/fma600/8b092d66c6a10a5bde9809c67aca9026.png,https://www.revendadecalcados.com.br/fma600/10fdf5b1e8119df91fcfcb9519509803.png,https://www.revendadecalcados.com.br/fma600/85813426c121a1850eb535cae636d4b5.png;Caramelo;66082
66058H;Sapato Scarpin;Sapato Scarpin;34,5|35,4|36,9|37,3|38,3|39,0;94.90;104.39;0;Torricella;Material: Verniz Metalizado Specchio Ouro Light<br />Palmilha: 8 mm de Espessura, Espuma em EVA, Revestida em Metalizado Speechio Ouro Light e Taloneira Napa Bege<br />Enfeite: Pérola em ABS<br />Salto: 9 cm de Altura Revestido em Metalizado Speechio Ouro Light<br />Solado de Micro na cor Bege.;28 x 20 x 9.5;600;10/08/2021;1;https://www.revendadecalcados.com.br/produto-7153.html;https://www.revendadecalcados.com.br/fma600/bd6d2249d2e62efe92fdacdfa4b4b73b.jpg,https://www.revendadecalcados.com.br/fma600/98f23b92164911a7c758f15f4d9856b9.jpg,https://www.revendadecalcados.com.br/fma600/3e3b14de56b8cd65fe8fa690779d82f9.jpg,https://www.revendadecalcados.com.br/fma600/96906387c3ab41a6230e0173b9b1c45e.jpg,https://www.revendadecalcados.com.br/fma600/3e56f79c364199f016e5ad9c50695829.jpg,https://www.revendadecalcados.com.br/fma600/0159f048bfd63e5259620cbefbd79455.jpg,https://www.revendadecalcados.com.br/fma600/af0a1b665f5e854868fb4f4a1ff8dcd8.jpg,https://www.revendadecalcados.com.br/fma600/8a159878c160ccb8387d81baab5a98a2.jpg,https://www.revendadecalcados.com.br/fma600/512550a017260a4cd41107407054b312.jpg,https://www.revendadecalcados.com.br/fma600/27bce90731a9c26296bc45015eb5425a.jpg;Dourado;66058
66090;Sapato Scarpin;Sapato Scarpin;34,5|35,6|36,0|37,0|38,0|39,0;94.90;104.39;0;Torricella;Material: Napa Azul, Napa Rosa e Tela Branco<br />Palmilha: 8 mm de Espessura, Espuma em EVA, Revestida em Napa Rosa e Taloneira Napa Bege<br />Enfeite: Fivela de Ajuste na cor Dourado e Tiras em nós em Napa Branco<br />Salto: 9 cm de Altura Revestido em Napa Azul<br />Solado de TR na cor Bege.;28 x 20 x 9.5;600;26/04/2021;1;https://www.revendadecalcados.com.br/produto-7036.html;https://www.revendadecalcados.com.br/fma600/7eb5681552d838271736738f41a4bbca.jpg,https://www.revendadecalcados.com.br/fma600/4075b2ed5a65cc49c9a39d1a0482344e.jpg,https://www.revendadecalcados.com.br/fma600/0d5ac566cf2f162336f16e2b94c8e86c.jpg,https://www.revendadecalcados.com.br/fma600/f83af4c44071fad7431f1bd07883c1c5.jpg,https://www.revendadecalcados.com.br/fma600/b6c7e318dd04927ecbb2536e5d53b20b.jpg,https://www.revendadecalcados.com.br/fma600/f9d2c90f009c719d668950281d460262.jpg,https://www.revendadecalcados.com.br/fma600/03ce010e262291daefec7232711f6ea9.jpg,https://www.revendadecalcados.com.br/fma600/0912c435421c3ef5fb238c781630d3c4.jpg,https://www.revendadecalcados.com.br/fma600/84bbdacef3d45e009333797f072cb247.jpg,https://www.revendadecalcados.com.br/fma600/c0edfac213ff07ea11407e6754d2e596.jpg,https://www.revendadecalcados.com.br/fma600/7873c22ebe82118463b1c6babecb9e00.jpg;Multicolorido;
66058G;Sapato Scarpin;Sapato Scarpin;34,5|35,0|36,0|37,0|38,10|39,3;94.90;104.39;0;Torricella;Material: Verniz Off White<br />Palmilha: 8 mm de Espessura, Espuma em EVA, Revestida em Verniz Off White e Taloneira Napa Bege<br />Enfeite: Pérola em ABS<br />Salto: 9 cm de Altura Revestido em Verniz Off White<br />Solado de TR na cor Bege.;28 x 20 x 9.5;600;02/02/2021;1;https://www.revendadecalcados.com.br/produto-6937.html;https://www.revendadecalcados.com.br/fma600/4968325052872695813a616a8145abf6.jpg,https://www.revendadecalcados.com.br/fma600/0ffe8006f33e5fe638f87f88f6b5b08e.jpg,https://www.revendadecalcados.com.br/fma600/35193ae1acdf825e7a2242091fc57504.jpg,https://www.revendadecalcados.com.br/fma600/16854b8461aaba70f2d38c06cf6a9320.jpg,https://www.revendadecalcados.com.br/fma600/fb3cb016e0ecfd27077af3105767ab16.jpg,https://www.revendadecalcados.com.br/fma600/776b572eb07012f1f9bf563ad8f2fcb7.jpg,https://www.revendadecalcados.com.br/fma600/131e8e652791eb07ddd2088f7be3cfc7.jpg,https://www.revendadecalcados.com.br/fma600/c38d3664009eca4c1d1245b399d164e6.jpg,https://www.revendadecalcados.com.br/fma600/c81cdb8e277a08965e16cbc3a908e068.jpg,https://www.revendadecalcados.com.br/fma600/4ec5601f9e17ec679fa38514e8c3c374.jpg,https://www.revendadecalcados.com.br/fma600/f62d556450b073e3d39018b35a5bcd25.jpg;Off White;66058
66058D;Sapato Scarpin;Sapato Scarpin;34,3|35,8|36,8|37,5|38,2|39,0;94.90;104.39;0;Torricella;Material: Verniz Azul<br />Palmilha: 8 mm de Espessura, Espuma em EVA, Revestida em Verniz Azul e Taloneira Napa Bege<br />Enfeite: Pérola em ABS<br />Salto: 9 cm de Altura Revestido em Verniz Azul<br />Solado de TR na cor Bege.;28 x 20 x 9.5;600;02/02/2021;1;https://www.revendadecalcados.com.br/produto-6936.html;https://www.revendadecalcados.com.br/fma600/085a2662e93b781a564e13101d2ea4e6.jpg,https://www.revendadecalcados.com.br/fma600/d7f01e8434a29a95481214d28638e827.jpg,https://www.revendadecalcados.com.br/fma600/14270a48eadd46bd0a3a559d9075bca9.jpg,https://www.revendadecalcados.com.br/fma600/bfdbda78c76047511a0f9fe363341507.jpg,https://www.revendadecalcados.com.br/fma600/55d7e0bcd416fcd4d99aff7feab2d01a.jpg,https://www.revendadecalcados.com.br/fma600/3fcf0159b21e9e412e78acc7dfb43076.jpg,https://www.revendadecalcados.com.br/fma600/8fde7938eda728f510fe920bc6fb1800.jpg,https://www.revendadecalcados.com.br/fma600/48fcd18a2b2f10700699a96c7784a167.jpg,https://www.revendadecalcados.com.br/fma600/25912ffff313c542be91a2e3af55018b.jpg,https://www.revendadecalcados.com.br/fma600/03c0b398842dff59f437e319c9a66ed3.jpg;Azul;66058
66082B;Sapato Scarpin;Sapato Scarpin;34,4|35,0|36,1|37,10|38,7|39,5;94.90;104.39;0;Torricella;Material: Napa Preto / Nobuck Preto / Metalizado Speechio Ouro Light<br />Palmilha: 8 mm de Espessura, Espuma em EVA, Revestida em Napa Preto e Taloneira Napa Bege<br />Enfeite: Tiras em Metalizado Specchio Ouro Light<br />Salto: 9 cm de Altura Revestido em Napa Preto<br />Solado de TR na cor Preto.;28 x 20 x 9.5;600;27/10/2020;1;https://www.revendadecalcados.com.br/produto-6675.html;https://www.revendadecalcados.com.br/fma600/87d1050e4bb24c0b97e2935680e0b249.jpg,https://www.revendadecalcados.com.br/fma600/8fc668e43ec2c32cb42535581289e242.jpg,https://www.revendadecalcados.com.br/fma600/1e6643c147daa863190b3739b7bea7ba.jpg,https://www.revendadecalcados.com.br/fma600/12ac613d3c09dbcc3e787604ce345e02.jpg,https://www.revendadecalcados.com.br/fma600/ba045401ecec132cc0fa0eb60044947e.jpg,https://www.revendadecalcados.com.br/fma600/d749b20e411289262e424a31643f9d84.jpg,https://www.revendadecalcados.com.br/fma600/5fb4126675c7867fa2db6a996eab8d4f.png,https://www.revendadecalcados.com.br/fma600/70fa2d03e365a1941087c9c5ceb2b933.png,https://www.revendadecalcados.com.br/fma600/1a8f5cf868c14bb612479a3025f82556.png,https://www.revendadecalcados.com.br/fma600/0e83928fda4f3feb5777d0391d2424f7.png;Preto;66082
66082A;Sapato Scarpin;Sapato Scarpin;34,0|35,10|36,7|37,6|38,3|39,1;94.90;104.39;0;Torricella;Material: Napa Branco / Napa Rosê / Metalizado Specchio Rosê<br />Palmilha: 8 mm de Espessura, Espuma em EVA, Revestida em Napa Rosê e Taloneira Napa Bege<br />Enfeite: Tiras em Metalizado Specchio Rosê<br />Salto: 9 cm de Altura Revestido em Napa Rosê<br />Solado de TR na cor Bege.;28 x 20 x 9.5;600;27/10/2020;1;https://www.revendadecalcados.com.br/produto-6674.html;https://www.revendadecalcados.com.br/fma600/117109ae370f5000fa1b35094a6087e1.jpg,https://www.revendadecalcados.com.br/fma600/a94d54ce0cde7c33cd5408b4ba066e75.jpg,https://www.revendadecalcados.com.br/fma600/fba494c814f92228c9dd071184f784fb.jpg,https://www.revendadecalcados.com.br/fma600/662be0ce0fc01ee9e82c391b721dbc7f.jpg,https://www.revendadecalcados.com.br/fma600/ecbd89b3cab0ccb0c8849ded91e677f1.jpg,https://www.revendadecalcados.com.br/fma600/e40ffa5baa907d7039c622fbbafb8c8a.jpg,https://www.revendadecalcados.com.br/fma600/bfeb588b55d504ed02ff4f3350b484e6.png,https://www.revendadecalcados.com.br/fma600/9927c32ef658682505f48b23d90e0a3b.png,https://www.revendadecalcados.com.br/fma600/be7d0a87ec714fa56e09c97418cf09c9.png,https://www.revendadecalcados.com.br/fma600/d83d5990022b3a173fd547f2d9dba2b7.png;Rose;66082
66058C;Sapato Scarpin;Sapato Scarpin;34,3|35,10|36,6|37,10|38,1|39,3;94.90;104.39;0;Torricella;Material: Verniz Preto<br />Palmilha: 8 mm de Espessura, Espuma em EVA, Revestida em Verniz Preto e Taloneira Napa Bege<br />Enfeite: Pérola em ABS<br />Salto: 9 cm de Altura Revestido em Verniz Preto<br />Solado de TR na cor Preto.;28 x 20 x 9.5;600;14/08/2020;1;https://www.revendadecalcados.com.br/produto-6460.html;https://www.revendadecalcados.com.br/fma600/3eb13cede15c4e71160e0218d132b6f6.jpg,https://www.revendadecalcados.com.br/fma600/ac643e3a7028807325b51053572f251b.jpg,https://www.revendadecalcados.com.br/fma600/2174afbf19a5fe7bf9252b659832124e.jpg,https://www.revendadecalcados.com.br/fma600/eb9382488f4856caadf27702f002e32e.jpg,https://www.revendadecalcados.com.br/fma600/c270fb7111dc3d106d743780fcf74a6c.jpg,https://www.revendadecalcados.com.br/fma600/d64d69d0d127bbceb39ce79d9b1c2327.jpg,https://www.revendadecalcados.com.br/fma600/9001b6b7d3b3fdd8fcc31cedd9d0cb44.jpg,https://www.revendadecalcados.com.br/fma600/7b345d2c954f06baabd684911a373179.jpg,https://www.revendadecalcados.com.br/fma600/c8f6b3fcf11c35774ddc939f6cd481ab.jpg,https://www.revendadecalcados.com.br/fma600/2ad7231d353131489566fc687bb7b7d7.jpg,https://www.revendadecalcados.com.br/fma600/0e0ea02b36abece48a58cdb1f0a18132.jpg;Preto;66058
66058B;Sapato Scarpin;Sapato Scarpin;34,4|35,9|36,7|37,5|38,10|39,3;94.90;104.39;0;Torricella;Material: Verniz Rose<br />Palmilha: 8 mm de Espessura, Espuma em EVA, Revestida em Verniz Rose e Taloneira Napa Bege<br />Enfeite: Pérola em ABS<br />Salto: 9 cm de Altura Revestido em Verniz Rose<br />Solado de TR na cor Bege.;28 x 20 x 9.5;600;14/08/2020;1;https://www.revendadecalcados.com.br/produto-6459.html;https://www.revendadecalcados.com.br/fma600/e0a39afd68db044e8d658b21dede9df4.jpg,https://www.revendadecalcados.com.br/fma600/2e42951125680daa124296753fdd71c0.jpg,https://www.revendadecalcados.com.br/fma600/e764480c0bb3541f1c1d8dfdb90e68e9.jpg,https://www.revendadecalcados.com.br/fma600/b334b7c971bff4e1cfcc5913714da5cf.jpg,https://www.revendadecalcados.com.br/fma600/8a23731aa0ba201fa2f1d5f14ac37354.jpg,https://www.revendadecalcados.com.br/fma600/237ae8806eade0d4cae1283348ed3937.jpg,https://www.revendadecalcados.com.br/fma600/1f211b93ea1434907019276b91dfb060.jpg,https://www.revendadecalcados.com.br/fma600/4045a0443185892ae3837964dade378e.jpg,https://www.revendadecalcados.com.br/fma600/29ecd88e280a4be36062b3670b5be08f.jpg,https://www.revendadecalcados.com.br/fma600/a23642fd465249801870f872408afcfb.jpg;Rose;66058
65-16B;Bota Cano Curto;Botas;34,6|35,10|36,10|37,10|38,8|39,5;89.90;98.89;0;Torricella;Material: Napa Caramelo<br />Enfeites: Zíper na cor Caramelo (lateral interna) Fivela e Apliques na cor Dourado<br />Palmilha: 8 mm de Espessura, Espuma em EVA, e Taloneira Napa Preto<br />Forro: Cacharrel, material espumado para maior conforto na cor Bege<br />Salto: 9 cm de Altura encapado em Napa Caramelo<br />Solado de PVC na cor Bege.;28.5 x 23.5 x 9.5;800;16/04/2025;1;https://www.revendadecalcados.com.br/produto-8770.html;https://www.revendadecalcados.com.br/fma600/412d131bd7292feb90e1c818e15e24a3.jpg,https://www.revendadecalcados.com.br/fma600/2d326059e9013a93fd0124351e676b17.jpg,https://www.revendadecalcados.com.br/fma600/648701b5fbb98e7fa582e81bb0367b0f.jpg,https://www.revendadecalcados.com.br/fma600/011a00daaf8a648b2f1dbe7423f3563b.jpg,https://www.revendadecalcados.com.br/fma600/b733858d92323c7bac3d66790daa5bc5.jpg,https://www.revendadecalcados.com.br/fma600/f66443b04882ae85fd2a5c49fd871f8c.jpg,https://www.revendadecalcados.com.br/fma600/55714679d053644ed95aaed4d9902c46.png,https://www.revendadecalcados.com.br/fma600/478ffcdf572ad07007c94bf9428ffae5.png,https://www.revendadecalcados.com.br/fma600/f6c9a4c6db569c0eb85e3887402a5d7b.png,https://www.revendadecalcados.com.br/fma600/46876fba3f458052020237bbddfc7d54.jpg,https://www.revendadecalcados.com.br/fma600/b3fa608033ab88170ec93caec4d93dd6.jpg,https://www.revendadecalcados.com.br/fma600/07deca2cb6f223fde7b0e1c1bd373fb4.jpg,https://www.revendadecalcados.com.br/fma600/ea9a7a07d0ab288ead5fee34733cfa2f.jpg,https://www.revendadecalcados.com.br/fma600/3765bd4d23147f734dd6194508e7962e.jpg;Caramelo;65-16
300.96B;Sandália Feminina;Sandálias;34,0|35,5|36,2|37,4|38,4|39,2;89.90;98.89;0;Torricella;Material: Metalizado Speechio Ouro Light<br />Palmilha: 8 mm de Espessura, Espuma em EVA, Revestida em Metalizado Speechio Ouro Light e Taloneira Napa Bege<br />Enfeite: Fivela de Ajuste na Cor Dourado e Flor em Metalizado Speechio Ouro Light<br />Salto: 9,5 cm de Altura Revestido em Metalizado Speechio Ouro Light<br />Solado de TR na cor Bege.;28 x 20 x 9.5;600;17/10/2023;1;https://www.revendadecalcados.com.br/produto-8351.html;https://www.revendadecalcados.com.br/fma600/14f1cb1bb583b07cf9e3ddc6676e38ce.jpg,https://www.revendadecalcados.com.br/fma600/e7e62a3ea40cb3641a43fc40ab793f10.jpg,https://www.revendadecalcados.com.br/fma600/e5aea6c71d42bb9e1d3a0866c6615d3b.jpg,https://www.revendadecalcados.com.br/fma600/0d7c14bb66021c38cb38bb7d3535b163.jpg,https://www.revendadecalcados.com.br/fma600/e6503efd64ecf8767ab5735f96ae67da.jpg,https://www.revendadecalcados.com.br/fma600/0328a09455a9711e0228dd8e52b12f9b.jpg;Dourado;300.96
301.26A;Sandália Feminina;Sandálias;34,3|35,0|36,2|37,7|38,2|39,1;89.90;98.89;0;Torricella;Material: Napa Preto<br />Palmilha: 8 mm de Espessura, Espuma em EVA, Revestida em Napa Preto e Taloneira Napa Preto<br />Enfeite: Fivela de Ajuste na Cor Dourado e enfeite em ABS na cor Dourado<br />Salto: 9,5 cm de Altura Revestido em Napa Preto<br />Solado de TR na cor Preto.;28.5 x 23.5 x 9.5;800;17/10/2023;1;https://www.revendadecalcados.com.br/produto-8343.html;https://www.revendadecalcados.com.br/fma600/bb61d69db93d806afb7898ba77518076.jpg,https://www.revendadecalcados.com.br/fma600/081fda5481f904a22d8b67258d082281.jpg,https://www.revendadecalcados.com.br/fma600/18c6233e97a038cfb4f2a88544f78ce3.jpg,https://www.revendadecalcados.com.br/fma600/b929ddb4a50f97df62ca9662547239d7.jpg,https://www.revendadecalcados.com.br/fma600/3e4bd71413fcb594f4fbc9068886049d.jpg,https://www.revendadecalcados.com.br/fma600/1888d54ed00423722a524e98b5a9e141.jpg;Preto;301.26
65-04D;Bota Cano Curto;Botas;34,9|35,10|36,10|37,10|38,10|39,6;84.90;93.39;0;Torricella;Material: Verniz Preto<br />Enfeites: Zíper na cor Preto (lateral interna)<br />Palmilha: 8 mm de Espessura, Espuma em EVA, e Taloneira Napa Preto<br />Forro: Cacharrel, material espumado para maior conforto na cor Preto<br />Salto: 9 cm de Altura encapado em Verniz Preto<br />Solado de PVC na cor Preto.;28 x 20 x 9.5;600;19/03/2024;1;https://www.revendadecalcados.com.br/produto-8497.html;https://www.revendadecalcados.com.br/fma600/8af25890370530abfa90e436401c224f.jpg,https://www.revendadecalcados.com.br/fma600/2de858225f13371b092b503afb78b8fa.jpg,https://www.revendadecalcados.com.br/fma600/418e51d1078bc61858859fb2b9304b00.jpg,https://www.revendadecalcados.com.br/fma600/1241c668d0550bed004d28447d4c8ce7.jpg,https://www.revendadecalcados.com.br/fma600/e35d036745402074d68f16ced2b65379.jpg,https://www.revendadecalcados.com.br/fma600/175af028f7a9ac555911b93a6ced829c.jpg,https://www.revendadecalcados.com.br/fma600/216fcf8b22b635e4026938e9c1bb593c.jpg,https://www.revendadecalcados.com.br/fma600/fc8a7957febf9deaedc3d4477d6c50de.jpg,https://www.revendadecalcados.com.br/fma600/1a851d8c15b6143b65714654093cccbe.jpg,https://www.revendadecalcados.com.br/fma600/e405104ec9def910e49966348c389061.jpg,https://www.revendadecalcados.com.br/fma600/555a3c42386c66f674139994ab1b3b77.jpg,https://www.revendadecalcados.com.br/fma600/4f4977e35c2459bf6ab6554c707154aa.jpg,https://www.revendadecalcados.com.br/fma600/e8ad55b4a60b39bb4b2cc9399fe9d80b.jpg,https://www.revendadecalcados.com.br/fma600/f44ce65eaf2cfe81dbf6b1a3ef0fad01.jpg,https://www.revendadecalcados.com.br/fma600/5aeccdf7680aafde36485c0713df5340.png,https://www.revendadecalcados.com.br/fma600/8bc6f49c8ee0d35041f3182dbd775b20.png,https://www.revendadecalcados.com.br/fma600/5deb8c0c0e7bfa9df17ad9795b1f3e30.png,https://www.revendadecalcados.com.br/fma600/2fbdb0e6fd74229ee15208b0f9f0c858.png,https://www.revendadecalcados.com.br/fma600/7d4ea5b472c539fec9c6d30f79a87277.png,https://www.revendadecalcados.com.br/fma600/7aff9a980fcf962888c43c97ecb2ccf2.png,https://www.revendadecalcados.com.br/fma600/cc97fc134c4d6986ba89835aa05a8cdc.png,https://www.revendadecalcados.com.br/fma600/2138dab7ac34668d3ffdafffabbc1c5c.png,https://www.revendadecalcados.com.br/fma600/ef507fd9896ed4cef8a454131d78bfe9.png;Preto;65-04
65-04C;Bota Cano Curto;Botas;34,10|35,10|36,10|37,10|38,10|39,10;84.90;93.39;0;Torricella;Material: Napa Caramelo<br />Enfeites: Zíper na cor Caramelo (lateral interna)<br />Palmilha: 8 mm de Espessura, Espuma em EVA, e Taloneira Napa Preto<br />Forro: Cacharrel, material espumado para maior conforto na cor Bege<br />Salto: 9 cm de Altura encapado em Napa Caramelo<br />Solado de PVC na cor Bege.;28 x 20 x 9.5;600;19/03/2024;1;https://www.revendadecalcados.com.br/produto-8496.html;https://www.revendadecalcados.com.br/fma600/db7fd7aaf354d1de10016ba5fe009a4a.jpg,https://www.revendadecalcados.com.br/fma600/95456a97b8e72e697943136d371625fe.jpg,https://www.revendadecalcados.com.br/fma600/f6eea610e4a7aa5b655cc2445b60cb80.jpg,https://www.revendadecalcados.com.br/fma600/8242ee1873907f9a758eb4153884a569.jpg,https://www.revendadecalcados.com.br/fma600/465f7e4a20a60321a47fb471c647da7b.jpg,https://www.revendadecalcados.com.br/fma600/976a666839ecbf17fabeb6f95fb6b720.jpg,https://www.revendadecalcados.com.br/fma600/5c58746adf981fdbe933e3e86f0d3392.jpg,https://www.revendadecalcados.com.br/fma600/dc38ee80e3f47e67e9a92b31da6dda49.jpg,https://www.revendadecalcados.com.br/fma600/c6d4e4b35c5c3f0d7df269b3a08efdee.jpg,https://www.revendadecalcados.com.br/fma600/799fe1d84bdbbab7a3b35dbfde6a9f36.jpg,https://www.revendadecalcados.com.br/fma600/15ffc4032eda2b5a752183c49aac5617.jpg,https://www.revendadecalcados.com.br/fma600/06a4e977b8984fd86b4f52c1004fd687.jpg,https://www.revendadecalcados.com.br/fma600/1138dd7ffdb432ea43e181bc3a03f771.jpg,https://www.revendadecalcados.com.br/fma600/945b60b5232112a2b968c1441e6903e7.png,https://www.revendadecalcados.com.br/fma600/0c3b0bffb085ebfc8fb201a156f7af06.png;Caramelo;65-04
65-04B;Bota Cano Curto;Botas;34,10|35,10|36,10|37,10|38,10|39,10;84.90;93.39;0;Torricella;Material: Napa Branco<br />Enfeites: Zíper na cor Branco (lateral interna)<br />Palmilha: 8 mm de Espessura, Espuma em EVA, e Taloneira Napa Preto<br />Forro: Cacharrel, material espumado para maior conforto na cor Bege<br />Salto: 9 cm de Altura encapado em Napa Branco<br />Solado de PVC na cor Bege.;28 x 20 x 9.5;600;19/03/2024;1;https://www.revendadecalcados.com.br/produto-8495.html;https://www.revendadecalcados.com.br/fma600/e01520cac71912a619e8d52c1887f0bb.jpg,https://www.revendadecalcados.com.br/fma600/bb295d01a7ef00f6d8816e6f5fa478d5.jpg,https://www.revendadecalcados.com.br/fma600/c53599e07d5301d69756aac913b07c12.jpg,https://www.revendadecalcados.com.br/fma600/66c335e965b5afd65a9bfb2489c10a93.jpg,https://www.revendadecalcados.com.br/fma600/d2ed81c4c073c0ba8e951be4086d3acb.jpg,https://www.revendadecalcados.com.br/fma600/f4c3298bc03244a059f8cc34bf6431ef.jpg,https://www.revendadecalcados.com.br/fma600/bfcf028929ed4ca8d72178c8235ed23e.jpg,https://www.revendadecalcados.com.br/fma600/db7507a679ba614c729a4c20d59c0edc.jpg,https://www.revendadecalcados.com.br/fma600/cf129983b963ec0fac4454f4b94bd42c.jpg,https://www.revendadecalcados.com.br/fma600/7a8ba5df9b77ebb76d05876d2c7da136.jpg,https://www.revendadecalcados.com.br/fma600/220f37c4bb295ccda79d11487b6f547d.jpg,https://www.revendadecalcados.com.br/fma600/4aa24588889977a691b1a9f309152374.jpg,https://www.revendadecalcados.com.br/fma600/7147de858281780a98b6f196492b677e.png,https://www.revendadecalcados.com.br/fma600/a3994a8ae4c3231a3cb849ac38a2822c.png,https://www.revendadecalcados.com.br/fma600/05d8ff3ef0d64830626e75eab9ab0d2b.png,https://www.revendadecalcados.com.br/fma600/3b28a8bbad603ace99a1794a1e3aaa54.png;Branco;65-04
65-04A;Bota Cano Curto;Botas;34,10|35,10|36,10|37,10|38,10|39,10;84.90;93.39;0;Torricella;Material: Napa Preto<br />Enfeites: Zíper na cor Preto (lateral interna)<br />Palmilha: 8 mm de Espessura, Espuma em EVA, e Taloneira Napa Preto<br />Forro: Cacharrel, material espumado para maior conforto na cor Preto<br />Salto: 9 cm de Altura encapado em Napa Preto<br />Solado de PVC na cor Preto.;28 x 20 x 9.5;600;19/03/2024;1;https://www.revendadecalcados.com.br/produto-8494.html;https://www.revendadecalcados.com.br/fma600/8c4e2ae9d7327966593bea0adac5b8b4.jpg,https://www.revendadecalcados.com.br/fma600/9962070dddfc233ca3eb87aa70c72e8a.jpg,https://www.revendadecalcados.com.br/fma600/5bebf3323e82f8a2090363815bc0af6f.jpg,https://www.revendadecalcados.com.br/fma600/dad1894fdb861b7f1f85eae2f15bb03f.jpg,https://www.revendadecalcados.com.br/fma600/5e0fc01416b29bb96b4d276b1c68e5f5.jpg,https://www.revendadecalcados.com.br/fma600/0ba9e6f1f911163b244fe5e4693c249f.jpg,https://www.revendadecalcados.com.br/fma600/e80e2a38d4410ce819e1482779fd2be5.jpg,https://www.revendadecalcados.com.br/fma600/04339d0c211c762b5c5f5f0490d4f65e.jpg,https://www.revendadecalcados.com.br/fma600/5eb78dd9718eeed567ea6fbc3762f41d.jpg,https://www.revendadecalcados.com.br/fma600/22395a0cec19626f982c86979a6d270c.jpg,https://www.revendadecalcados.com.br/fma600/7432c7d0052b92ff81302379596be67b.jpg,https://www.revendadecalcados.com.br/fma600/c65f3fa174008809e058e1def152db92.jpg,https://www.revendadecalcados.com.br/fma600/f4c7aafdcbbe08c8ec4670cba7fb1a34.jpg,https://www.revendadecalcados.com.br/fma600/8bbb4935fddd3902f2f13bd86f5f580b.jpg;Preto;65-04
4071A;Sandália Plataforma de Cunha Anabela;Anabela;34,2|35,5|36,4|37,2|38,5|39,4;79.90;87.89;0;Torricella;Material: Napa Caramelo e Napa Bege<br />Enfeite: Fivela de Ajuste na cor Dourado<br />Palmilha: 4 mm de Espessura, Espuma em EVA, Revestida em Napa Ouro Lighte Taloneira Napa Bege<br />Plataforma: Traseiro/Salto com 7 cm de Altura, Revestido em Cortiça<br />Solado de PVC na cor Bege.;28 x 20 x 9.5;600;20/08/2025;1;https://www.revendadecalcados.com.br/produto-8827.html;https://www.revendadecalcados.com.br/fma600/5ff759646c34acd29305da066941297c.jpg,https://www.revendadecalcados.com.br/fma600/901c3298ad3ca5cecc20ff1ad6f49536.jpg,https://www.revendadecalcados.com.br/fma600/3e00a559cdcd1b7b639fde52a89f0ed1.jpg,https://www.revendadecalcados.com.br/fma600/c1329f59e4840aba065b57b028fa0dae.jpg,https://www.revendadecalcados.com.br/fma600/4c03811bb217375dfece027bb2eae3c6.jpg,https://www.revendadecalcados.com.br/fma600/746fcc3bb82935e43faf04361b879684.jpg;Multicolorido;4071
4072B;Sandália Plataforma de Cunha Anabela;Anabela;34,1|35,2|36,7|37,3|38,4|39,3;79.90;87.89;0;Torricella;Material: Napa Caramelo<br />Enfeite: Ilhós na cor Dourado e tira de Gorgorão na cor Caramelo<br />Palmilha: 4 mm de Espessura, Espuma em EVA, Revestida em Napa Caramelo e Taloneira Napa Bege<br />Plataforma: Traseiro/Salto com 7 cm de Altura, Revestido em Tecido na cor Bege<br />Solado de PVC na cor Bege.;28 x 20 x 9.5;600;25/08/2025;1;https://www.revendadecalcados.com.br/produto-8826.html;https://www.revendadecalcados.com.br/fma600/9c01f68b3313afa2273cb00e1714945f.jpg,https://www.revendadecalcados.com.br/fma600/2d0a51486e5d38a30b5f20a2f9db164e.jpg,https://www.revendadecalcados.com.br/fma600/9d0e389ee7ac9ea12447d7050b8a478d.jpg,https://www.revendadecalcados.com.br/fma600/d07290a23a314ead2bb02935661d9548.jpg,https://www.revendadecalcados.com.br/fma600/c0e7cf177658dfbf094466902d12d21d.jpg,https://www.revendadecalcados.com.br/fma600/03f6d2bcaa2b9efa296374fe301dfb1c.jpg,https://www.revendadecalcados.com.br/fma600/9447224b3240f2cdd4623ea68c9c92e6.jpg;Caramelo;4072
4072A;Sandália Plataforma de Cunha Anabela;Anabela;34,2|35,4|36,5|37,0|38,2|39,2;79.90;87.89;0;Torricella;Material: Napa Preto<br />Enfeite: Ilhós na cor Dourado e tira de Gorgorão na cor Preto<br />Palmilha: 4 mm de Espessura, Espuma em EVA, Revestida em Napa Preto e Taloneira Napa Preto<br />Plataforma: Traseiro/Salto com 7 cm de Altura, Revestido em Tecido na cor Bege<br />Solado de PVC na cor Preto.;28 x 20 x 9.5;600;25/08/2025;1;https://www.revendadecalcados.com.br/produto-8825.html;https://www.revendadecalcados.com.br/fma600/e116d24d221636e51705dcfc27192fb2.jpg,https://www.revendadecalcados.com.br/fma600/f710398c82e1d71722d3b403d14277ac.jpg,https://www.revendadecalcados.com.br/fma600/fe8baffd70fe9a5782a172ed2706413b.jpg,https://www.revendadecalcados.com.br/fma600/b93a6a44e84dc5e0a666c3275705f895.jpg,https://www.revendadecalcados.com.br/fma600/091b3eaac752900326a7dd6f3de9b212.jpg,https://www.revendadecalcados.com.br/fma600/60ca24ee0fbd227d057af7d94fe35772.jpg,https://www.revendadecalcados.com.br/fma600/89d6ceb6d03815caab09a761f491dde1.jpg;Preto;4072
4074A;Sandália Plataforma de Cunha Anabela;Anabela;34,2|35,1|36,0|37,1|38,1|39,0;79.90;87.89;0;Torricella;Material: Camurção Preto<br />Enfeite: Fivela de Ajuste na cor Dourado<br />Palmilha: 4 mm de Espessura, Espuma em EVA, Revestida em Camurção Preto e Taloneira Napa Preto<br />Plataforma: Traseiro/Salto com 7 cm de Altura, Revestido em Cortiça<br />Solado de PVC na cor Preto.;28 x 20 x 9.5;600;20/08/2025;1;https://www.revendadecalcados.com.br/produto-8823.html;https://www.revendadecalcados.com.br/fma600/531628fa52783b77ad8b161d0e7d3e00.jpg,https://www.revendadecalcados.com.br/fma600/8dd9a52a7626f2e5ec561b47049ed675.jpg,https://www.revendadecalcados.com.br/fma600/5f7657c18d81d46e0a369d7145c4b315.jpg,https://www.revendadecalcados.com.br/fma600/ff3a24ec8d669ea41f1820c5d752cb76.jpg,https://www.revendadecalcados.com.br/fma600/e34a8316d2f8c7960d842c8c80587fab.jpg,https://www.revendadecalcados.com.br/fma600/17fd970e9452805bafc08e31b733db51.jpg;Preto;4074
4073A;Sandália Plataforma de Cunha Anabela;Anabela;34,2|35,1|36,1|37,9|38,1|39,3;79.90;87.89;0;Torricella;Material: Napa Off White, Napa Rosa, Napa Azul e Napa Bege<br />Enfeite: Fivela de Ajuste na cor Dourado<br />Palmilha: 4 mm de Espessura, Espuma em EVA, Revestida em Napa Bege e Taloneira Napa Bege<br />Plataforma: Traseiro/Salto com 7 cm de Altura, Revestido em Cortiça<br />Solado de PVC na cor Bege.;28 x 20 x 9.5;600;20/08/2025;1;https://www.revendadecalcados.com.br/produto-8822.html;https://www.revendadecalcados.com.br/fma600/6e617159aa094e5f9be53de599d31b56.jpg,https://www.revendadecalcados.com.br/fma600/2a61e70704959d1c377d46314fffd50f.jpg,https://www.revendadecalcados.com.br/fma600/eff1566e84bb5b4deaa155140cd88b2c.jpg,https://www.revendadecalcados.com.br/fma600/8194ec65f5d2501a1e828ae9aeb6a0c2.jpg,https://www.revendadecalcados.com.br/fma600/65291152ccddab1df1d727ddd84d9078.jpg,https://www.revendadecalcados.com.br/fma600/ceec7615bc5e1f6d17a4ec80694ed7ef.jpg;Multicolorido;4073
4068B;Sandália Anabela Feminina Tamanco;Anabela;34,2|35,5|36,6|37,9|38,0|39,1;79.90;87.89;0;Torricella;Material: Verniz Metalizado Specchio Prata<br />Palmilha: 8 mm de Espessura, Espuma em EVA, Revestida em Verniz Metalizado Specchio Prata e Taloneira Napa Bege<br />Salto: Cunha com 7 cm de altura revestida em Verniz Metalizado Specchio Prata<br />Solado de TR com antiderrapante na cor Bege.;28 x 20 x 9.5;600;20/08/2025;1;https://www.revendadecalcados.com.br/produto-8816.html;https://www.revendadecalcados.com.br/fma600/d860bddec9fff17f6dc203fe022a4e11.jpg,https://www.revendadecalcados.com.br/fma600/acaa92b6e7aeecba1fe958b55ebca07b.jpg,https://www.revendadecalcados.com.br/fma600/f553be716dae89cb225eb12e5daa9c52.jpg,https://www.revendadecalcados.com.br/fma600/80ecec17d4dbc7e62456cabe910fdec5.jpg,https://www.revendadecalcados.com.br/fma600/aa1561f7fc169bf3d5afd8ec2dc9e2c8.jpg,https://www.revendadecalcados.com.br/fma600/b5d768820364dcbab3aad04dd6e8fe61.jpg;Prata;4068
4068A;Sandália Anabela Feminina Tamanco;Anabela;34,3|35,10|36,6|37,7|38,1|39,0;79.90;87.89;0;Torricella;Material: Verniz Metalizado Specchio Ouro Light<br />Palmilha: 8 mm de Espessura, Espuma em EVA, Revestida em Verniz Metalizado Specchio Ouro Light e Taloneira Napa Bege<br />Salto: Cunha com 7 cm de altura revestida em Verniz Metalizado Specchio Ouro Light<br />Solado de TR com antiderrapante na cor Bege.;28 x 20 x 9.5;600;20/08/2025;1;https://www.revendadecalcados.com.br/produto-8815.html;https://www.revendadecalcados.com.br/fma600/2c15db0b1d1f8ff29c1a3d176146d2ac.jpg,https://www.revendadecalcados.com.br/fma600/a99d079f76972f2a63c1da930481ac19.jpg,https://www.revendadecalcados.com.br/fma600/adb325874a159f743d206fb42eec407c.jpg,https://www.revendadecalcados.com.br/fma600/ebf080df24cdfb2a2e87666684da346a.jpg,https://www.revendadecalcados.com.br/fma600/2118226ebaf16958da6ee9d2bf22e81d.jpg,https://www.revendadecalcados.com.br/fma600/9c97be00721858208178de344792b4a5.jpg;Dourado;4068
104F;Sandália Feminina;Sandálias;34,2|35,3|36,8|37,5|38,0|39,3;79.90;87.89;0;Torricella;Material: Napa Bege<br />Enfeite: Fivela de Ajuste na cor Dourado<br />Palmilha: 8 mm de Espessura, Espuma em EVA, Revestida em Napa Bege e Taloneira Napa Bege<br />Salto: Grosso com 9 cm de Altura Revestido em Napa Bege<br />Solado de TR com antiderrapante na cor Bege.;28 x 20 x 9.5;600;10/10/2024;1;https://www.revendadecalcados.com.br/produto-8619.html;https://www.revendadecalcados.com.br/fma600/79547f06ec71c9e62d3dc4b623955313.jpg,https://www.revendadecalcados.com.br/fma600/dfbe672fe4ffa298944975ee0782a027.jpg,https://www.revendadecalcados.com.br/fma600/29cf14687ae4cd264da4aa6c11a2ab47.jpg,https://www.revendadecalcados.com.br/fma600/e9a4b2ebfc64928825bef37bd696d1ac.jpg,https://www.revendadecalcados.com.br/fma600/051b9ba42bbf610ce2dac6e679c9103d.jpg,https://www.revendadecalcados.com.br/fma600/54141eec1dbc02e9f03d987d8bb99f9b.jpg,https://www.revendadecalcados.com.br/fma600/3b7e254e2a4b70526a930de081eaa71d.jpg,https://www.revendadecalcados.com.br/fma600/d01b051b4ed95b2b56de51e45201e566.jpg,https://www.revendadecalcados.com.br/fma600/f8c029d4cd2c44605254ba7dc74b47e1.jpg,https://www.revendadecalcados.com.br/fma600/3b7a65e44f70dbfbe3f5eee4e70cee5b.jpg;Bege;104
104E;Sandália Feminina;Sandálias;34,5|35,0|36,4|37,8|38,5|39,2;79.90;87.89;0;Torricella;Material: Napa Off White<br />Enfeite: Fivela de Ajuste na cor Dourado<br />Palmilha: 8 mm de Espessura, Espuma em EVA, Revestida em Napa Off White e Taloneira Napa Bege<br />Salto: Grosso com 9 cm de Altura Revestido em Napa Off White<br />Solado de TR com antiderrapante na cor Bege.;28 x 20 x 9.5;600;10/10/2024;1;https://www.revendadecalcados.com.br/produto-8618.html;https://www.revendadecalcados.com.br/fma600/8fba31d6de5a17b04b9037cc7066f5e8.jpg,https://www.revendadecalcados.com.br/fma600/c0524d9af969d931466a43f22f078a16.jpg,https://www.revendadecalcados.com.br/fma600/cb99f61911a79de99493a03c45def79a.jpg,https://www.revendadecalcados.com.br/fma600/0dc622dbd1593d5a8f8613d054cc41c6.jpg,https://www.revendadecalcados.com.br/fma600/ef3d6078e353f7ab7c76bde91c5c3920.jpg,https://www.revendadecalcados.com.br/fma600/23dfa8a80de085316641f0ef65735b21.jpg,https://www.revendadecalcados.com.br/fma600/d5e9035036b86d466b275eaaa9ad58b9.jpg,https://www.revendadecalcados.com.br/fma600/0e76dba2cd926bf004fec99e9c649e3f.jpg,https://www.revendadecalcados.com.br/fma600/e97f0b7060663f3f458e0fe034073283.jpg,https://www.revendadecalcados.com.br/fma600/437e6a72c7f37bbbfc840eadbc84d79b.jpg,https://www.revendadecalcados.com.br/fma600/bca77474606b26efb052c19d2b6b838d.jpg,https://www.revendadecalcados.com.br/fma600/77a51b34ac035d35db2458c3ac25da89.jpg,https://www.revendadecalcados.com.br/fma600/27cbdd8a63da127208a6640d214ea0a3.jpg,https://www.revendadecalcados.com.br/fma600/585e085e3ccf960f9a171b00f2143fba.jpg,https://www.revendadecalcados.com.br/fma600/72ca706b229c4be6a47d30096c935767.jpg,https://www.revendadecalcados.com.br/fma600/c28b08dfbb4d590e8fc5e1dc128b976c.jpg,https://www.revendadecalcados.com.br/fma600/106d6692a5a111d89448e60baa024f6f.jpg,https://www.revendadecalcados.com.br/fma600/b57352cfaa0e61122b09298fcf038bcd.jpg,https://www.revendadecalcados.com.br/fma600/9679582bb8cd2eb43621fabbc42d773f.jpg,https://www.revendadecalcados.com.br/fma600/94285b0f4d56f65a373d83765d9c1f37.jpg;Off White;104
104B;Sandália Feminina;Sandálias;34,8|35,4|36,0|37,10|38,8|39,10;79.90;87.89;0;Torricella;Material: Napa Metalizado Ouro Light<br />Enfeite: Fivela de Ajuste na cor Dourado<br />Palmilha: 8 mm de Espessura, Espuma em EVA, Revestida em Napa Metalizado Ouro Light e Taloneira Napa Bege<br />Salto: Grosso com 9 cm de Altura Revestido em Napa Metalizado Ouro Light<br />Solado de TR com antiderrapante na cor Bege.;28 x 20 x 9.5;600;11/08/2023;1;https://www.revendadecalcados.com.br/produto-8164.html;https://www.revendadecalcados.com.br/fma600/af7b62a9a3f1f82b1206d2500f337ca3.jpg,https://www.revendadecalcados.com.br/fma600/66c40b246192a7e463ef25511d807fe5.jpg,https://www.revendadecalcados.com.br/fma600/a483ab5375a5a7db05e27084965c0f9d.jpg,https://www.revendadecalcados.com.br/fma600/f1573830aa84749279192ecf08d51cc6.jpg,https://www.revendadecalcados.com.br/fma600/5a494aa67fa9dc6a054c8a04339e949d.jpg,https://www.revendadecalcados.com.br/fma600/0600b39690613f309810003133df7232.jpg,https://www.revendadecalcados.com.br/fma600/7442288640d8f130ba77a9093798ea73.jpg,https://www.revendadecalcados.com.br/fma600/d5beb8afcf54c6ee83f0005e9e624339.jpg;Dourado;104
104A;Sandália Feminina;Sandálias;34,4|35,10|36,1|37,1|38,6|39,9;79.90;87.89;0;Torricella;Material: Napa Preto<br />Enfeite: Fivela de Ajuste na cor Dourado<br />Palmilha: 8 mm de Espessura, Espuma em EVA, Revestida em Napa Preto e Taloneira Napa Preto<br />Salto: Grosso com 9 cm de Altura Revestido em Napa Preto<br />Solado de TR com antiderrapante na cor Preto.;28 x 20 x 9.5;600;11/08/2023;1;https://www.revendadecalcados.com.br/produto-8163.html;https://www.revendadecalcados.com.br/fma600/35d9cd8c09c4e1d517aa7adcbb1c77a5.jpg,https://www.revendadecalcados.com.br/fma600/5131568a454ccacb54b52b248a62916c.jpg,https://www.revendadecalcados.com.br/fma600/9957d970ac1461bfd3d08ad97d8159b4.jpg,https://www.revendadecalcados.com.br/fma600/112587ad731a897bb7b63aa148d60ad2.jpg,https://www.revendadecalcados.com.br/fma600/cdb9c4d43b05b343dfaff127dbe29b00.jpg,https://www.revendadecalcados.com.br/fma600/353359f0082f6527ccecebbbfd2f51f3.jpg,https://www.revendadecalcados.com.br/fma600/a1a9b91c6402a34015126ab299a5582a.jpg,https://www.revendadecalcados.com.br/fma600/6fe60db0f559ee4bc1b4bb590f7e38b4.jpg;Preto;104
65-18I;Sapato Scarpin;Sapato Scarpin;34,0|35,0|36,0|37,2|38,0|39,0;74.90;82.39;0;Torricella;Material: Croco Marrom Caramelo / Napa Marrom Caramelo<br />Forro: Cacharrel, material espumado para maior conforto, na cor Bege<br />Palmilha: 8 mm de Espessura, Espuma em EVA e Taloneira Napa Bege<br />Salto: Grosso com 9 cm de Altura Revestido em Croco Marrom Caramelo<br />Solado de PVC com antiderrapante na cor Bege.;28 x 20 x 9.5;600;04/02/2026;1;https://www.revendadecalcados.com.br/produto-8909.html;https://www.revendadecalcados.com.br/fma600/94d6ebbc14755bab5e0f2ce79f598d61.jpg,https://www.revendadecalcados.com.br/fma600/caf5075c7588fb4aaad4e3c4675727d1.jpg,https://www.revendadecalcados.com.br/fma600/f6483381ccecb7805b8211a782915f5e.jpg,https://www.revendadecalcados.com.br/fma600/929e1492ae5a601d998f21f7d700a79f.jpg,https://www.revendadecalcados.com.br/fma600/e682fc2964eb3626477bf0a79da9be66.jpg,https://www.revendadecalcados.com.br/fma600/19b5feca15c89e7d0995a8a7219a96d0.jpg,https://www.revendadecalcados.com.br/fma600/fd46976eeca602ae10b7ce8229a46197.jpg,https://www.revendadecalcados.com.br/fma600/e20e20c8a8ca185c8103013b29b6ed9f.jpg,https://www.revendadecalcados.com.br/fma600/9e693f8be9f148dcd48ab60e310c4f8f.jpg,https://www.revendadecalcados.com.br/fma600/3e13842cb0226e760bc8850193830bc9.jpg,https://www.revendadecalcados.com.br/fma600/e1eff9976e7bed0c8e1bca23c8f80040.jpg,https://www.revendadecalcados.com.br/fma600/8dbc7d14eae3a50c02a15f9998e3a89b.jpg,https://www.revendadecalcados.com.br/fma600/65ef7f7ee4c314809f99fc97be9957b5.jpg;Caramelo;65-18
65-18H;Sapato Scarpin;Sapato Scarpin;34,0|35,0|36,0|37,0|38,0|39,0;74.90;82.39;0;Torricella;Material: Croco Bordô Marsala / Napa Bordô Marsala<br />Forro: Cacharrel, material espumado para maior conforto, na cor Bege<br />Palmilha: 8 mm de Espessura, Espuma em EVA e Taloneira Napa Bege<br />Salto: Grosso com 9 cm de Altura Revestido em Croco Bordô Marsala<br />Solado de PVC com antiderrapante na cor Bege.;28 x 20 x 9.5;600;04/02/2026;1;https://www.revendadecalcados.com.br/produto-8908.html;https://www.revendadecalcados.com.br/fma600/292f1499bc3eed0bb7f0a03ace5229fd.jpg,https://www.revendadecalcados.com.br/fma600/9faecfedb838588f6dfa13d90cb66fd2.jpg,https://www.revendadecalcados.com.br/fma600/7ffb80f9126b16c5aa3bfeac435d464a.jpg,https://www.revendadecalcados.com.br/fma600/71b9fdf9dda6fd6d215d370f63a774fb.jpg,https://www.revendadecalcados.com.br/fma600/e2001112e7aae8d41a5f7c2844e81930.jpg,https://www.revendadecalcados.com.br/fma600/1347cfe182f7facacacd492740de7c60.jpg,https://www.revendadecalcados.com.br/fma600/3c5d6b0c2a0487d45cf2ec28469d1de4.jpg,https://www.revendadecalcados.com.br/fma600/76b5657a08ba9aae50047b2876106129.jpg,https://www.revendadecalcados.com.br/fma600/df22f3a337e3a27d0cf154169cf5bd30.jpg,https://www.revendadecalcados.com.br/fma600/76b8f73fcd514c03208b21ee983a7894.jpg,https://www.revendadecalcados.com.br/fma600/5dab51ce8b563ca145e4169dd8c43521.jpg;Vermelho;65-18
65-18G;Sapato Scarpin;Sapato Scarpin;34,1|35,0|36,0|37,0|38,4|39,0;74.90;82.39;0;Torricella;Material: Croco Azul Marinho / Napa Azul Marinho<br />Forro: Cacharrel, material espumado para maior conforto, na cor Bege<br />Palmilha: 8 mm de Espessura, Espuma em EVA e Taloneira Napa Bege<br />Salto: Grosso com 9 cm de Altura Revestido em Croco Azul Marinho<br />Solado de PVC com antiderrapante na cor Bege.;28 x 20 x 9.5;600;04/02/2026;1;https://www.revendadecalcados.com.br/produto-8907.html;https://www.revendadecalcados.com.br/fma600/9706e861ebdb919e81f778210cf7e26f.jpg,https://www.revendadecalcados.com.br/fma600/da56d9e44ff082b4c488d342783b8549.jpg,https://www.revendadecalcados.com.br/fma600/ad9b99468003db0ee57e8dbe452463b5.jpg,https://www.revendadecalcados.com.br/fma600/e4fa9d11d0b8b245a0ff5b7acd585e05.jpg,https://www.revendadecalcados.com.br/fma600/3d7ce051add473b87a2928f557e54ae5.jpg,https://www.revendadecalcados.com.br/fma600/5e9481ba3cd3cbba6f2c3469d6b9ba65.jpg,https://www.revendadecalcados.com.br/fma600/9131606eee464a1844be5c64f29e0b93.jpg,https://www.revendadecalcados.com.br/fma600/cdd36eaf726a27b59d95820ee6720101.jpg,https://www.revendadecalcados.com.br/fma600/8f01e8603ffab893db5833eddc78b5d8.jpg,https://www.revendadecalcados.com.br/fma600/098aa1c612aa497477945aa1f7d9039b.jpg,https://www.revendadecalcados.com.br/fma600/d276b069844bbc83654e7750ef009be5.jpg;Azul;65-18
65-18E;Sapato Scarpin;Sapato Scarpin;34,1|35,0|36,0|37,0|38,0|39,0;74.90;82.39;0;Torricella;Material: Croco Verde / Napa Verde<br />Forro: Cacharrel, material espumado para maior conforto, na cor Bege<br />Palmilha: 8 mm de Espessura, Espuma em EVA e Taloneira Napa Bege<br />Salto: Grosso com 9 cm de Altura Revestido em Croco Verde<br />Solado de PVC com antiderrapante na cor Bege.;28 x 20 x 9.5;600;04/02/2026;1;https://www.revendadecalcados.com.br/produto-8905.html;https://www.revendadecalcados.com.br/fma600/b00fd063f146a5ac6325f3949ae73855.jpg,https://www.revendadecalcados.com.br/fma600/10f55cb8fd775a44c809653f91a406e6.jpg,https://www.revendadecalcados.com.br/fma600/0621679039110814d891e25429d0bf33.jpg,https://www.revendadecalcados.com.br/fma600/18c0aa134480ffdbc8fcc0cfd6cc7827.jpg,https://www.revendadecalcados.com.br/fma600/d4b952c14624e2ed1834f42fe2aa8ad6.jpg,https://www.revendadecalcados.com.br/fma600/f1601728ff1d82b9066e3bb070dc393a.jpg,https://www.revendadecalcados.com.br/fma600/39853009d19f8c1d61982b6f2bd2e092.jpg,https://www.revendadecalcados.com.br/fma600/577139841c7a9171cba5ddff8418eb89.jpg,https://www.revendadecalcados.com.br/fma600/c1ac2b6b0e5cfc5cf16ee5fac0acb69d.jpg,https://www.revendadecalcados.com.br/fma600/dc195ceda5bbb2fd14672fa9a936289f.jpg,https://www.revendadecalcados.com.br/fma600/1c2b8e6d1f7837f05b1bd79bcd5ee04f.jpg;Verde;65-18
65-18D;Sapato Scarpin;Sapato Scarpin;34,3|35,2|36,0|37,6|38,3|39,1;74.90;82.39;0;Torricella;Material: Croco Off White / Napa Off White<br />Forro: Cacharrel, material espumado para maior conforto, na cor Bege<br />Palmilha: 8 mm de Espessura, Espuma em EVA e Taloneira Napa Bege<br />Salto: Grosso com 9 cm de Altura Revestido em Croco Off White<br />Solado de PVC com antiderrapante na cor Bege.;28 x 20 x 9.5;600;04/02/2026;1;https://www.revendadecalcados.com.br/produto-8904.html;https://www.revendadecalcados.com.br/fma600/4a45f530b084ff16669f83bfb8b47424.jpg,https://www.revendadecalcados.com.br/fma600/300d455cd22c26952f152460df7e821f.jpg,https://www.revendadecalcados.com.br/fma600/ce31b78eb5cdbfff4091991caa1cdd87.jpg,https://www.revendadecalcados.com.br/fma600/d986cf51b533f07934e13d87315b273d.jpg,https://www.revendadecalcados.com.br/fma600/145eafe2c3ed8bc043dd87ad52f24a29.jpg,https://www.revendadecalcados.com.br/fma600/0ff636b77faa193ab4dea805d6f419d7.jpg,https://www.revendadecalcados.com.br/fma600/a1c2c0a1860b775f0e29e1e389e4d8c2.jpg,https://www.revendadecalcados.com.br/fma600/ea4e4b6396d372b1df9f778ed2200859.jpg,https://www.revendadecalcados.com.br/fma600/45df059fbad4c9d9cde4e8f6fa011958.jpg,https://www.revendadecalcados.com.br/fma600/c843bad34e9c571175866c758dc97492.jpg,https://www.revendadecalcados.com.br/fma600/a5de9f0728113e8510d86b2bea01b949.jpg;Off White;65-18
65-18C;Sapato Scarpin;Sapato Scarpin;34,4|35,1|36,0|37,1|38,0|39,0;74.90;82.39;0;Torricella;Material: Croco Bege Marfim / Napa Bege Marfim<br />Forro: Cacharrel, material espumado para maior conforto, na cor Bege<br />Palmilha: 8 mm de Espessura, Espuma em EVA e Taloneira Napa Bege<br />Salto: Grosso com 9 cm de Altura Revestido em Croco Bege Marfim<br />Solado de PVC com antiderrapante na cor Bege.;28 x 20 x 9.5;600;04/02/2026;1;https://www.revendadecalcados.com.br/produto-8903.html;https://www.revendadecalcados.com.br/fma600/38e7ff7155d5cd2f9e7d9cdaa9bb5e55.jpg,https://www.revendadecalcados.com.br/fma600/7202c46c81f7b15ff6f9f0999f473f97.jpg,https://www.revendadecalcados.com.br/fma600/01ea67bf5bb066e3b3a571fc994a108e.jpg,https://www.revendadecalcados.com.br/fma600/b85859cca36c0552fc0e7d28043e75e2.jpg,https://www.revendadecalcados.com.br/fma600/3c361c0efcf67cbc544785f16302b8c0.jpg,https://www.revendadecalcados.com.br/fma600/a8f5e49ebaaa6faeabba60c4fa04096a.jpg,https://www.revendadecalcados.com.br/fma600/dd07bb2182be74c0d077c90969fa56e3.jpg,https://www.revendadecalcados.com.br/fma600/e8981eeaf132bf2bbe3abeefddf72a5c.jpg,https://www.revendadecalcados.com.br/fma600/13866c9897b82dafd85f81664815f971.jpg,https://www.revendadecalcados.com.br/fma600/289632e9cdc109db941f8c6d1372ae64.jpg,https://www.revendadecalcados.com.br/fma600/bbcb5b6c45c25f5ba56ace53fbc6dab7.jpg;Bege;65-18
65-18A;Sapato Scarpin;Sapato Scarpin;34,1|35,0|36,0|37,1|38,0|39,0;74.90;82.39;0;Torricella;Material: Croco Preto / Napa Preto<br />Forro: Cacharrel, material espumado para maior conforto, na cor Preto<br />Palmilha: 8 mm de Espessura, Espuma em EVA e Taloneira Napa Preto<br />Salto: Grosso com 9 cm de Altura Revestido em Croco Preto<br />Solado de PVC com antiderrapante na cor Preto.;28 x 20 x 9.5;600;04/02/2026;1;https://www.revendadecalcados.com.br/produto-8901.html;https://www.revendadecalcados.com.br/fma600/f61f3995700097fd9fa208b4a755ebc3.jpg,https://www.revendadecalcados.com.br/fma600/bf3db2f37593f0fdcad23cf7cf9702ee.jpg,https://www.revendadecalcados.com.br/fma600/28bcda6de7a1eb45ec06b31dd5376237.jpg,https://www.revendadecalcados.com.br/fma600/5e01ada6fbb08a775313a7afa444cf39.jpg,https://www.revendadecalcados.com.br/fma600/b8cf7805729ed5d46ec516e5922098b7.jpg,https://www.revendadecalcados.com.br/fma600/59370c7a7f0e47b8e30e0c3f93ca8d08.jpg,https://www.revendadecalcados.com.br/fma600/068e228cb8135c8462f71b38edf9fb2f.jpeg,https://www.revendadecalcados.com.br/fma600/6fbfd1d9f1b30dafda3266510853ad1e.jpeg,https://www.revendadecalcados.com.br/fma600/7a07eb48023364cda21c1ff44ce5bcb9.jpeg,https://www.revendadecalcados.com.br/fma600/b39e5a132cb32374e362aaedd3a73c77.jpeg;Preto;65-18
6000-121C;Sandália Feminina;Sandálias;34,5|35,3|36,4|37,2|38,5|39,3;74.90;82.39;0;Torricella;Material: Napa Caramelo<br />Palmilha: Confort com 8 mm de Espessura, Espuma em EVA, Revestida com Napa Caramelo e Taloneira em Napa Bege<br />Enfeite: Fivela de Ajuste na Cor Dourado<br />Forro: Sintético na cor Bege<br />Salto: 8,5 cm de altura Revestido em Napa Caramelo<br />Solado de PVC antiderrapante na cor Bege.;28 x 20 x 9.5;600;23/10/2024;1;https://www.revendadecalcados.com.br/produto-8720.html;https://www.revendadecalcados.com.br/fma600/00ecf60941c0a7a15db063d3d41aaf68.jpg,https://www.revendadecalcados.com.br/fma600/0b73fc867df9fac2203d46ea5bcba9c9.jpg,https://www.revendadecalcados.com.br/fma600/ce4390786876a93c2b5517a790eea5cd.jpg,https://www.revendadecalcados.com.br/fma600/21f1e92541b8340e51ea88d1b31e1768.jpg,https://www.revendadecalcados.com.br/fma600/9e5ef7102fa9c90b76fac5086455007d.jpg,https://www.revendadecalcados.com.br/fma600/5dcbd2a17a1b16aaade61e0bae68d05b.jpg;Caramelo;6000-121
65-10D;Sapato Scarpin;Sapato Scarpin;34,0|35,1|36,0|37,0|38,2|39,1;74.90;82.39;0;Torricella;Material: Verniz Off White / Napa Off White<br />Enfeite: Tiras em Laço na cor Napa Off White / Verniz Off White<br />Forro: Cacharrel, material espumado para maior conforto, na cor Bege<br />Palmilha: 8 mm de Espessura, Espuma em EVA e Taloneira Napa Bege<br />Salto: Grosso com 9 cm de Altura Revestido em Verniz Off White<br />Solado de PVC com antiderrapante na cor Bege.;28 x 20 x 9.5;600;04/10/2024;1;https://www.revendadecalcados.com.br/produto-8637.html;https://www.revendadecalcados.com.br/fma600/2cbc31bfb2b1b09fae9e2017762550eb.jpg,https://www.revendadecalcados.com.br/fma600/8103f2725d6ed1f71b50055769c5b18e.jpg,https://www.revendadecalcados.com.br/fma600/fa314b3f74e6f2e789adfd07d75f1b1d.jpg,https://www.revendadecalcados.com.br/fma600/0a087fa273e192237dc02bfbc713b574.jpg,https://www.revendadecalcados.com.br/fma600/eb6b23c52af1f521b0bef93a9ba727e5.jpg,https://www.revendadecalcados.com.br/fma600/56e88bf2a44406cb332ae82ddcf84e33.jpg,https://www.revendadecalcados.com.br/fma600/ab2523f8e55115869e67ef174beb0900.jpg,https://www.revendadecalcados.com.br/fma600/64492db6c267c48cdd0a3d9e6d3a22fe.jpg,https://www.revendadecalcados.com.br/fma600/1d45f08a6f1dc45da0af295a70d86113.jpg,https://www.revendadecalcados.com.br/fma600/a3abf0850f8e4629eec4a55b313fa7ff.jpg;Off White;65-10
65-10C;Sapato Scarpin;Sapato Scarpin;34,5|35,2|36,4|37,6|38,3|39,0;74.90;82.39;0;Torricella;Material: Verniz Caramelo / Napa Caramelo<br />Enfeite: Tiras em Laço na cor Napa Caramelo / Verniz Caramelo<br />Forro: Cacharrel, material espumado para maior conforto, na cor Bege<br />Palmilha: 8 mm de Espessura, Espuma em EVA e Taloneira Napa Bege<br />Salto: Grosso com 9 cm de Altura Revestido em Verniz Caramelo<br />Solado de PVC com antiderrapante na cor Bege.;28 x 20 x 9.5;600;04/10/2024;1;https://www.revendadecalcados.com.br/produto-8636.html;https://www.revendadecalcados.com.br/fma600/feaf83be734dfce7bbbf04a9a5908a8c.jpg,https://www.revendadecalcados.com.br/fma600/80188f0594ff8ed6238133519866219a.jpg,https://www.revendadecalcados.com.br/fma600/4ee07bbb96408738b3eef6b567332043.jpg,https://www.revendadecalcados.com.br/fma600/eb93511538b9fe801c3e7d18fe19fd43.jpg,https://www.revendadecalcados.com.br/fma600/04ab62e5b5c72f701bc5acac962423b3.jpg,https://www.revendadecalcados.com.br/fma600/98b72adc9d46dc1c3d59efa614878420.jpg,https://www.revendadecalcados.com.br/fma600/aab6e04d371580c1c163e38309e20dd3.jpg,https://www.revendadecalcados.com.br/fma600/c234bebd28f0c54f05ce8093753ee15b.jpg,https://www.revendadecalcados.com.br/fma600/44e5c5d000a066cb5ae5cd78c3534dbb.jpg,https://www.revendadecalcados.com.br/fma600/645e63fea21baf648d3ee46e574ef2fc.jpg;Caramelo;65-10
65-10A;Sapato Scarpin;Sapato Scarpin;34,0|35,6|36,0|37,0|38,2|39,0;74.90;82.39;0;Torricella;Material: Verniz Preto / Napa Preto<br />Enfeite: Tiras em Laço na cor Napa Preto / Verniz Preto<br />Forro: Cacharrel, material espumado para maior conforto, na cor Preto<br />Palmilha: 8 mm de Espessura, Espuma em EVA e Taloneira Napa Preto<br />Salto: Grosso com 9 cm de Altura Revestido em Verniz Preto<br />Solado de PVC com antiderrapante na cor Preto.;28 x 20 x 9.5;600;04/10/2024;1;https://www.revendadecalcados.com.br/produto-8634.html;https://www.revendadecalcados.com.br/fma600/2790bcf6dd063397e028073b2c6691a8.jpg,https://www.revendadecalcados.com.br/fma600/4273e71e11e5e8e7a3bd48b99b7b081a.jpg,https://www.revendadecalcados.com.br/fma600/0104744c3db57605e3ddf4854048022c.jpg,https://www.revendadecalcados.com.br/fma600/33118be343d816285dcfab50fdbb5d9a.jpg,https://www.revendadecalcados.com.br/fma600/730b4bf98988f2016753c64d23c42034.jpg,https://www.revendadecalcados.com.br/fma600/5318026c428e7adc0cab79869b78e997.jpg,https://www.revendadecalcados.com.br/fma600/636f3c532037c911729eec3a6dc25bd5.jpg,https://www.revendadecalcados.com.br/fma600/590777717e11367d2f43243650a7fc81.jpg,https://www.revendadecalcados.com.br/fma600/bab32c26af9d531baeab4a71383d4429.jpg,https://www.revendadecalcados.com.br/fma600/a7825f166e3e4e08050fca9e81fb47c4.jpg,https://www.revendadecalcados.com.br/fma600/531eb28a30c26ea3d2297c19b88810af.jpg,https://www.revendadecalcados.com.br/fma600/145f65d26eea7cb6e024a45e333f4dfc.jpg,https://www.revendadecalcados.com.br/fma600/690aa6ee873f764a023936969940b8e2.jpg,https://www.revendadecalcados.com.br/fma600/be6ffd07c837c96fcc2abb6b6d2c6371.jpg;Preto;65-10
6000-121B;Sandália Feminina;Sandálias;34,1|35,0|36,1|37,1|38,1|39,3;74.90;82.39;0;Torricella;Material: Napa Bege<br />Palmilha: Confort com 8 mm de Espessura, Espuma em EVA, Revestida com Napa Bege e Taloneira em Napa Bege<br />Enfeite: Fivela de Ajuste na Cor Dourado<br />Forro: Sintético na cor Bege<br />Salto: 8,5 cm de altura Revestido em Napa Bege<br />Solado de PVC antiderrapante na cor Bege.;28 x 20 x 9.5;600;24/03/2023;1;https://www.revendadecalcados.com.br/produto-7982.html;https://www.revendadecalcados.com.br/fma600/537ac95f0a5335dc26e227ea8c3afd52.jpg,https://www.revendadecalcados.com.br/fma600/ccdbc4c71ccaf01d5bd0409284b63ecf.jpg,https://www.revendadecalcados.com.br/fma600/855a2694702ac6818518bbf4ccf4d6d9.jpg,https://www.revendadecalcados.com.br/fma600/b78c1cf21863e9e899bd3de63f794f82.jpg,https://www.revendadecalcados.com.br/fma600/183d198b634ca6de4b3e8589646aaf95.jpg,https://www.revendadecalcados.com.br/fma600/30536afb0cb44a4f76f57dde80de1e29.jpg,https://www.revendadecalcados.com.br/fma600/12cc5678bfd2888d2e0f47f444bb4666.jpg,https://www.revendadecalcados.com.br/fma600/7b7c8489553afe4ba84e25504842d727.jpg,https://www.revendadecalcados.com.br/fma600/9afff60c5374f74790deae1c59d2d4f7.jpg;Bege;6000-121
6000-121A;Sandália Feminina;Sandálias;34,4|35,4|36,1|37,3|38,0|39,1;74.90;82.39;0;Torricella;Material: Napa Preto<br />Palmilha: Confort com 8 mm de Espessura, Espuma em EVA, Revestida com Napa Preto e Taloneira em Napa Preto<br />Enfeite: Fivela de Ajuste na Cor Dourado<br />Forro: Sintético na cor Preto<br />Salto: 8,5 cm de altura Revestido em Napa Preto<br />Solado de PVC antiderrapante na cor Preto.;28 x 20 x 9.5;600;24/03/2023;1;https://www.revendadecalcados.com.br/produto-7981.html;https://www.revendadecalcados.com.br/fma600/4bb64ea7663bd388a84f7306f4ccec8b.jpg,https://www.revendadecalcados.com.br/fma600/b6070348697569e23a113d8da71ba02f.jpg,https://www.revendadecalcados.com.br/fma600/e542c5f8b4b6632bd6e1b0ee73fe500d.jpg,https://www.revendadecalcados.com.br/fma600/b29e6ede92d84d07b78d148d278b301d.jpg,https://www.revendadecalcados.com.br/fma600/dbd4180e04614c14c11708311d078afd.jpg,https://www.revendadecalcados.com.br/fma600/26541d42454f9e0645076de34fde2bb8.jpg,https://www.revendadecalcados.com.br/fma600/a98bd18458373f153a2a1c3238720118.jpg,https://www.revendadecalcados.com.br/fma600/8054b051a0686dcf000c164f6f9ecf07.jpg,https://www.revendadecalcados.com.br/fma600/6494dfdcca5000a38e0282335d9653ef.jpg;Preto;6000-121
600.12C;Sapato Scarpin;Sapato Scarpin;34,1|35,0|36,7|37,0|38,7|39,0;69.90;76.89;0;Torricella;Material: Napa Dourado e Metalizado Speechio Ouro Light<br />Enfeite: Fivela de ajuste na cor Dourado<br />Forro: Napa na cor Bege<br />Palmilha: 8 mm de Espessura, Espuma em EVA, Revestida em Napa Dourado e Taloneira Napa Bege<br />Salto: Fino com 6 cm de Altura Pintado na Cor Dourado<br />Solado de PVC com antiderrapante na cor Bege.;28 x 20 x 9.5;600;29/12/2025;1;https://www.revendadecalcados.com.br/produto-8899.html;https://www.revendadecalcados.com.br/fma600/7183f9a8d01a6ff7f92144dc716c40d0.jpg,https://www.revendadecalcados.com.br/fma600/7293186fd90fee77e898d6986129b547.jpg,https://www.revendadecalcados.com.br/fma600/19046d40c99348758f2f281ac6b0b335.jpg,https://www.revendadecalcados.com.br/fma600/eae6fc12cbfa44cfac26a30d69dd701d.jpg,https://www.revendadecalcados.com.br/fma600/39ba7584d53f9b6fac35d04942f49244.jpg,https://www.revendadecalcados.com.br/fma600/4484ac49f4e6b090384e232f36136bcc.jpg,https://www.revendadecalcados.com.br/fma600/aa89c04183b315f0952e15fdb441ed5d.png,https://www.revendadecalcados.com.br/fma600/25f47102a82def242ddd11afa3f29a2c.png,https://www.revendadecalcados.com.br/fma600/3feac2d91e7259d6247d21d3fff0f00d.png;Dourado;600.12
606D;Sapato Scarpin;Sapato Scarpin;34,2|35,1|36,0|37,0|38,2|39,0;69.90;76.89;0;Torricella;Material: Napa Dourado<br />Enfeite: Fivela de Ajuste na Cor Dourado<br />Palmilha: com 8 mm de Espessura, Espuma em EVA, Revestida com Napa Dourado e Taloneira Napa Bege<br />Forro: Napa na cor Bege<br />Salto: 6,5 cm de Altura encapado em Napa Dourado<br />Solado de PVC antiderrapante na cor Bege.;28 x 20 x 9.5;600;23/12/2025;1;https://www.revendadecalcados.com.br/produto-8897.html;https://www.revendadecalcados.com.br/fma600/419f88d634384f677808c4ae0b5f62b9.jpg,https://www.revendadecalcados.com.br/fma600/8c35f9e6bbbbcc686ca8ec622909df70.jpg,https://www.revendadecalcados.com.br/fma600/3d94551c1b167587afe10365ad8c74b0.jpg,https://www.revendadecalcados.com.br/fma600/70ffa1cb743e6d821c94ecb5cc3a21e6.jpg,https://www.revendadecalcados.com.br/fma600/eb244e2c09ddad5db226a5c8f6d2838f.jpg,https://www.revendadecalcados.com.br/fma600/8bf76ddcb9a50c8053436f69335e3c8d.jpg;Dourado;606
606E;Sapato Scarpin;Sapato Scarpin;34,2|35,1|36,7|37,3|38,4|39,0;69.90;76.89;0;Torricella;Material: Verniz Azul<br />Enfeite: Fivela de Ajuste na Cor Dourado<br />Palmilha: com 8 mm de Espessura, Espuma em EVA, Revestida com Verniz Azul e Taloneira Napa Bege<br />Forro: Napa na cor Bege<br />Salto: 6,5 cm de Altura encapado em Verniz Azul<br />Solado de PVC antiderrapante na cor Bege.;28 x 20 x 9.5;600;23/12/2025;1;https://www.revendadecalcados.com.br/produto-8893.html;https://www.revendadecalcados.com.br/fma600/5d0bf29e2d548467b36769da8ab3b266.jpg,https://www.revendadecalcados.com.br/fma600/2d4cc9ed94983a8af16af5e672db9c90.jpg,https://www.revendadecalcados.com.br/fma600/dd721601b2aa94662a76aacd601b8cfb.jpg,https://www.revendadecalcados.com.br/fma600/62fb06d503e6479fab8cbd4f7ba19ed0.jpg,https://www.revendadecalcados.com.br/fma600/8bdf4b2fe112f06f4fbf895b331ad6bb.jpg,https://www.revendadecalcados.com.br/fma600/db598856dabd3d505c224dd17461f935.jpg;Azul;606
682D;Sapato Scarpin;Sapato Scarpin;34,2|35,0|36,2|37,6|38,0|39,0;69.90;76.89;0;Torricella;Material: Napa Dourado<br />Enfeite: Laço na cor Napa Dourado e Fivela de Ajuste na Cor Dourado<br />Forro: Napa na cor Bege<br />Palmilha: 8 mm de Espessura, Espuma em EVA, Revestida em Napa Dourado e Taloneira Napa Bege<br />Salto: Grosso com 6,5 cm de Altura Revestido em Napa Dourado<br />Solado de PVC com antiderrapante na cor Bege.;28 x 20 x 9.5;600;16/01/2026;1;https://www.revendadecalcados.com.br/produto-8889.html;https://www.revendadecalcados.com.br/fma600/0974725d5f86cc31571af08bc682a464.jpg,https://www.revendadecalcados.com.br/fma600/1ce3b430f7e35593ad4115db219771e4.jpg,https://www.revendadecalcados.com.br/fma600/6e81ffb17eb819eab649385667857009.jpg,https://www.revendadecalcados.com.br/fma600/206d4700d1a6bf577f79be2077b122b0.jpg,https://www.revendadecalcados.com.br/fma600/840ea05ac3473d7c45fffb138130a5b0.jpg,https://www.revendadecalcados.com.br/fma600/5e5eed40178f5e7f5ed54ddac47b433b.jpg,https://www.revendadecalcados.com.br/fma600/ea3bc1e2d391ceb776ef0f65af738057.jpg,https://www.revendadecalcados.com.br/fma600/c1a74f481caa95d5e6f2f4106805d8c0.jpg,https://www.revendadecalcados.com.br/fma600/6aea9c6f744090a94a18db7e971cf3f8.jpg,https://www.revendadecalcados.com.br/fma600/733daf5b912301bd3013e6ca14c01051.jpg,https://www.revendadecalcados.com.br/fma600/05616e70db7bd3784d0a562b129705cb.jpg,https://www.revendadecalcados.com.br/fma600/8a733c3f4e9e1ec7c6aff9fb25dc0c59.jpg;Dourado;682
682H;Sapato Scarpin;Sapato Scarpin;34,4|35,5|36,7|37,2|38,0|39,0;69.90;76.89;0;Torricella;Material: Verniz Verde / Napa Verde<br />Enfeite: Laço na cor Napa Verde e Fivela de Ajuste na Cor Dourado<br />Forro: Napa na cor Bege<br />Palmilha: 8 mm de Espessura, Espuma em EVA, Revestida em Verniz Verde e Taloneira Napa Bege<br />Salto: Grosso com 6,5 cm de Altura Revestido em Verniz Verde<br />Solado de PVC com antiderrapante na cor Bege.;28 x 20 x 9.5;600;16/01/2026;1;https://www.revendadecalcados.com.br/produto-8888.html;https://www.revendadecalcados.com.br/fma600/37269872eed54f08e01f0fa60befbb58.jpg,https://www.revendadecalcados.com.br/fma600/5b7209f41d86e264dce029cde1ed3cef.jpg,https://www.revendadecalcados.com.br/fma600/1d980bb1d8a6ccebf2df1d78eccd6d9a.jpg,https://www.revendadecalcados.com.br/fma600/409647e638b2ecb904d4d9e0792c8dd7.jpg,https://www.revendadecalcados.com.br/fma600/b2041783f7b0420a776c377962cbcf62.jpg,https://www.revendadecalcados.com.br/fma600/79c66eaa102713829d0988e210c96082.jpg;Verde;682
682I;Sapato Scarpin;Sapato Scarpin;34,5|35,5|36,0|37,0|38,0|39,1;69.90;76.89;0;Torricella;Material: Verniz Caramelo / Napa Caramelo<br />Enfeite: Laço na cor Napa Caramelo e Fivela de Ajuste na Cor Dourado<br />Forro: Napa na cor Bege<br />Palmilha: 8 mm de Espessura, Espuma em EVA, Revestida em Verniz Caramelo e Taloneira Napa Bege<br />Salto: Grosso com 6,5 cm de Altura Revestido em Verniz Caramelo<br />Solado de PVC com antiderrapante na cor Bege.;28 x 20 x 9.5;600;16/01/2026;1;https://www.revendadecalcados.com.br/produto-8887.html;https://www.revendadecalcados.com.br/fma600/abfff6d070a6b0d8eee3676f242e5e5f.jpg,https://www.revendadecalcados.com.br/fma600/9e1d258f992dbb5c6512b57146dc7e68.jpg,https://www.revendadecalcados.com.br/fma600/48de034eb257ba4b9b369fae9033c0cb.jpg,https://www.revendadecalcados.com.br/fma600/1922dee8ca1b1eab33353dfd47540045.jpg,https://www.revendadecalcados.com.br/fma600/fea7379834ed99302e4377b22c243c1e.jpg,https://www.revendadecalcados.com.br/fma600/e72bdb7c256791cd9b434b39b6208c00.jpg;Caramelo;682
682F;Sapato Scarpin;Sapato Scarpin;34,3|35,0|36,4|37,2|38,0|39,1;69.90;76.89;0;Torricella;Material: Verniz Azul / Napa Azul<br />Enfeite: Laço na cor Napa Azul e Fivela de Ajuste na Cor Dourado<br />Forro: Napa na cor Bege<br />Palmilha: 8 mm de Espessura, Espuma em EVA, Revestida em Verniz Azul e Taloneira Napa Bege<br />Salto: Grosso com 6,5 cm de Altura Revestido em Verniz Azul<br />Solado de PVC com antiderrapante na cor Bege.;28 x 20 x 9.5;600;16/01/2026;1;https://www.revendadecalcados.com.br/produto-8886.html;https://www.revendadecalcados.com.br/fma600/6198531734fd699d6843bbecffcd5ffd.jpg,https://www.revendadecalcados.com.br/fma600/bd3916dec4a7e55fcb93bb8c59959bef.jpg,https://www.revendadecalcados.com.br/fma600/b4ece45c6df5cc05fe37dab7400027ec.jpg,https://www.revendadecalcados.com.br/fma600/43ffc87a73879e95bb8af138842efcf0.jpg,https://www.revendadecalcados.com.br/fma600/befe8583bfe5d29223287a7a607d1778.jpg,https://www.revendadecalcados.com.br/fma600/3f94f17112b615a8d6b44d423a9b722d.jpg;Azul;682
682E;Sapato Scarpin;Sapato Scarpin;34,2|35,3|36,4|37,1|38,2|39,1;69.90;76.89;0;Torricella;Material: Verniz Off White / Napa Off White<br />Enfeite: Laço na cor Napa Off White e Fivela de Ajuste na Cor Dourado<br />Forro: Napa na cor Bege<br />Palmilha: 8 mm de Espessura, Espuma em EVA, Revestida em Verniz Off White e Taloneira Napa Bege<br />Salto: Grosso com 6,5 cm de Altura Revestido em Verniz Off White<br />Solado de PVC com antiderrapante na cor Bege.;28 x 20 x 9.5;600;16/01/2026;1;https://www.revendadecalcados.com.br/produto-8885.html;https://www.revendadecalcados.com.br/fma600/f9377eb8cb589449bfea43174e002db7.jpg,https://www.revendadecalcados.com.br/fma600/fc420e12b32cc5ac4651c56ef279f9f8.jpg,https://www.revendadecalcados.com.br/fma600/678e5194b1cd008c5c8dda79f1a69dd2.jpg,https://www.revendadecalcados.com.br/fma600/2d26bc0a27b1b7b1d02c6f648b0e4140.jpg,https://www.revendadecalcados.com.br/fma600/b789cd14fa0f76c388183b0ce158b52e.jpg,https://www.revendadecalcados.com.br/fma600/a639db9a8582fa67a172336a044462a1.jpg,https://www.revendadecalcados.com.br/fma600/316dbcc179fc993e43b697d5cee78e78.jpg,https://www.revendadecalcados.com.br/fma600/3c2a3d8d4ab6ee466bafc000b61d7a3e.jpg,https://www.revendadecalcados.com.br/fma600/1ef58fbdd87f7c6d700fa46645c8a2c5.jpg,https://www.revendadecalcados.com.br/fma600/1f724e2d292fccc30edd4b20acc5704b.jpg,https://www.revendadecalcados.com.br/fma600/9261b00a1f1da51caa8bc31b0281d846.jpg,https://www.revendadecalcados.com.br/fma600/3ff19a76c8af281a2654c3a11cf8d529.jpg;Off White;682
682G;Sapato Scarpin;Sapato Scarpin;34,2|35,2|36,5|37,7|38,6|39,0;69.90;76.89;0;Torricella;Material: Verniz Vermelho / Napa Vermelho<br />Enfeite: Laço na cor Napa Vermelho e Fivela de Ajuste na Cor Dourado<br />Forro: Napa na cor Bege<br />Palmilha: 8 mm de Espessura, Espuma em EVA, Revestida em Verniz Vermelho e Taloneira Napa Bege<br />Salto: Grosso com 6,5 cm de Altura Revestido em Verniz Vermelho<br />Solado de PVC com antiderrapante na cor Bege.;28 x 20 x 9.5;600;16/01/2026;1;https://www.revendadecalcados.com.br/produto-8884.html;https://www.revendadecalcados.com.br/fma600/8ffdf96f9a4049046ddabc8af23767eb.jpg,https://www.revendadecalcados.com.br/fma600/2179ee6976cdc034a038858acd9297ba.jpg,https://www.revendadecalcados.com.br/fma600/000dcdd09b715676a914c4afc2855164.jpg,https://www.revendadecalcados.com.br/fma600/81e3a79927ffa60707f5d1288750dace.jpg,https://www.revendadecalcados.com.br/fma600/0bb766cef1f34c17522e6e23085c78f8.jpg,https://www.revendadecalcados.com.br/fma600/6b17c54c68c4ae4b1b90e8f05aaea9d5.jpg;Vermelho;682
65-13H;Sapato Scarpin;Sapato Scarpin;34,5|35,7|36,10|37,10|38,10|39,6;69.90;76.89;0;Torricella;Material: Verniz Caramelo<br />Enfeite: Tira com Aplique Lateral na Cor Dourado<br />Palmilha: com 8 mm de Espessura, Espuma em EVA, e Taloneira Napa Bege<br />Forro: Cacharrel, material espumado para maior conforto, na cor Bege<br />Salto: 9 cm de Altura encapado em Verniz Caramelo<br />Solado de PVC antiderrapante na cor Bege.;28 x 20 x 9.5;600;22/12/2025;1;https://www.revendadecalcados.com.br/produto-8883.html;https://www.revendadecalcados.com.br/fma600/1b0730804cec7120a14378e3f5647c5b.jpg,https://www.revendadecalcados.com.br/fma600/ee8640cad7d93f5214965d69b85e1b04.jpg,https://www.revendadecalcados.com.br/fma600/b54378353cb15c6b3084b16a033d5e46.jpg,https://www.revendadecalcados.com.br/fma600/beeb79ee2092e26f712f6178fcad5edc.jpg,https://www.revendadecalcados.com.br/fma600/8baed83e141b579dee5e56e80275f93d.jpg,https://www.revendadecalcados.com.br/fma600/ddd0a265300eedcfd974f8216d5de083.jpg,https://www.revendadecalcados.com.br/fma600/793e677ba74ed770bba9c0313e07adfb.jpg,https://www.revendadecalcados.com.br/fma600/a626b6a8bf7a03c49c9526c2bbbbdfdc.jpg,https://www.revendadecalcados.com.br/fma600/94b5a620611d3fc0886e0c47444d533f.jpeg,https://www.revendadecalcados.com.br/fma600/7e573fabf890059532e0a00acce6f394.jpeg,https://www.revendadecalcados.com.br/fma600/e955e8a4a65dc895bb2b4be65ec004df.jpeg;Caramelo;65-13
65-13G;Sapato Scarpin;Sapato Scarpin;34,1|35,2|36,10|37,10|38,10|39,3;69.90;76.89;0;Torricella;Material: Napa Dourado<br />Enfeite: Tira com Aplique Lateral na Cor Dourado<br />Palmilha: com 8 mm de Espessura, Espuma em EVA, e Taloneira Napa Bege<br />Forro: Cacharrel, material espumado para maior conforto, na cor Bege<br />Salto: 9 cm de Altura encapado em Napa Dourado<br />Solado de PVC antiderrapante na cor Bege.;28 x 20 x 9.5;600;22/12/2025;1;https://www.revendadecalcados.com.br/produto-8882.html;https://www.revendadecalcados.com.br/fma600/337b384e9fc036cc1e894207ebe5e6fb.jpg,https://www.revendadecalcados.com.br/fma600/9f234abc6668103bc473107a910f3429.jpg,https://www.revendadecalcados.com.br/fma600/bf907048a592422dc499c343c298b4c9.jpg,https://www.revendadecalcados.com.br/fma600/c9bf7129f242839373a93f4583709121.jpg,https://www.revendadecalcados.com.br/fma600/f5e54fe67dc9ecc6d8b9893e0bdc00fb.jpg,https://www.revendadecalcados.com.br/fma600/ecb1c8bb3918c95cca7e3d66eae361e3.jpg,https://www.revendadecalcados.com.br/fma600/df8315b2d47c4beacf59ecd0f3bfd4e1.jpeg,https://www.revendadecalcados.com.br/fma600/596805309d35bce4efe4fcbd146c419a.jpeg,https://www.revendadecalcados.com.br/fma600/895ca89db96f5be6c1defae8426d8335.jpeg,https://www.revendadecalcados.com.br/fma600/a231426431cc4d5c4e3ecae53fd1edc0.jpeg,https://www.revendadecalcados.com.br/fma600/03e18f381f5bdef77c45c124fd73a4c5.jpeg,https://www.revendadecalcados.com.br/fma600/1cb184b59a40954d794aa8d4c37f5247.jpeg;Dourado;65-13
9200-117E;Sapato Scarpin Saia e Blusa;Sapato Scarpin;34,3|35,6|36,5|37,6|38,7|39,3;69.90;76.89;0;Torricella;Material: Napa Dourado<br />Palmilha: Confort com 8 mm de Espessura, Espuma em EVA, Revestida com Napa Dourado e Taloneira em Napa Dourado<br />Enfeite: Fivela de Ajuste na cor Dourado<br />Forro: Sintético na cor Bege<br />Salto: 10 cm de altura Pintado na Cor Dourado<br />Solado de PVC antiderrapante na cor Bege.;28 x 20 x 9.5;600;23/12/2025;1;https://www.revendadecalcados.com.br/produto-8879.html;https://www.revendadecalcados.com.br/fma600/7be563cc3c6ecf8880423d437577016d.jpg,https://www.revendadecalcados.com.br/fma600/1f8a2fd60bda5cef706c1ef1fd2f3620.jpg,https://www.revendadecalcados.com.br/fma600/8cfa83769443017ddbdc53196ccf6dd1.jpg,https://www.revendadecalcados.com.br/fma600/97ae13535ee92f9b09fdc79d114c1f17.jpg,https://www.revendadecalcados.com.br/fma600/79e1cccaed6304458a7191a8f5a249e6.jpg,https://www.revendadecalcados.com.br/fma600/787f4ea1da3bb5843dbcf22de7a317c8.jpg,https://www.revendadecalcados.com.br/fma600/12addde1614ae3141ab422504fdb3eef.png,https://www.revendadecalcados.com.br/fma600/ca5cb5772c0b3c055e4183d6e95e6e4b.png,https://www.revendadecalcados.com.br/fma600/051c86cf00f7508ba498ddaed0ca4af6.png,https://www.revendadecalcados.com.br/fma600/8ceaa60a9a5da1b6bb3bc1152d52453c.png;Dourado;9200-117
46001B;Sandália Feminina;Sandálias;34,4|35,4|36,1|37,1|38,1|39,0;69.90;76.89;0;Torricella;Material: Napa Laranja<br />Enfeite: Fivela de Ajuste na cor Dourado<br />Palmilha: 8 mm de Espessura, Espuma em EVA, Revestida em Napa Laranja e Taloneira Napa Bege<br />Salto: Grosso com 7 cm de Altura Revestido em Napa Laranja<br />Solado de PVC com antiderrapante na cor Bege.;28 x 20 x 9.5;600;12/09/2025;1;https://www.revendadecalcados.com.br/produto-8872.html;https://www.revendadecalcados.com.br/fma600/62768656d590919a3b3e487b69a7c8f3.jpg,https://www.revendadecalcados.com.br/fma600/9250f726d7e6f58463b4d8d60644ab3e.jpg,https://www.revendadecalcados.com.br/fma600/1a776081ca6cd4eabd73f5d48d806a83.jpg,https://www.revendadecalcados.com.br/fma600/450958e7adb467ef03fc69b27e185254.jpg,https://www.revendadecalcados.com.br/fma600/6f89bedfd712cf338d880c44cac90681.jpg,https://www.revendadecalcados.com.br/fma600/3ac75b1332e9df5418f2dfa2f00d282e.jpg;Laranja;46001
46001A;Sandália Feminina;Sandálias;34,1|35,3|36,5|37,1|38,4|39,0;69.90;76.89;0;Torricella;Material: Napa Rosa<br />Enfeite: Fivela de Ajuste na cor Dourado<br />Palmilha: 8 mm de Espessura, Espuma em EVA, Revestida em Napa Rosa e Taloneira Napa Bege<br />Salto: Grosso com 7 cm de Altura Revestido em Napa Rosa<br />Solado de PVC com antiderrapante na cor Bege.;28 x 20 x 9.5;600;12/09/2025;1;https://www.revendadecalcados.com.br/produto-8871.html;https://www.revendadecalcados.com.br/fma600/c2d39133ab673376532a366f3e55cf64.jpg,https://www.revendadecalcados.com.br/fma600/ecf62f36d2d4f37827c5981de5cf271e.jpg,https://www.revendadecalcados.com.br/fma600/e2890ee886ccd3310a74872e94e50877.jpg,https://www.revendadecalcados.com.br/fma600/6d71b5ccaffac474dc9986547c4e7af8.jpg,https://www.revendadecalcados.com.br/fma600/b7a26717e230177904a1a21dd1127620.jpg,https://www.revendadecalcados.com.br/fma600/401e6e52108c8d6313d9a51907be4eab.jpg;Rose;46001
2057C;Sandália Feminina;Sandálias;34,3|35,3|36,3|37,5|38,4|39,5;69.90;76.89;0;Torricella;Material: Napa Caramelo e Napa Metalizado Ouro Light<br />Palmilha: 8 mm de Espessura, Espuma em EVA, Revestida em Napa Caramelo e Taloneira Napa Bege<br />Enfeite: Fivela de Ajuste na cor Dourado<br />Salto: Fino com 9 cm de Altura Pintado na cor Caramelo<br />Solado de PVC com antiderrapante na cor Bege.;28 x 20 x 9.5;600;04/09/2025;1;https://www.revendadecalcados.com.br/produto-8862.html;https://www.revendadecalcados.com.br/fma600/e618a670e6a40c06df51b2c13274285f.jpg,https://www.revendadecalcados.com.br/fma600/0fe0758c7f570aee1524df945ecd95e6.jpg,https://www.revendadecalcados.com.br/fma600/501e234b51a7957b58f21414f9a470fe.jpg,https://www.revendadecalcados.com.br/fma600/661fa9ae1d23f0cb55206ef8cf606259.jpg,https://www.revendadecalcados.com.br/fma600/6218d908b0525b26cd8069ad66ae042d.jpg,https://www.revendadecalcados.com.br/fma600/c5abb3c5ff51656f0065a1e8cc0f48d2.jpg;Caramelo;2057
2057B;Sandália Feminina;Sandálias;34,1|35,0|36,5|37,0|38,2|39,3;69.90;76.89;0;Torricella;Material: Napa Metalizado Ouro Light<br />Palmilha: 8 mm de Espessura, Espuma em EVA, Revestida em Napa Metalizado Ouro Light e Taloneira Napa Bege<br />Enfeite: Fivela de Ajuste na cor Dourado<br />Salto: Fino com 9 cm de Altura Pintado na cor Dourado<br />Solado de PVC com antiderrapante na cor Bege.;28 x 20 x 9.5;600;04/09/2025;1;https://www.revendadecalcados.com.br/produto-8861.html;https://www.revendadecalcados.com.br/fma600/5eb13405a859906f8f80563649a030fa.jpg,https://www.revendadecalcados.com.br/fma600/7eb13a6e903c50c6abc29084df1641d1.jpg,https://www.revendadecalcados.com.br/fma600/da50b9ed68db980149b4a64fd8b35e16.jpg,https://www.revendadecalcados.com.br/fma600/62df26807616db1d541c1c4f59c4cd53.jpg,https://www.revendadecalcados.com.br/fma600/d1641acc927a4c45f611f8ccda650130.jpg,https://www.revendadecalcados.com.br/fma600/414ecc9c6bc66ac2bb7597bda9a0cd74.jpg;Dourado;2057
2057A;Sandália Feminina;Sandálias;34,0|35,3|36,9|37,1|38,0|39,0;69.90;76.89;0;Torricella;Material: Napa Preto e Napa Metalizado Ouro Light<br />Palmilha: 8 mm de Espessura, Espuma em EVA, Revestida em Napa Preto e Taloneira Napa Preto<br />Enfeite: Fivela de Ajuste na cor Dourado<br />Salto: Fino com 9 cm de Altura Pintado na cor Preto<br />Solado de PVC com antiderrapante na cor Preto.;28 x 20 x 9.5;600;04/09/2025;1;https://www.revendadecalcados.com.br/produto-8860.html;https://www.revendadecalcados.com.br/fma600/9913c9cec594e927af58361cfa67490d.jpg,https://www.revendadecalcados.com.br/fma600/4197be97990b219e1cce1c6e57d0bc4c.jpg,https://www.revendadecalcados.com.br/fma600/916c6dd8e87f729eaf5dd70aa33874f1.jpg,https://www.revendadecalcados.com.br/fma600/e01278e387576534c2ee69cd568ec043.jpg,https://www.revendadecalcados.com.br/fma600/50e002c265e65f7b276e9f3c7ad29835.jpg,https://www.revendadecalcados.com.br/fma600/f308f7e17eb1907e29b62b71e6d7adc5.jpg;Preto;2057
GF-201A;Sandália Feminina;Sandálias;34,3|35,4|36,5|37,6|38,10|39,4;69.90;76.89;0;Torricella;Material: Napa Preto<br />Enfeite: Fivela de Ajuste na cor Prata<br />Palmilha: 8 mm de Espessura, Espuma em EVA, Revestida em Napa Preto e Taloneira Napa Preto<br />Salto: Fino com 5 cm de Altura Pintado na cor Preto<br />Solado de PVC com antiderrapante na cor Preto.;28 x 20 x 9.5;600;25/08/2025;1;https://www.revendadecalcados.com.br/produto-8838.html;https://www.revendadecalcados.com.br/fma600/e12252aa30b78f1b17b1e0606cd0c622.jpg,https://www.revendadecalcados.com.br/fma600/1063a0a04c3040714cd5a77ea32bb386.jpg,https://www.revendadecalcados.com.br/fma600/b6d534d05abc378b25884eee74338441.jpg,https://www.revendadecalcados.com.br/fma600/5559ff5ffafad3109b010546411df806.jpg,https://www.revendadecalcados.com.br/fma600/fe7c4ed1676adf38bad5db72be96e952.jpg,https://www.revendadecalcados.com.br/fma600/bca03b035a4741e09b631be1ba324638.jpg;Preto;GF-201
2054B;Sandália Feminina;Sandálias;34,4|35,3|36,2|37,6|38,7|39,4;69.90;76.89;0;Torricella;Material: Napa Bege<br />Enfeite: Apliques em formato de Pirâmides em ABS na cor Dourado e Fivela de Ajuste na Cor Dourado<br />Palmilha: 8 mm de Espessura, Espuma em EVA, Revestida em Napa Bege e Taloneira Napa Bege<br />Salto: Fino com 9 cm de Altura Pintado na cor Bege<br />Solado de PVC com antiderrapante na cor Bege.;28 x 20 x 9.5;600;20/08/2025;1;https://www.revendadecalcados.com.br/produto-8818.html;https://www.revendadecalcados.com.br/fma600/2ef83061c802f0e1ea868d9f6bf33459.jpg,https://www.revendadecalcados.com.br/fma600/d10d020f7a87b833dae2c42eabeef691.jpg,https://www.revendadecalcados.com.br/fma600/1ac94b394a787ebb05a0a8915f883505.jpg,https://www.revendadecalcados.com.br/fma600/d786dc5f76fe94658167ac44c5ff2c74.jpg,https://www.revendadecalcados.com.br/fma600/49629afed4136c6aa10ead758c781e8c.jpg,https://www.revendadecalcados.com.br/fma600/cf2a508428806e01c3d3e8001e0aae33.jpg;Bege;2054
2054A;Sandália Feminina;Sandálias;34,1|35,4|36,10|37,3|38,8|39,3;69.90;76.89;0;Torricella;Material: Napa Preto<br />Enfeite: Apliques em formato de Pirâmides em ABS na cor Dourado e Fivela de Ajuste na Cor Dourado<br />Palmilha: 8 mm de Espessura, Espuma em EVA, Revestida em Napa Preto e Taloneira Napa Preto<br />Salto: Fino com 9 cm de Altura Pintado na cor Preto<br />Solado de PVC com antiderrapante na cor Preto.;28 x 20 x 9.5;600;20/08/2025;1;https://www.revendadecalcados.com.br/produto-8817.html;https://www.revendadecalcados.com.br/fma600/d0b84ff6029a021ee2f4d5374c4d9223.jpg,https://www.revendadecalcados.com.br/fma600/d1845f87ff53e053c23788e11fb29f94.jpg,https://www.revendadecalcados.com.br/fma600/bb480cb0b7a061be966d286dbf204fc5.jpg,https://www.revendadecalcados.com.br/fma600/72b83064a5da78026d849998b113303c.jpg,https://www.revendadecalcados.com.br/fma600/891cbd32a221f33d0936bdf19bc7e878.jpg,https://www.revendadecalcados.com.br/fma600/d5fe20f7748cc62b06e2c6aaef92eb76.jpg;Preto;2054
600.12B;Sapato Scarpin;Sapato Scarpin;34,3|35,1|36,8|37,10|38,10|39,10;69.90;76.89;0;Torricella;Material: Napa Verde e Napa Off White<br />Enfeite: Fivela de ajuste na cor Dourado<br />Forro: Napa na cor Bege<br />Palmilha: 8 mm de Espessura, Espuma em EVA, Revestida em Napa Off White e Taloneira Napa Bege<br />Salto: Fino com 6 cm de Altura Pintado na Cor Off White<br />Solado de PVC com antiderrapante na cor Bege.;28 x 20 x 9.5;600;07/04/2025;1;https://www.revendadecalcados.com.br/produto-8764.html;https://www.revendadecalcados.com.br/fma600/11c1b7865b9bbe122e07b3f92fd29087.jpg,https://www.revendadecalcados.com.br/fma600/ed9a063eac0adddabd4350262e0186d8.jpg,https://www.revendadecalcados.com.br/fma600/045c3d960d032c47992f3e752d3ac318.jpg,https://www.revendadecalcados.com.br/fma600/0b1a556e694430e7c0f7a2f7f5dab25d.jpg,https://www.revendadecalcados.com.br/fma600/73a85822308aa033c2aae1dfe3900329.jpg,https://www.revendadecalcados.com.br/fma600/dd2a7883b4c63061180d9794b9155892.jpg,https://www.revendadecalcados.com.br/fma600/61e880a57d0e9272f999ed633e06ef11.jpg,https://www.revendadecalcados.com.br/fma600/ac45c6db08e0b673ce71153939ca69ce.jpg,https://www.revendadecalcados.com.br/fma600/d1d71cb252b40c1c6537f7a79faf1044.jpg,https://www.revendadecalcados.com.br/fma600/9a8fdcc5f02e5cd619723e3dd58dd84e.jpg,https://www.revendadecalcados.com.br/fma600/f71f3a80d0d7f399b89d7dbe41d5dc04.jpg,https://www.revendadecalcados.com.br/fma600/218a8f907062d751868cc1f34b1fac52.jpg,https://www.revendadecalcados.com.br/fma600/3f6b90b76b12f0c4e7e933fe480e3d41.jpg;Verde;600.12
600.12A;Sapato Scarpin;Sapato Scarpin;34,8|35,2|36,10|37,10|38,9|39,0;69.90;76.89;0;Torricella;Material: Napa Caramelo e Napa Bege<br />Enfeite: Fivela de ajuste na cor Dourado<br />Forro: Napa na cor Bege<br />Palmilha: 8 mm de Espessura, Espuma em EVA, Revestida em Napa Caramelo e Taloneira Napa Bege<br />Salto: Fino com 6 cm de Altura Pintado na Cor Caramelo<br />Solado de PVC com antiderrapante na cor Bege.;28 x 20 x 9.5;600;07/04/2025;1;https://www.revendadecalcados.com.br/produto-8763.html;https://www.revendadecalcados.com.br/fma600/5998dbbf5aa029ec41463dc413e812c4.jpg,https://www.revendadecalcados.com.br/fma600/557ab31685b7c06c644a298f2e4a1700.jpg,https://www.revendadecalcados.com.br/fma600/b750bd9a17218d532819d6d956599b00.jpg,https://www.revendadecalcados.com.br/fma600/c82ed28dbfdef8e3bac30442aebebd4c.jpg,https://www.revendadecalcados.com.br/fma600/817e734ab1f0ee9332941e779df94ac5.jpg,https://www.revendadecalcados.com.br/fma600/74543cc0072073b8deae06c3d0d3dabe.jpg,https://www.revendadecalcados.com.br/fma600/b63084f8631d0f2a354bd08ed2d31b4c.jpeg,https://www.revendadecalcados.com.br/fma600/8582a9db345fb372d9860b6f2d102a26.jpeg,https://www.revendadecalcados.com.br/fma600/a21f3370fd3c9b184ff53023a8f8fb5d.jpeg,https://www.revendadecalcados.com.br/fma600/cdc8e8ff174fa24a3f0444acd61e6297.jpeg,https://www.revendadecalcados.com.br/fma600/184abd3447884d01545b2695cb90bf71.jpeg;Caramelo;600.12
65-13A;Sapato Scarpin;Sapato Scarpin;34,10|35,10|36,10|37,10|38,10|39,7;69.90;76.89;0;Torricella;Material: Verniz Preto<br />Enfeite: Tira com Aplique Lateral na Cor Dourado<br />Palmilha: com 8 mm de Espessura, Espuma em EVA, e Taloneira Napa Bege<br />Forro: Cacharrel, material espumado para maior conforto, na cor Preto<br />Salto: 9 cm de Altura encapado em Verniz Preto<br />Solado de PVC antiderrapante na cor Preto.;28 x 20 x 9.5;600;02/04/2025;1;https://www.revendadecalcados.com.br/produto-8762.html;https://www.revendadecalcados.com.br/fma600/98a50195432c9146e0432185ccb19cc7.jpg,https://www.revendadecalcados.com.br/fma600/7e3a923f871b704a85d4610e28dc43cf.jpg,https://www.revendadecalcados.com.br/fma600/f55152dbf0dd4c5311cd3b43a867f5f4.jpg,https://www.revendadecalcados.com.br/fma600/d36f278998e3d3a7a54a37bd0e985cc5.jpg,https://www.revendadecalcados.com.br/fma600/61c86b6e9c987b1e6091e3ac4fd91d8d.jpg,https://www.revendadecalcados.com.br/fma600/5d0a28573edce55ec884642e0ffec162.jpg,https://www.revendadecalcados.com.br/fma600/9cc89c5026b2947425c03946d596fba7.jpeg,https://www.revendadecalcados.com.br/fma600/4ec02e40362ef4e07e80ad87a8221482.png,https://www.revendadecalcados.com.br/fma600/d68c7fcb81407f42af07c4b13322f878.png,https://www.revendadecalcados.com.br/fma600/b817e8320bdcbbab5d62b55267147625.png,https://www.revendadecalcados.com.br/fma600/697dd319d7bdce4760ceb2f2e5c7d3c3.jpeg,https://www.revendadecalcados.com.br/fma600/39670af2397217a3d85b13ddd4cd5e07.jpeg;Preto;65-13
65-13B;Sapato Scarpin;Sapato Scarpin;34,5|35,10|36,10|37,10|38,10|39,4;69.90;76.89;0;Torricella;Material: Verniz Off White<br />Enfeite: Tira com Aplique Lateral na Cor Dourado<br />Palmilha: com 8 mm de Espessura, Espuma em EVA, e Taloneira Napa Bege<br />Forro: Cacharrel, material espumado para maior conforto, na cor Bege<br />Salto: 9 cm de Altura encapado em Verniz Off White<br />Solado de PVC antiderrapante na cor Bege.;28 x 20 x 9.5;600;02/04/2025;1;https://www.revendadecalcados.com.br/produto-8761.html;https://www.revendadecalcados.com.br/fma600/1c5a7470027782be7996957bce3cadf2.jpg,https://www.revendadecalcados.com.br/fma600/b8bd8a4a8a22c97e19aaf119add417d6.jpg,https://www.revendadecalcados.com.br/fma600/205fdbaa4ab911e42c86f326dae12525.jpg,https://www.revendadecalcados.com.br/fma600/1948a1e695b47c17f30f704d6cc9eb54.jpg,https://www.revendadecalcados.com.br/fma600/df8cbfc56960346570ae0d60d26f41d5.jpg,https://www.revendadecalcados.com.br/fma600/2c3b9763e0e308b4065ec354f1233d67.jpg,https://www.revendadecalcados.com.br/fma600/b583185d3a37f6a08390e799fd88e3fb.jpeg,https://www.revendadecalcados.com.br/fma600/5ba8f13d5ae926c9781abd29fe489df8.jpeg,https://www.revendadecalcados.com.br/fma600/072b17bd006019ffdf727225002bdc2a.jpeg,https://www.revendadecalcados.com.br/fma600/aa285e003061a968fbbed8702914c285.jpeg,https://www.revendadecalcados.com.br/fma600/eaa5a0f567dafaf83388979bced1912e.jpeg;Off White;65-13
65-13E;Sapato Scarpin;Sapato Scarpin;34,5|35,7|36,10|37,10|38,9|39,5;69.90;76.89;0;Torricella;Material: Verniz Verde<br />Enfeite: Tira com Aplique Lateral na Cor Dourado<br />Palmilha: com 8 mm de Espessura, Espuma em EVA, e Taloneira Napa Bege<br />Forro: Cacharrel, material espumado para maior conforto, na cor Bege<br />Salto: 9 cm de Altura encapado em Verniz Verde<br />Solado de PVC antiderrapante na cor Bege.;28 x 20 x 9.5;600;02/04/2025;1;https://www.revendadecalcados.com.br/produto-8755.html;https://www.revendadecalcados.com.br/fma600/e03b2501ec42319ba59152acb8386ddb.jpg,https://www.revendadecalcados.com.br/fma600/00ebe4e6e10df63f14c0a46dd1053cf5.jpg,https://www.revendadecalcados.com.br/fma600/92987f673999d2d81ce81b479459a234.jpg,https://www.revendadecalcados.com.br/fma600/0d902373b57eb1d970fb1977ba587c48.jpg,https://www.revendadecalcados.com.br/fma600/1e907241eaa7ff6b5f27ec4b4ad54d7f.jpg,https://www.revendadecalcados.com.br/fma600/ab850246c74d47d74a689b254af56cdc.jpg,https://www.revendadecalcados.com.br/fma600/e7714b0b7eced534db4a8b67fcec8259.jpeg,https://www.revendadecalcados.com.br/fma600/a5e754e5dbd364f0d612e3a948edbe3e.jpeg,https://www.revendadecalcados.com.br/fma600/aa8807245883ed4ed1e10d401410976b.jpeg,https://www.revendadecalcados.com.br/fma600/ffad634f6decfa8962f4af3613d0f211.jpeg,https://www.revendadecalcados.com.br/fma600/aa6d6a42ab557b404ae1ce0c28a64ed7.jpeg,https://www.revendadecalcados.com.br/fma600/2d9f05f9d159f4a8032ade4ac6a654f2.jpeg;Verde;65-13
65-13C;Sapato Scarpin;Sapato Scarpin;34,3|35,3|36,10|37,10|38,2|39,6;69.90;76.89;0;Torricella;Material: Verniz Rose<br />Enfeite: Tira com Aplique Lateral na Cor Dourado<br />Palmilha: com 8 mm de Espessura, Espuma em EVA, e Taloneira Napa Bege<br />Forro: Cacharrel, material espumado para maior conforto, na cor Bege<br />Salto: 9 cm de Altura encapado em Verniz Rose<br />Solado de PVC antiderrapante na cor Bege.;28 x 20 x 9.5;600;02/04/2025;1;https://www.revendadecalcados.com.br/produto-8754.html;https://www.revendadecalcados.com.br/fma600/9eb9874aae2acf76f9f28bd9f31d917d.jpg,https://www.revendadecalcados.com.br/fma600/4bcc212c04bb63fda9e8ab269e885a48.jpg,https://www.revendadecalcados.com.br/fma600/7ade046a4c8c29dc43c45f5d024dee13.jpg,https://www.revendadecalcados.com.br/fma600/032b91c7f6b0d67e14a901c6fd3fbc3e.jpg,https://www.revendadecalcados.com.br/fma600/054e3b19ad18128d75234359249052eb.jpg,https://www.revendadecalcados.com.br/fma600/1da7fb422a57645e51812e73888bc392.jpg,https://www.revendadecalcados.com.br/fma600/57b2a344ab0ebd0484daabb1319b8338.jpeg,https://www.revendadecalcados.com.br/fma600/8ca78b36566d9b487ff2b8dfec72341c.jpeg,https://www.revendadecalcados.com.br/fma600/bae672ff1052912dbf4f50d464b580b6.jpeg,https://www.revendadecalcados.com.br/fma600/b06d6fd5b7790bb6558224f4c0b4eabf.jpeg,https://www.revendadecalcados.com.br/fma600/8b9ddce2c2d95e1476ae3cd433a3e955.jpeg,https://www.revendadecalcados.com.br/fma600/db389f7afe6c1bdfdfa51b870745137e.jpeg;Rose;65-13
65-13F;Sapato Scarpin;Sapato Scarpin;34,7|35,6|36,2|37,8|38,10|39,2;69.90;76.89;0;Torricella;Material: Verniz Vermelho<br />Enfeite: Tira com Aplique Lateral na Cor Dourado<br />Palmilha: com 8 mm de Espessura, Espuma em EVA, e Taloneira Napa Bege<br />Forro: Cacharrel, material espumado para maior conforto, na cor Bege<br />Salto: 9 cm de Altura encapado em Verniz Vermelho<br />Solado de PVC antiderrapante na cor Bege.;28 x 20 x 9.5;600;02/04/2025;1;https://www.revendadecalcados.com.br/produto-8753.html;https://www.revendadecalcados.com.br/fma600/0165a0bb9606f3677645e648248028f7.jpg,https://www.revendadecalcados.com.br/fma600/a2c2674013df145cd3bf9a37b8c93893.jpg,https://www.revendadecalcados.com.br/fma600/2507f54da378726ca184e717d86ef891.jpg,https://www.revendadecalcados.com.br/fma600/32ff336019ba2d73928e0cf3d6ce433a.jpg,https://www.revendadecalcados.com.br/fma600/befab7eede63c8c426dcbcfde3e6375c.jpg,https://www.revendadecalcados.com.br/fma600/b4b94d0048126cc213ff1312f4deb6c3.jpg,https://www.revendadecalcados.com.br/fma600/12b6cc22775501878c9e50f12e616867.jpeg,https://www.revendadecalcados.com.br/fma600/70879b8b2b183cf82cd805daee92f219.jpeg,https://www.revendadecalcados.com.br/fma600/9e6056247d28dff611ca0db02efad0bd.jpeg,https://www.revendadecalcados.com.br/fma600/63107f2fc500265a0013bfc65ad02c6e.jpeg;Vermelho;65-13
65-13D;Sapato Scarpin;Sapato Scarpin;34,3|35,10|36,10|37,10|38,9|39,10;69.90;76.89;0;Torricella;Material: Verniz Azul<br />Enfeite: Tira com Aplique Lateral na Cor Dourado<br />Palmilha: com 8 mm de Espessura, Espuma em EVA, e Taloneira Napa Bege<br />Forro: Cacharrel, material espumado para maior conforto, na cor Bege<br />Salto: 9 cm de Altura encapado em Verniz Azul<br />Solado de PVC antiderrapante na cor Bege.;28 x 20 x 9.5;600;02/04/2025;1;https://www.revendadecalcados.com.br/produto-8752.html;https://www.revendadecalcados.com.br/fma600/015b868ce595b5d1a1e196117e61eaa1.jpg,https://www.revendadecalcados.com.br/fma600/90bf0ef80431a4ff9ea39d9ed2b47157.jpg,https://www.revendadecalcados.com.br/fma600/ff24e31784005d08edaaab7a96025345.jpg,https://www.revendadecalcados.com.br/fma600/9dfc162391cc53ebbbac088339af3c4a.jpg,https://www.revendadecalcados.com.br/fma600/503c422d127a62ac7c6e130ba395d414.jpg,https://www.revendadecalcados.com.br/fma600/d947f235faaf99d6d13be2bbf636348f.jpg,https://www.revendadecalcados.com.br/fma600/0591ea2d0c2b639631b3c0be505ad107.jpeg,https://www.revendadecalcados.com.br/fma600/5d11d883d9bc0083ff806f43717e0d99.jpeg,https://www.revendadecalcados.com.br/fma600/4b8f42d544cf639a9649d7587606e086.jpeg,https://www.revendadecalcados.com.br/fma600/7da1bf2d799f9e812ea9f0179b80ce6b.jpeg,https://www.revendadecalcados.com.br/fma600/e11c3e72215c18197f0e3037204d7e21.jpeg,https://www.revendadecalcados.com.br/fma600/9179018b96e8a01e0d89fa6a4268927f.jpeg;Azul;65-13
682C;Sapato Scarpin;Sapato Scarpin;34,2|35,1|36,0|37,0|38,7|39,3;69.90;76.89;0;Torricella;Material: Verniz Rosê / Napa Rosê<br />Enfeite: Laço na cor Napa Rosê e Fivela de Ajuste na Cor Dourado<br />Forro: Napa na cor Bege<br />Palmilha: 8 mm de Espessura, Espuma em EVA, Revestida em Verniz Rosê e Taloneira Napa Bege<br />Salto: Grosso com 6,5 cm de Altura Revestido em Verniz Rosê<br />Solado de PVC com antiderrapante na cor Bege.;28 x 20 x 9.5;600;21/10/2024;1;https://www.revendadecalcados.com.br/produto-8670.html;https://www.revendadecalcados.com.br/fma600/54acced52eb8b35fa67267569eb250e4.jpg,https://www.revendadecalcados.com.br/fma600/1457196d8e7bdbcead78003722d57abc.jpg,https://www.revendadecalcados.com.br/fma600/608a119cdf04b77a07cf9fd6ad3f3a21.jpg,https://www.revendadecalcados.com.br/fma600/32b76432bfb1e642b19d7fcdd7dc3690.jpg,https://www.revendadecalcados.com.br/fma600/6816e442e9b49e0a7fd55c503bc13935.jpg,https://www.revendadecalcados.com.br/fma600/5fecc9a602e0fa502fb3efd802bc21c6.jpg,https://www.revendadecalcados.com.br/fma600/b44e6cc55a2a1d6adfb6d6aa8b210d43.jpg,https://www.revendadecalcados.com.br/fma600/d05f47cc351c741fccb869b28497d69c.jpg,https://www.revendadecalcados.com.br/fma600/07cf4e92a22ab3683ebf480b5d9a3a67.jpg,https://www.revendadecalcados.com.br/fma600/279cf957101f99f902c967653a63ca3e.jpg;Rose;682
682B;Sapato Scarpin;Sapato Scarpin;34,3|35,6|36,7|37,0|38,2|39,8;69.90;76.89;0;Torricella;Material: Verniz Rosa / Napa Rosa<br />Enfeite: Laço na cor Napa Rosa e Fivela de Ajuste na Cor Dourado<br />Forro: Napa na cor Bege<br />Palmilha: 8 mm de Espessura, Espuma em EVA, Revestida em Verniz Rosa e Taloneira Napa Bege<br />Salto: Grosso com 6,5 cm de Altura Revestido em Verniz Rosa<br />Solado de PVC com antiderrapante na cor Bege.;28 x 20 x 9.5;600;21/10/2024;1;https://www.revendadecalcados.com.br/produto-8669.html;https://www.revendadecalcados.com.br/fma600/8757ba3a247a3e3a86c76a72697a346f.jpg,https://www.revendadecalcados.com.br/fma600/69fa1e2b31dc32776ee0463d015ca619.jpg,https://www.revendadecalcados.com.br/fma600/33ada8d5ff49152453958a03cac222bf.jpg,https://www.revendadecalcados.com.br/fma600/e9460744b342aa9a8b69e5f1d56df9d8.jpg,https://www.revendadecalcados.com.br/fma600/6488529bc0cd2807d74da0d60527b282.jpg,https://www.revendadecalcados.com.br/fma600/70a233ace0bd9e62b9239c7eec023c7a.jpg,https://www.revendadecalcados.com.br/fma600/585d12c5a07b5dacc5b9d860942ce079.jpg,https://www.revendadecalcados.com.br/fma600/a03fec7f302b4342ed6f2f4b74b306e2.jpg,https://www.revendadecalcados.com.br/fma600/cf9b4a73943e1c7f5a8867131b613351.jpg,https://www.revendadecalcados.com.br/fma600/8f36ad28795f0f9ef914ec2afa8fcb33.jpg;Rose;682
682A;Sapato Scarpin;Sapato Scarpin;34,3|35,1|36,2|37,1|38,0|39,4;69.90;76.89;0;Torricella;Material: Verniz Preto / Napa Preto<br />Enfeite: Laço na cor Napa Preto e Fivela de Ajuste na Cor Dourado<br />Forro: Napa na cor Preto<br />Palmilha: 8 mm de Espessura, Espuma em EVA, Revestida em Verniz Preto e Taloneira Napa Preto<br />Salto: Grosso com 6,5 cm de Altura Revestido em Verniz Preto<br />Solado de PVC com antiderrapante na cor Preto.;28 x 20 x 9.5;600;21/10/2024;1;https://www.revendadecalcados.com.br/produto-8668.html;https://www.revendadecalcados.com.br/fma600/b98076e36d60359df0b89589fc516cc2.jpg,https://www.revendadecalcados.com.br/fma600/533b5dccb7d5c4e39424e68026210c46.jpg,https://www.revendadecalcados.com.br/fma600/f1d1b24f6672d3be5a1f78d5d78b5a19.jpg,https://www.revendadecalcados.com.br/fma600/40d0166b36a6bd9d0ec7f24e9225861c.jpg,https://www.revendadecalcados.com.br/fma600/1ee521d2e1effe179a44557aa64e7bca.jpg,https://www.revendadecalcados.com.br/fma600/e5612cbc7f6e8f7cdb736ef508a257f3.jpg,https://www.revendadecalcados.com.br/fma600/c597a231a20c99b41a0b64df3f643c6d.jpg,https://www.revendadecalcados.com.br/fma600/b57fffde6acec88f898a5b7fd5ddad2c.jpg,https://www.revendadecalcados.com.br/fma600/ec6b1039f553e6ca54ba7e82b546b642.jpg,https://www.revendadecalcados.com.br/fma600/12bd8f10043db6f39cc1e42788d61335.jpg;Preto;682
684C;Sapato Scarpin;Sapato Scarpin;34,0|35,2|36,0|37,0|38,4|39,2;69.90;76.89;0;Torricella;Material: Napa Bege<br />Enfeite: Tiras em Nó na cor Napa Bege<br />Forro: Cacharrel, material espumado para maior conforto, na cor Bege<br />Palmilha: 8 mm de Espessura, Espuma em EVA e Taloneira Napa Bege<br />Salto: Grosso com 6,5 cm de Altura Revestido em Napa Bege<br />Solado de PVC com antiderrapante na cor Bege.;28 x 20 x 9.5;600;04/10/2024;1;https://www.revendadecalcados.com.br/produto-8633.html;https://www.revendadecalcados.com.br/fma600/104199145abf9294c13cde8abb55df27.jpg,https://www.revendadecalcados.com.br/fma600/b170108fbf9f7c28ef0ee63c22274118.jpg,https://www.revendadecalcados.com.br/fma600/9cc55b3e889b11a81fef700f7a0e4721.jpg,https://www.revendadecalcados.com.br/fma600/987137f819708ab45c4a0578840410d0.jpg,https://www.revendadecalcados.com.br/fma600/68114e3227796254107f906cacf3830d.jpg,https://www.revendadecalcados.com.br/fma600/6398532265b2381a21bdaf654ea2a16e.jpg,https://www.revendadecalcados.com.br/fma600/777d18252c81dc82b5fa5a19f2962c02.jpg,https://www.revendadecalcados.com.br/fma600/2bcdcbbd00a869952b37e1ff67421755.jpg,https://www.revendadecalcados.com.br/fma600/f400ffebd11df96624c698c5ec671197.jpg,https://www.revendadecalcados.com.br/fma600/58c97c12625b5f25d144758a666f5be8.jpg;Bege;684
684B;Sapato Scarpin;Sapato Scarpin;34,1|35,6|36,8|37,2|38,0|39,2;69.90;76.89;0;Torricella;Material: Napa Caramelo<br />Enfeite: Tiras em Nó na cor Napa Caramelo<br />Forro: Cacharrel, material espumado para maior conforto, na cor Bege<br />Palmilha: 8 mm de Espessura, Espuma em EVA e Taloneira Napa Bege<br />Salto: Grosso com 6,5 cm de Altura Revestido em Napa Caramelo<br />Solado de PVC com antiderrapante na cor Bege.;28 x 20 x 9.5;600;04/10/2024;1;https://www.revendadecalcados.com.br/produto-8632.html;https://www.revendadecalcados.com.br/fma600/0ffb167d0415b4785b4f7423c1fe6eac.jpg,https://www.revendadecalcados.com.br/fma600/4beb446f4ed36b5139ee6401f244c4a1.jpg,https://www.revendadecalcados.com.br/fma600/76d1ad031663d62e70356fd162872687.jpg,https://www.revendadecalcados.com.br/fma600/996788c3261b5906b87d628188854f13.jpg,https://www.revendadecalcados.com.br/fma600/830a3a90e993ad7320781147efafa8d0.jpg,https://www.revendadecalcados.com.br/fma600/462e52113da69b77a42233ff277400f6.jpg,https://www.revendadecalcados.com.br/fma600/cb6e13bd000d4f89ce25b8ccd076f777.jpg,https://www.revendadecalcados.com.br/fma600/54892ddff324fde3c32cfdc70588ea44.jpg,https://www.revendadecalcados.com.br/fma600/c4d045b4205dff9f537718624c91d5b4.jpg,https://www.revendadecalcados.com.br/fma600/205f23879d20880b911e658eec5cd414.jpg;Caramelo;684
684A;Sapato Scarpin;Sapato Scarpin;34,0|35,0|36,0|37,0|38,6|39,3;69.90;76.89;0;Torricella;Material: Napa Preto<br />Enfeite: Tiras em Nó na cor Napa Preto<br />Forro: Cacharrel, material espumado para maior conforto, na cor Preto<br />Palmilha: 8 mm de Espessura, Espuma em EVA e Taloneira Napa Preto<br />Salto: Grosso com 6,5 cm de Altura Revestido em Napa Preto<br />Solado de PVC com antiderrapante na cor Preto.;28 x 20 x 9.5;600;04/10/2024;1;https://www.revendadecalcados.com.br/produto-8631.html;https://www.revendadecalcados.com.br/fma600/e7171ffe215fb492ca6946ff6291ce54.jpg,https://www.revendadecalcados.com.br/fma600/bab60554ca1608c8fba40f859e18dda5.jpg,https://www.revendadecalcados.com.br/fma600/54bfae2173b185f3cbbe249d3ba7c8b1.jpg,https://www.revendadecalcados.com.br/fma600/82441d4b9590cc2aca20e8b8d1620a9c.jpg,https://www.revendadecalcados.com.br/fma600/9952feaf794cac6cdb9a1211053483aa.jpg,https://www.revendadecalcados.com.br/fma600/857c3ccdc1b120dd224b7eadd3a15199.jpg,https://www.revendadecalcados.com.br/fma600/2573f9eb4a4912cf1250bcb592d8f09c.jpg,https://www.revendadecalcados.com.br/fma600/8b060d79c7b1d98729afff7a70d56a75.jpg,https://www.revendadecalcados.com.br/fma600/fea47e6e8744cb0c9e73d82b33367fcf.jpg,https://www.revendadecalcados.com.br/fma600/eeb620bca7b51eaf65590be316f24b2a.jpg,https://www.revendadecalcados.com.br/fma600/7bd8eac32631613a2e5b1f2bd4d3b38a.jpg,https://www.revendadecalcados.com.br/fma600/fe5ddd6d84195a0b17c6053ce8773e7a.jpg;Preto;684
771A;Sapato Boneca Mary Jane;Sapato Scarpin;34,8|35,2|36,0|37,0|38,3|39,0;69.90;76.89;0;Torricella;Material: Verniz Preto e Verniz Off White<br />Enfeite: Laço em Verniz Off White<br />Palmilha: com 8 mm de Espessura, Espuma em EVA, e Taloneira Napa Preto<br />Forro: Cacharrel, material espumado para maior conforto, na cor Preto<br />Salto: 7 cm de Altura encapado em Verniz Preto<br />Solado de PVC antiderrapante na cor Preto.;28 x 20 x 9.5;600;18/04/2024;1;https://www.revendadecalcados.com.br/produto-8540.html;https://www.revendadecalcados.com.br/fma600/bcd7100a3b88b843ed386c4d1bfab7c1.jpg,https://www.revendadecalcados.com.br/fma600/285aa725871cefe2cb74306eee652595.jpg,https://www.revendadecalcados.com.br/fma600/d5483ab09e5e41e8c0b3d4cc8efddae4.jpg,https://www.revendadecalcados.com.br/fma600/4d98c76ea7c102edeb04393d4dc901b3.jpg,https://www.revendadecalcados.com.br/fma600/8db5af1e4e6c951a03d267f791d65100.jpg,https://www.revendadecalcados.com.br/fma600/7f0439070a2d92e8f0911f974bf24327.jpg,https://www.revendadecalcados.com.br/fma600/e0d53816baa3acb5f30adfc2d13159fa.jpg,https://www.revendadecalcados.com.br/fma600/005808e5254321a5a1bd51beddc26144.jpg,https://www.revendadecalcados.com.br/fma600/ed6cc2e40110741146eb02f24ac1f890.jpg,https://www.revendadecalcados.com.br/fma600/b1c258d5a6756a2c7514d853dc1d74e6.jpg,https://www.revendadecalcados.com.br/fma600/ca294fd550802ede749988776ee98ce6.jpg,https://www.revendadecalcados.com.br/fma600/1534514ea5a1a72dde71c877fde59857.jpg,https://www.revendadecalcados.com.br/fma600/261392c5faedef77da70566b6e5a5bae.jpg,https://www.revendadecalcados.com.br/fma600/ea8a581e51f0e6ca02164f6f5d49990c.jpg;Preto;771
601D;Sapato Scarpin;Sapato Scarpin;34,2|35,3|36,2|37,2|38,0|39,2;69.90;76.89;0;Torricella;Material: Napa Metalizado Ouro Light<br />Palmilha: com 8 mm de Espessura, Espuma em EVA, e Taloneira Napa Bege<br />Forro: Cacharrel, material espumado para maior conforto, na cor Bege<br />Salto: 6,5 cm de Altura encapado em Napa Metalizado Ouro Light<br />Solado de PVC antiderrapante na cor Bege.;28 x 20 x 9.5;600;23/02/2024;1;https://www.revendadecalcados.com.br/produto-8490.html;https://www.revendadecalcados.com.br/fma600/19b03fa919648a02961e5a0812b4cb8f.jpg,https://www.revendadecalcados.com.br/fma600/49b15b46dc9c4b2f9cf19ba1a7272287.jpg,https://www.revendadecalcados.com.br/fma600/40b315b96ce314ce104e1fe5697d590d.jpg,https://www.revendadecalcados.com.br/fma600/f313587ee2bc24fd00191119196f4cd4.jpg,https://www.revendadecalcados.com.br/fma600/ec0efda73eb2141363c15e6ef664ccc9.jpg,https://www.revendadecalcados.com.br/fma600/d17c60a9021b52c76711329fcb97d165.jpg,https://www.revendadecalcados.com.br/fma600/518e82604dd413e44380db744182f13d.jpg,https://www.revendadecalcados.com.br/fma600/d86b2405e07ad33bc3d7615c864c092b.jpg,https://www.revendadecalcados.com.br/fma600/573e25ab2964fb20550913428e9d4475.jpg,https://www.revendadecalcados.com.br/fma600/9f4ac0242575cf19f5cf11677297233a.jpg,https://www.revendadecalcados.com.br/fma600/124d8a5c12128d23ebefa79436fa1885.jpg,https://www.revendadecalcados.com.br/fma600/a37b660f77fd15a1f24dd5b634bef230.jpg,https://www.revendadecalcados.com.br/fma600/008d3a31eea67da9e4db5799a554b7ae.jpg,https://www.revendadecalcados.com.br/fma600/a686cf38c7cd3be9563a8bafaae66a55.jpg,https://www.revendadecalcados.com.br/fma600/7644339b3760077cc3e8a35d7867228a.jpg,https://www.revendadecalcados.com.br/fma600/8748c3cdc1adcd03ffb29185fcbd6e06.jpg;Dourado;601
606C;Sapato Scarpin;Sapato Scarpin;34,1|35,2|36,0|37,0|38,0|39,1;69.90;76.89;0;Torricella;Material: Verniz Rose<br />Enfeite: Fivela de Ajuste na Cor Dourado<br />Palmilha: com 8 mm de Espessura, Espuma em EVA, Revestida com Verniz Rose e Taloneira Napa Bege<br />Forro: Napa na cor Bege<br />Salto: 6,5 cm de Altura encapado em Verniz Rose<br />Solado de PVC antiderrapante na cor Bege.;28 x 20 x 9.5;600;23/02/2024;1;https://www.revendadecalcados.com.br/produto-8488.html;https://www.revendadecalcados.com.br/fma600/d6c45a1b909074edcfb2cc5a11b91388.jpg,https://www.revendadecalcados.com.br/fma600/12911a75c21a5e893322f2cebbf2b825.jpg,https://www.revendadecalcados.com.br/fma600/8df15365bf4ec640413e0c940612352f.jpg,https://www.revendadecalcados.com.br/fma600/1ef358020af9fd87e879b8e85abcc136.jpg,https://www.revendadecalcados.com.br/fma600/e0cc9c824512734a7ae9640a04cbd330.jpg,https://www.revendadecalcados.com.br/fma600/94f77d5d31015c1b77b516594d3e6143.jpg,https://www.revendadecalcados.com.br/fma600/84e2d4244aceb218ccdbcae8a6efefd1.jpg,https://www.revendadecalcados.com.br/fma600/401afa4ca5698f1438ef8865f6998531.jpg,https://www.revendadecalcados.com.br/fma600/39dc2070237f3bdea7361a107c5cfa1c.jpg,https://www.revendadecalcados.com.br/fma600/123afb06ff12198365c0aef4a4c628f7.jpg,https://www.revendadecalcados.com.br/fma600/b576d39f87f03698e28e35015b16eac9.jpg,https://www.revendadecalcados.com.br/fma600/d376e25aa69bc078f0e14d112f8282bd.jpg,https://www.revendadecalcados.com.br/fma600/2d878ea1c0886f492f285f005aa6891a.jpg,https://www.revendadecalcados.com.br/fma600/e6ca93122aaf6ba5e63a18d26fc1cbb7.jpg,https://www.revendadecalcados.com.br/fma600/c74e34862038b8785561ed7bd80e17bb.jpg,https://www.revendadecalcados.com.br/fma600/0aff954229ec7c41474e0ee6dd2d953e.jpg;Rose;606
606B;Sapato Scarpin;Sapato Scarpin;34,3|35,4|36,10|37,10|38,2|39,7;69.90;76.89;0;Torricella;Material: Verniz Off White<br />Enfeite: Fivela de Ajuste na Cor Dourado<br />Palmilha: com 8 mm de Espessura, Espuma em EVA, Revestida com Verniz Off White e Taloneira Napa Bege<br />Forro: Napa na cor Bege<br />Salto: 6,5 cm de Altura encapado em Verniz Off White<br />Solado de PVC antiderrapante na cor Bege.;28 x 20 x 9.5;600;23/02/2024;1;https://www.revendadecalcados.com.br/produto-8487.html;https://www.revendadecalcados.com.br/fma600/525168424955cfda3988ec82003b15eb.jpg,https://www.revendadecalcados.com.br/fma600/f76c37cd7e64f58a61cf281ceb43a910.jpg,https://www.revendadecalcados.com.br/fma600/256890d6959b3ca7f2ea2522cf9bc2aa.jpg,https://www.revendadecalcados.com.br/fma600/f1f4cb07a5ad16ba47af87ee54ae2bc7.jpg,https://www.revendadecalcados.com.br/fma600/31e276c10c349c47b387e62e81af67ee.jpg,https://www.revendadecalcados.com.br/fma600/cfa6e518813489dc74483f1d6d5fcb5a.jpg,https://www.revendadecalcados.com.br/fma600/d2c9523dee2d161cf8c57386b2e50dbf.jpg,https://www.revendadecalcados.com.br/fma600/3a2ab80109c5adfcae5ecbf2a454bddb.jpg,https://www.revendadecalcados.com.br/fma600/6de6bd25187d8b5d149cba369c3f5f24.jpg,https://www.revendadecalcados.com.br/fma600/a327752933b989951a60de691a3a9917.jpg,https://www.revendadecalcados.com.br/fma600/6206ee0af6ebacbf8a61e263135c2809.jpg,https://www.revendadecalcados.com.br/fma600/ecbec6297f74e2607db0a7d5b9ab1518.jpg,https://www.revendadecalcados.com.br/fma600/a7fd9ba4a7c45ef4b2c505bb8e489f8a.jpg,https://www.revendadecalcados.com.br/fma600/81a92e5bd29d6f33b582ff886dd53d71.jpg,https://www.revendadecalcados.com.br/fma600/9b4bd9c49d1cefcdfc567df42e677717.jpg,https://www.revendadecalcados.com.br/fma600/0a109b8fd472e40377001aa22d039a4f.jpg;Off White;606
606A;Sapato Scarpin;Sapato Scarpin;34,4|35,5|36,10|37,10|38,1|39,2;69.90;76.89;0;Torricella;Material: Verniz Preto<br />Enfeite: Fivela de Ajuste na Cor Dourado<br />Palmilha: com 8 mm de Espessura, Espuma em EVA, Revestida com Verniz Preto e Taloneira Napa Preto<br />Forro: Napa na cor Preto<br />Salto: 6,5 cm de Altura encapado em Verniz Preto<br />Solado de PVC antiderrapante na cor Preto.;28 x 20 x 9.5;600;23/02/2024;1;https://www.revendadecalcados.com.br/produto-8486.html;https://www.revendadecalcados.com.br/fma600/acf08e617571adb8b0103e900ea75c56.jpg,https://www.revendadecalcados.com.br/fma600/501e14faa4b1ae08f4d248142baf6650.jpg,https://www.revendadecalcados.com.br/fma600/940453bf029528eb35c1e948e359e2b0.jpg,https://www.revendadecalcados.com.br/fma600/7ca8088fd543b2e2242958fdfe777436.jpg,https://www.revendadecalcados.com.br/fma600/26076e3700976a412ee311a7e2729b9e.jpg,https://www.revendadecalcados.com.br/fma600/190b98381ffd79745bc3826e33a2a537.jpg,https://www.revendadecalcados.com.br/fma600/dad9d03c0a11d58d4d381737bcfc4949.jpg,https://www.revendadecalcados.com.br/fma600/41b7c6b701765f59ea96f613eb5c6580.jpg,https://www.revendadecalcados.com.br/fma600/90f8e5627aa6ad9b05c1199f8e933d79.jpg,https://www.revendadecalcados.com.br/fma600/e88f30c5ff765f3007367a73f5255375.jpg,https://www.revendadecalcados.com.br/fma600/b05712cd5211efea5f3b10fd19c96435.jpg,https://www.revendadecalcados.com.br/fma600/f1dbe9094b60a6d9073c243ab82c52fc.jpg,https://www.revendadecalcados.com.br/fma600/d45c8aa0282ccef53e89ade13815a065.jpg,https://www.revendadecalcados.com.br/fma600/c4ce749808be6165255f9a67cb192025.jpg,https://www.revendadecalcados.com.br/fma600/f3a69d6acad18ac3c988fd4064434ad1.jpg,https://www.revendadecalcados.com.br/fma600/d408831a53de81462069a430f556b9be.jpg;Preto;606
65-03G;Sapato Scarpin;Sapato Scarpin;34,10|35,1|36,0|37,1|38,10|39,10;69.90;76.89;0;Torricella;Material: Napa Metalizado Ouro Light<br />Enfeite: Fivela de Ajuste na Cor Dourado<br />Palmilha: com 8 mm de Espessura, Espuma em EVA, Revestida com Napa Metalizado Ouro Light e Taloneira Napa Bege<br />Forro: Cacharrel, material espumado para maior conforto, na cor Bege<br />Salto: 9 cm de Altura encapado em Napa Metalizado Ouro Light<br />Solado de PVC antiderrapante na cor Bege.;28 x 20 x 9.5;600;23/02/2024;1;https://www.revendadecalcados.com.br/produto-8485.html;https://www.revendadecalcados.com.br/fma600/625774f013b1337ec3a335a0c0e09754.jpg,https://www.revendadecalcados.com.br/fma600/27c8fecaf8fffcd429407a7f73d9f18f.jpg,https://www.revendadecalcados.com.br/fma600/53a2636fc6fbbd8edf90a7c0703d7569.jpg,https://www.revendadecalcados.com.br/fma600/587674299a6ee02896c91707ada22188.jpg,https://www.revendadecalcados.com.br/fma600/1fb309cd09f2edce012bed8632caf972.jpg,https://www.revendadecalcados.com.br/fma600/6765db8c2d66452f1603cea620c8038e.jpg,https://www.revendadecalcados.com.br/fma600/416aba50916c7e98724a3da3f3e13e89.jpg,https://www.revendadecalcados.com.br/fma600/0296549eba031cf4f0d0258a1bb299a6.jpg,https://www.revendadecalcados.com.br/fma600/52fda7cfc734718df74e2c2b5a87de2c.jpg,https://www.revendadecalcados.com.br/fma600/f23ec70669ad6d73f226760a6a05e159.jpg,https://www.revendadecalcados.com.br/fma600/a2bab218ac004720ff5d264797a8c1d9.jpg,https://www.revendadecalcados.com.br/fma600/1d90f86c4df7ade834a95d70bbcb2bd5.jpg,https://www.revendadecalcados.com.br/fma600/9aa7f1d32c241b600bf5baef0b75a810.jpg;Dourado;65-03
65-03F;Sapato Scarpin;Sapato Scarpin;34,1|35,5|36,1|37,2|38,3|39,1;69.90;76.89;0;Torricella;Material: Verniz Vermelho<br />Enfeite: Fivela de Ajuste na Cor Dourado<br />Palmilha: com 8 mm de Espessura, Espuma em EVA, Revestida com Verniz Vermelho e Taloneira Napa Bege<br />Forro: Cacharrel, material espumado para maior conforto, na cor Bege<br />Salto: 9 cm de Altura encapado em Verniz Vermelho<br />Solado de PVC antiderrapante na cor Bege.;28 x 20 x 9.5;600;23/02/2024;1;https://www.revendadecalcados.com.br/produto-8484.html;https://www.revendadecalcados.com.br/fma600/0a0395f2f83e746d2e7402b2c27007e5.jpg,https://www.revendadecalcados.com.br/fma600/312b171978fd2f231eea6a8367627287.jpg,https://www.revendadecalcados.com.br/fma600/09425dbaf729ff8bf61c0cd5c1a1c2fc.jpg,https://www.revendadecalcados.com.br/fma600/f5d3b1a6eaedbbbf9434d99d39987d47.jpg,https://www.revendadecalcados.com.br/fma600/e233daa74c08bb36ee483ed290f7e7e3.jpg,https://www.revendadecalcados.com.br/fma600/7492d28e8c852878b79c7dea1f709775.jpg,https://www.revendadecalcados.com.br/fma600/238874873099b804fac5c44097557a6b.jpg,https://www.revendadecalcados.com.br/fma600/3224cf2ee9bc24fc556bb3f765f29eb8.jpg,https://www.revendadecalcados.com.br/fma600/d45836c1cedd246cbc9771ec75830438.jpg,https://www.revendadecalcados.com.br/fma600/c97c64da387a364dd268c60fd368b5cf.jpg,https://www.revendadecalcados.com.br/fma600/9b100365c6394a831aac2a9a7a8d09eb.jpg,https://www.revendadecalcados.com.br/fma600/a682b03c3de33813f25fc4be5eb20ae8.jpg,https://www.revendadecalcados.com.br/fma600/576cd3b88d15448911405c452a4b2702.jpg;Vermelho;65-03
65-03E;Sapato Scarpin;Sapato Scarpin;34,2|35,1|36,1|37,2|38,0|39,5;69.90;76.89;0;Torricella;Material: Verniz Azul<br />Enfeite: Fivela de Ajuste na Cor Dourado<br />Palmilha: com 8 mm de Espessura, Espuma em EVA, Revestida com Verniz Azul e Taloneira Napa Bege<br />Forro: Cacharrel, material espumado para maior conforto, na cor Bege<br />Salto: 9 cm de Altura encapado em Verniz Azul<br />Solado de PVC antiderrapante na cor Bege.;28 x 20 x 9.5;600;23/02/2024;1;https://www.revendadecalcados.com.br/produto-8483.html;https://www.revendadecalcados.com.br/fma600/84ff6da7aeec7c9144bb1fe863afab1f.jpg,https://www.revendadecalcados.com.br/fma600/b4a0eaf719dd3c96ff6b271cd5b8a33b.jpg,https://www.revendadecalcados.com.br/fma600/0509e9a080905817433a1e9ee8bd0955.jpg,https://www.revendadecalcados.com.br/fma600/7a7a3d9bf3eb06752e5a84042af23669.jpg,https://www.revendadecalcados.com.br/fma600/c60154e1d614d1a152c8cbbba375a7e6.jpg,https://www.revendadecalcados.com.br/fma600/b5036acbec5d6ba2ffe726ae4a64f078.jpg,https://www.revendadecalcados.com.br/fma600/92e5a075bb4a921856de2671a535b5d2.jpg,https://www.revendadecalcados.com.br/fma600/c436a73d89b797350b43c03dd205e6cc.jpg,https://www.revendadecalcados.com.br/fma600/e9f87d061c16335795cbb160394b3655.jpg,https://www.revendadecalcados.com.br/fma600/ceaa5352ca9bbb53336108a2145b3847.jpg,https://www.revendadecalcados.com.br/fma600/9c8df8ba66220c0ed31c59e66be4b727.jpg,https://www.revendadecalcados.com.br/fma600/d934ff67842201e4277c4ddfde42eb20.jpg,https://www.revendadecalcados.com.br/fma600/e72838d9140315a1567e48a196e122c3.jpg;Azul;65-03
65-03D;Sapato Scarpin;Sapato Scarpin;34,3|35,1|36,4|37,2|38,7|39,1;69.90;76.89;0;Torricella;Material: Verniz Rose<br />Enfeite: Fivela de Ajuste na Cor Dourado<br />Palmilha: com 8 mm de Espessura, Espuma em EVA, Revestida com Verniz Rose e Taloneira Napa Bege<br />Forro: Cacharrel, material espumado para maior conforto, na cor Bege<br />Salto: 9 cm de Altura encapado em Verniz Rose<br />Solado de PVC antiderrapante na cor Bege.;28 x 20 x 9.5;600;23/02/2024;1;https://www.revendadecalcados.com.br/produto-8482.html;https://www.revendadecalcados.com.br/fma600/42bbb580a75c9ab04ae96ce7a3de1c87.jpg,https://www.revendadecalcados.com.br/fma600/2dc7193174a79fce2632f5792fcd40ac.jpg,https://www.revendadecalcados.com.br/fma600/5609618779e91b9656cb09e710790a3d.jpg,https://www.revendadecalcados.com.br/fma600/0a44676eca147b90183a4b42cac6ec80.jpg,https://www.revendadecalcados.com.br/fma600/082dc596375c36662959eefdabc727dc.jpg,https://www.revendadecalcados.com.br/fma600/6ce898fc3b740ed7944cb5a02dfc8c4d.jpg,https://www.revendadecalcados.com.br/fma600/a5759e71683880ef6319a8b8f39e8fbd.jpg,https://www.revendadecalcados.com.br/fma600/cde9567c2ef9f6e49b5f617d3d2adc01.jpg,https://www.revendadecalcados.com.br/fma600/d4cf3419e47d46e5cd9b8b839be8a7fd.jpeg,https://www.revendadecalcados.com.br/fma600/31fa3561fa607a14b6731b605adbecfb.jpeg,https://www.revendadecalcados.com.br/fma600/238d97cb4de2b5a394c4599476a37753.jpeg,https://www.revendadecalcados.com.br/fma600/5f7bafc1630174289673d33ccde30470.jpeg;Rose;65-03
65-03C;Sapato Scarpin;Sapato Scarpin;34,3|35,6|36,1|37,1|38,4|39,5;69.90;76.89;0;Torricella;Material: Verniz Caramelo<br />Enfeite: Fivela de Ajuste na Cor Dourado<br />Palmilha: com 8 mm de Espessura, Espuma em EVA, Revestida com Verniz Caramelo e Taloneira Napa Bege<br />Forro: Cacharrel, material espumado para maior conforto, na cor Bege<br />Salto: 9 cm de Altura encapado em Verniz Caramelo<br />Solado de PVC antiderrapante na cor Bege.;28 x 20 x 9.5;600;23/02/2024;1;https://www.revendadecalcados.com.br/produto-8481.html;https://www.revendadecalcados.com.br/fma600/04a4c4f842405f34b187a6eca751746a.jpg,https://www.revendadecalcados.com.br/fma600/4884bb533e47071c6afdd978d1a754a8.jpg,https://www.revendadecalcados.com.br/fma600/f48c19eecc774a3901c0191e305e4815.jpg,https://www.revendadecalcados.com.br/fma600/3ec23742fe0c2cd8c41ce2998a1e2c42.jpg,https://www.revendadecalcados.com.br/fma600/b1020cef399a5a35efd9a6b2a2fc98a7.jpg,https://www.revendadecalcados.com.br/fma600/4ed977aeb54794268a96319efe2e003e.jpg,https://www.revendadecalcados.com.br/fma600/fdb4cfe437f2f6e136c5dbc14d46af6c.jpg,https://www.revendadecalcados.com.br/fma600/8a3ae1b72faa6af8d7ae0dfc9ceecd26.jpg,https://www.revendadecalcados.com.br/fma600/a032161f7e7602d4a969942c724f4f1d.jpg,https://www.revendadecalcados.com.br/fma600/c914043d511efe4d76d43beb57f8ec02.jpg,https://www.revendadecalcados.com.br/fma600/b09a3d03a1f3707b8972830c9f1d6918.jpg,https://www.revendadecalcados.com.br/fma600/7aa7cc8d3ff63d07f8254da92fb23dac.jpg,https://www.revendadecalcados.com.br/fma600/554ae7e1a31b7e776743762bca3e4936.jpg;Caramelo;65-03
65-03B;Sapato Scarpin;Sapato Scarpin;34,4|35,10|36,10|37,10|38,7|39,4;69.90;76.89;0;Torricella;Material: Verniz Off White<br />Enfeite: Fivela de Ajuste na Cor Dourado<br />Palmilha: com 8 mm de Espessura, Espuma em EVA, Revestida com Verniz Off White e Taloneira Napa Bege<br />Forro: Cacharrel, material espumado para maior conforto, na cor Bege<br />Salto: 9 cm de Altura encapado em Verniz Off White<br />Solado de PVC antiderrapante na cor Bege.;28 x 20 x 9.5;600;23/02/2024;1;https://www.revendadecalcados.com.br/produto-8480.html;https://www.revendadecalcados.com.br/fma600/9179af5b92fd9ac42a365d50d365360d.jpg,https://www.revendadecalcados.com.br/fma600/10b51837f87243da3a0a1f6bf34def1b.jpg,https://www.revendadecalcados.com.br/fma600/e7c109f7be221059d449128a8e0a7dd0.jpg,https://www.revendadecalcados.com.br/fma600/bbd936fab73e6d24e86f1551f63e8b94.jpg,https://www.revendadecalcados.com.br/fma600/26d3eb0c150ae2bdf3589dbf08fa49e5.jpg,https://www.revendadecalcados.com.br/fma600/0ae30cbd42c9861b5374fb8fb6bab568.jpg,https://www.revendadecalcados.com.br/fma600/d66465a6ed2834e6f66191f8905dd71d.jpg,https://www.revendadecalcados.com.br/fma600/2d5bda6389717d8967ff87b1d9f12f65.jpg,https://www.revendadecalcados.com.br/fma600/c169db5ad0469b2c27d35782d0fd88c5.jpg,https://www.revendadecalcados.com.br/fma600/e1e83a3c4939af25c0c674183a84bcc6.jpg,https://www.revendadecalcados.com.br/fma600/0bd930fee44ab488a3127d72baeef2ba.jpg,https://www.revendadecalcados.com.br/fma600/855b8258af4bc01ac6a738a34833b5cf.jpg;Off White;65-03
65-03A;Sapato Scarpin;Sapato Scarpin;34,1|35,0|36,0|37,3|38,3|39,1;69.90;76.89;0;Torricella;Material: Verniz Preto<br />Enfeite: Fivela de Ajuste na Cor Dourado<br />Palmilha: com 8 mm de Espessura, Espuma em EVA, Revestida com Verniz Preto e Taloneira Napa Preto<br />Forro: Cacharrel, material espumado para maior conforto, na cor Preto<br />Salto: 9 cm de Altura encapado em Verniz Preto<br />Solado de PVC antiderrapante na cor Preto.;28 x 20 x 9.5;600;23/02/2024;1;https://www.revendadecalcados.com.br/produto-8479.html;https://www.revendadecalcados.com.br/fma600/c0820f41e48d803fe57a519b8817be22.jpg,https://www.revendadecalcados.com.br/fma600/d0c8791c85b8465b7b90656845c5d2db.jpg,https://www.revendadecalcados.com.br/fma600/8e5249fe3edc4f1da58becc6c694955f.jpg,https://www.revendadecalcados.com.br/fma600/bd869e11a29b191bfc03cf978372cd06.jpg,https://www.revendadecalcados.com.br/fma600/4945fbeb513630797831fcdefac9b150.jpg,https://www.revendadecalcados.com.br/fma600/bfd78a0551b32d0692ab945fd3e46af4.jpg,https://www.revendadecalcados.com.br/fma600/6b15e001b27979843f6edf235a9c52b9.jpg,https://www.revendadecalcados.com.br/fma600/318655b851f5c9b12f32a5b4be9adda1.jpg,https://www.revendadecalcados.com.br/fma600/0b83993de2cb9575f4859f9181374dae.jpg,https://www.revendadecalcados.com.br/fma600/6550733242431ba9565eb1193fb35e68.jpg,https://www.revendadecalcados.com.br/fma600/c2a3d7c07558aeec557686da4edf3edb.jpg;Preto;65-03
700A;Sapato Scarpin Bico Redondo;Sapato Scarpin;34,5|35,9|36,1|37,1|38,5|39,0;69.90;76.89;0;Torricella;Material: Verniz Preto<br />Palmilha: com 8 mm de Espessura, Espuma em EVA, e Taloneira Napa Preto<br />Forro: Cacharrel, material espumado para maior conforto, na cor Preto<br />Salto: 7,5 cm de Altura encapado em Verniz Preto<br />Solado de PVC antiderrapante na cor Preto.;28 x 20 x 9.5;600;23/02/2024;1;https://www.revendadecalcados.com.br/produto-8463.html;https://www.revendadecalcados.com.br/fma600/19eb9a902994f474922116d7bf481b0a.jpg,https://www.revendadecalcados.com.br/fma600/95a5759e333b899cc9730ffff52b2f7a.jpg,https://www.revendadecalcados.com.br/fma600/01bdeb1c5850cbe932883c77b8009d1a.jpg,https://www.revendadecalcados.com.br/fma600/fbc6b9cf7be58640bd404d83e8322f55.jpg,https://www.revendadecalcados.com.br/fma600/deadfb1ccef7e32448211bbd03b9ecda.jpg,https://www.revendadecalcados.com.br/fma600/d0592749aa9c8facec83d84941f4c95b.jpg,https://www.revendadecalcados.com.br/fma600/8ceeedd985b5c5782f1bc8a68dcfc024.jpg,https://www.revendadecalcados.com.br/fma600/041417b1fa91a6a8f40422dc9a4be2b3.jpg;Preto;700
9200-113D;Sapato Scarpin Bico Fino;Sapato Scarpin;34,3|35,7|36,2|37,7|38,4|39,4;69.90;76.89;0;Torricella;Material: Napa Bege<br />Palmilha: Confort com 8 mm de Espessura, Espuma em EVA, Revestida com Napa Bege e Taloneira Napa Bege<br />Enfeite: Tiras em Nó na cor Napa Bege<br />Forro: Cacharrel, material espumado para maior conforto, na cor Bege<br />Salto: 10 cm de Altura Pintado na cor Bege<br />Solado de PVC antiderrapante na cor Bege.;28 x 20 x 9.5;600;21/08/2023;1;https://www.revendadecalcados.com.br/produto-8183.html;https://www.revendadecalcados.com.br/fma600/1a536c923074e77e34ab86dd3b50114e.jpg,https://www.revendadecalcados.com.br/fma600/25884deadfde70606eb9eefa450910ed.jpg,https://www.revendadecalcados.com.br/fma600/71601db6c42b398871ed3129bfe12652.jpg,https://www.revendadecalcados.com.br/fma600/1f788636aa8a1165307790f0118f1ccb.jpg,https://www.revendadecalcados.com.br/fma600/a4347b3617246110a2c2db7643b93a1b.jpg,https://www.revendadecalcados.com.br/fma600/3efc957529be01e291cdf4c58446b29e.jpg;Bege;9200-113
9200-113C;Sapato Scarpin Bico Fino;Sapato Scarpin;34,0|35,0|36,4|37,4|38,4|39,4;69.90;76.89;0;Torricella;Material: Napa Off White<br />Palmilha: Confort com 8 mm de Espessura, Espuma em EVA, Revestida com Napa Off White e Taloneira Napa Off White<br />Enfeite: Tiras em Nó na cor Napa Off White<br />Forro: Cacharrel, material espumado para maior conforto, na cor Bege<br />Salto: 10 cm de Altura Pintado na cor Off White<br />Solado de PVC antiderrapante na cor Bege.;28 x 20 x 9.5;600;21/08/2023;1;https://www.revendadecalcados.com.br/produto-8182.html;https://www.revendadecalcados.com.br/fma600/2f7b6aadff6b7da3573be2849f2dc830.jpg,https://www.revendadecalcados.com.br/fma600/5047fef3f55a513e55ffcc68b67c0ee4.jpg,https://www.revendadecalcados.com.br/fma600/dcb6d0ee4246b7db8a7c1c423244eabc.jpg,https://www.revendadecalcados.com.br/fma600/8b521d96fd568515cc048d19631e67f5.jpg,https://www.revendadecalcados.com.br/fma600/3b9fda99cf0821bbf70bdc86cfd8fd0e.jpg,https://www.revendadecalcados.com.br/fma600/c917557e11251151100392435bc8b662.jpg,https://www.revendadecalcados.com.br/fma600/fc9a8574d550c06bbb426376481da1ee.jpg,https://www.revendadecalcados.com.br/fma600/4cf516a73dd077cf7fa08667e0950081.jpg,https://www.revendadecalcados.com.br/fma600/a63df4658c0fe447283f18b46fd40fb0.jpg,https://www.revendadecalcados.com.br/fma600/1bcca401084dae9cdb77acf009424a32.jpg,https://www.revendadecalcados.com.br/fma600/d7220b8e2934d918a7e68961c5af271b.jpg,https://www.revendadecalcados.com.br/fma600/e303e7932ac9b7256b7312dcca5fe18a.jpg,https://www.revendadecalcados.com.br/fma600/0e6ad58107806a8717463f4ada868f95.jpg,https://www.revendadecalcados.com.br/fma600/354385ded5a14c9461925cf85b992f1a.jpg;Off White;9200-113
9200-117D;Sapato Scarpin Saia e Blusa;Sapato Scarpin;34,2|35,4|36,5|37,0|38,4|39,2;69.90;76.89;0;Torricella;Material: Verniz Vermelho<br />Palmilha: Confort com 8 mm de Espessura, Espuma em EVA, Revestida com Verniz Vermelho e Taloneira em Verniz Vermelho<br />Enfeite: Fivela de Ajuste na cor Dourado<br />Forro: Sintético na cor Bege<br />Salto: 10 cm de altura Pintado na Cor Vermelho<br />Solado de PVC antiderrapante na cor Bege.;28 x 20 x 9.5;600;21/08/2023;1;https://www.revendadecalcados.com.br/produto-8175.html;https://www.revendadecalcados.com.br/fma600/2d40b5088f4a4cfa31dd4fd997fd6ad6.jpg,https://www.revendadecalcados.com.br/fma600/087eba76c10e07446d74be06e3add90d.jpg,https://www.revendadecalcados.com.br/fma600/8b0c3a947b74fa4662c099fe892275c9.jpg,https://www.revendadecalcados.com.br/fma600/6e8b8f0e36d537cf84634affd90cce98.jpg,https://www.revendadecalcados.com.br/fma600/b1f646032e5bd98801e94f40f7fec86c.jpg,https://www.revendadecalcados.com.br/fma600/2f0b2283f7be03fd42d51ce3aa66e631.png,https://www.revendadecalcados.com.br/fma600/9a08f3a2e029b6ba419a90f7fd2a7655.png,https://www.revendadecalcados.com.br/fma600/a1b312b27760ce806171934bc5906cec.png;Vermelho;9200-117
9200-117C;Sapato Scarpin Saia e Blusa;Sapato Scarpin;34,2|35,7|36,1|37,7|38,0|39,5;69.90;76.89;0;Torricella;Material: Verniz Off White<br />Palmilha: Confort com 8 mm de Espessura, Espuma em EVA, Revestida com Verniz Off White e Taloneira em Verniz Off White<br />Enfeite: Fivela de Ajuste na cor Dourado<br />Forro: Sintético na cor Bege<br />Salto: 10 cm de altura Pintado na Cor Off White<br />Solado de PVC antiderrapante na cor Bege.;28 x 20 x 9.5;600;21/08/2023;1;https://www.revendadecalcados.com.br/produto-8174.html;https://www.revendadecalcados.com.br/fma600/aea160c352b2949e27e23646304ccfa3.jpg,https://www.revendadecalcados.com.br/fma600/af21330baea11d287e7b760faca93f08.jpg,https://www.revendadecalcados.com.br/fma600/9144e191d59ef46c04afd965e99f750b.jpg,https://www.revendadecalcados.com.br/fma600/b9c8964994980d0e667026f82829177b.jpg,https://www.revendadecalcados.com.br/fma600/917f60ac5fb413fc7befae4a2aca515e.jpg,https://www.revendadecalcados.com.br/fma600/4cb70697b88c305ac8ee97afd368457e.png,https://www.revendadecalcados.com.br/fma600/3f71082402cb6426401e88f9cac3d814.png,https://www.revendadecalcados.com.br/fma600/55a421314c1149731d42c7afc34cec2f.png;Off White;9200-117
9200-117B;Sapato Scarpin Saia e Blusa;Sapato Scarpin;34,1|35,5|36,9|37,6|38,1|39,9;69.90;76.89;0;Torricella;Material: Verniz Bege<br />Palmilha: Confort com 8 mm de Espessura, Espuma em EVA, Revestida com Verniz Bege e Taloneira em Verniz Bege<br />Enfeite: Fivela de Ajuste na cor Dourado<br />Forro: Sintético na cor Bege<br />Salto: 10 cm de altura Pintado na Cor Bege<br />Solado de PVC antiderrapante na cor Bege.;28 x 20 x 9.5;600;24/03/2023;1;https://www.revendadecalcados.com.br/produto-7978.html;https://www.revendadecalcados.com.br/fma600/4ef765c425ebbe795134901b8f8cc868.jpg,https://www.revendadecalcados.com.br/fma600/303c0de892d3043eeed2140f3e34cd26.jpg,https://www.revendadecalcados.com.br/fma600/379fbe9c1ef54c6389a3b84e1410ca53.jpg,https://www.revendadecalcados.com.br/fma600/385da81466f0c28c2026666394e2f03b.jpg,https://www.revendadecalcados.com.br/fma600/eedcd231ae129410f4fef4e47223d13e.jpg,https://www.revendadecalcados.com.br/fma600/6d8c22b64413ded245d7745414478482.png,https://www.revendadecalcados.com.br/fma600/69a4421f22cb2f215eb7f7c5cb227b05.png,https://www.revendadecalcados.com.br/fma600/5bd1c39083a930836af12c8372654c27.png,https://www.revendadecalcados.com.br/fma600/22f2ab063c47d79992803516ba5d940d.png;Bege;9200-117
9200-117A;Sapato Scarpin Saia e Blusa;Sapato Scarpin;34,2|35,1|36,5|37,9|38,0|39,2;69.90;76.89;0;Torricella;Material: Verniz Preto<br />Palmilha: Confort com 8 mm de Espessura, Espuma em EVA, Revestida com Verniz Preto e Taloneira em Verniz Preto<br />Enfeite: Fivela de Ajuste na cor Dourado<br />Forro: Sintético na cor Preto<br />Salto: 10 cm de altura Pintado na Cor Preto<br />Solado de PVC antiderrapante na cor Preto.;28 x 20 x 9.5;600;24/03/2023;1;https://www.revendadecalcados.com.br/produto-7977.html;https://www.revendadecalcados.com.br/fma600/0305840478950f632b29e27ed345174b.jpg,https://www.revendadecalcados.com.br/fma600/868caec5d1aa6ce364854710a6a85f35.jpg,https://www.revendadecalcados.com.br/fma600/7068c7e83eed84586aa68cd646c7553c.jpg,https://www.revendadecalcados.com.br/fma600/a1296348b7011be0e59d4527887208b7.jpg,https://www.revendadecalcados.com.br/fma600/24a44ead00eee5d8b3b1f8ee808e12ec.jpg,https://www.revendadecalcados.com.br/fma600/1a8de2f611e5d41f5a280cb0c434bca8.png,https://www.revendadecalcados.com.br/fma600/0b3eef25cf117c616a0b7000755ac550.png,https://www.revendadecalcados.com.br/fma600/55ea46c9bc71ed06c1a9549d96a10bc3.png;Preto;9200-117
9200-113B;Sapato Scarpin Bico Fino;Sapato Scarpin;34,7|35,3|36,6|37,4|38,4|39,5;69.90;76.89;0;Torricella;Material: Napa Caramelo<br />Palmilha: Confort com 8 mm de Espessura, Espuma em EVA, Revestida com Napa Caramelo e Taloneira Napa Caramelo<br />Enfeite: Tiras em Nó na cor Napa Caramelo<br />Forro: Cacharrel, material espumado para maior conforto, na cor Bege<br />Salto: 10 cm de Altura Pintado na cor Caramelo<br />Solado de PVC antiderrapante na cor Bege.;28 x 20 x 9.5;600;24/03/2023;1;https://www.revendadecalcados.com.br/produto-7972.html;https://www.revendadecalcados.com.br/fma600/543ecb6156dcba053a4d90328c655e53.jpg,https://www.revendadecalcados.com.br/fma600/f3e159eb594364e41acdcdd9c4c71086.jpg,https://www.revendadecalcados.com.br/fma600/78f0d6ca55df4b377aa674a73695f5f9.jpg,https://www.revendadecalcados.com.br/fma600/f59ab3b4082f3c7f5ee8dc78f5b0809c.jpg,https://www.revendadecalcados.com.br/fma600/a0d297c2ac0a51a1b0598d060d7255ef.jpg,https://www.revendadecalcados.com.br/fma600/57e8cb585784eeac023934b5ebdfe0b2.jpg,https://www.revendadecalcados.com.br/fma600/407838c379110431a27bbed5d34bd6e4.jpg,https://www.revendadecalcados.com.br/fma600/4fc9cae2f8cda304451d70d61e379d5e.jpg,https://www.revendadecalcados.com.br/fma600/aca0af6f3b532d1749e46a3a58dd917f.jpg,https://www.revendadecalcados.com.br/fma600/de8d30056318c40590128ad0a13e205c.jpg,https://www.revendadecalcados.com.br/fma600/62ea9fe413635a12d3d7734c359ee0e0.jpg,https://www.revendadecalcados.com.br/fma600/76c83a870a0264e4f1dbd1197fde7793.jpg,https://www.revendadecalcados.com.br/fma600/fdc0c16c2197dcf7a02a90ab47af62d0.jpg,https://www.revendadecalcados.com.br/fma600/c949a8ff93642bac43029eeaf9ad1463.jpg,https://www.revendadecalcados.com.br/fma600/77c1f86d4e42e101c3e8eebaf0a767ae.jpg,https://www.revendadecalcados.com.br/fma600/d0d6a8981725b1354a30abb265fbdaec.jpg;Caramelo;9200-113
9200-113A;Sapato Scarpin Bico Fino;Sapato Scarpin;34,2|35,5|36,5|37,6|38,1|39,5;69.90;76.89;0;Torricella;Material: Napa Preto<br />Palmilha: Confort com 8 mm de Espessura, Espuma em EVA, Revestida com Napa Preto e Taloneira Napa Preto<br />Enfeite: Tiras em Nó na cor Napa Preto<br />Forro: Cacharrel, material espumado para maior conforto, na cor Preto<br />Salto: 10 cm de Altura Pintado na cor Preto<br />Solado de PVC antiderrapante na cor Preto.;28 x 20 x 9.5;600;24/03/2023;1;https://www.revendadecalcados.com.br/produto-7971.html;https://www.revendadecalcados.com.br/fma600/265a444fa58e4791669c99a9bb371604.jpg,https://www.revendadecalcados.com.br/fma600/019cc4fc758520bc79899c3d5a298116.jpg,https://www.revendadecalcados.com.br/fma600/a2b72864832627accc6203b9fcb9dc5d.jpg,https://www.revendadecalcados.com.br/fma600/0b038d1373798c555db9127c81121722.jpg,https://www.revendadecalcados.com.br/fma600/696dc81990af8f0e30345c46b6690398.jpg,https://www.revendadecalcados.com.br/fma600/506e67a81516c9bcffd1c517da1a5079.jpg,https://www.revendadecalcados.com.br/fma600/4b0d77268782ab80bb47eb9adda181a5.jpg,https://www.revendadecalcados.com.br/fma600/24efa5d41da8ec652650412cafd084e8.jpg,https://www.revendadecalcados.com.br/fma600/931cc497cf6effa5d5b389e822b750b8.jpg,https://www.revendadecalcados.com.br/fma600/b3fbfbe488c2da2398346be9b7a4b223.jpg,https://www.revendadecalcados.com.br/fma600/ed3425184668ee99653c120e4d871b96.jpg,https://www.revendadecalcados.com.br/fma600/2ab968e258073ba2b17a892ff4146943.jpg,https://www.revendadecalcados.com.br/fma600/1a98c735b923a2a7f8dcd0efd004d7ba.jpg,https://www.revendadecalcados.com.br/fma600/ba166cb00fb164804fbd1ad17091da23.jpg,https://www.revendadecalcados.com.br/fma600/2c3f86b29fe318061e2b51308bb8c2b1.jpg,https://www.revendadecalcados.com.br/fma600/5a273367a7c2a5d54489dc641f0641f7.jpg;Preto;9200-113
FST025L;Sandália Feminina;Sandálias;34,8|35,3|36,5|37,10|38,3|39,1;64.90;71.39;0;Torricella;Material: Napa Ouro Light<br />Enfeite: Tira Laço Nó em Napa Ouro Light e Laço em Napa Ouro Light<br />Palmilha: 8 mm de Espessura, Espuma em EVA, Revestida em Napa Ouro Light e Taloneira Napa Bege<br />Salto: 8,5 cm de Altura e Revestido em Napa Ouro Light<br />Solado de PVC com antiderrapante na cor Bege.;28 x 20 x 9.5;600;10/10/2024;1;https://www.revendadecalcados.com.br/produto-8617.html;https://www.revendadecalcados.com.br/fma600/d068078d45c51957f92c616879f79be1.jpg,https://www.revendadecalcados.com.br/fma600/c93f52346163dfb3dc74997215b7af83.jpg,https://www.revendadecalcados.com.br/fma600/187802f22cbbdb4d368ec5f956277385.jpg,https://www.revendadecalcados.com.br/fma600/1d10adc2944a619001aff8f0081dbadc.jpg,https://www.revendadecalcados.com.br/fma600/1f876e518307ad71c355a3adb76b9964.jpg,https://www.revendadecalcados.com.br/fma600/b8504f36035b3e655f6e2626382941d3.jpg;Dourado;FST025
FST033J;Sandália Feminina;Sandálias;34,8|35,9|36,4|37,9|38,1|39,1;64.90;71.39;0;Torricella;Material: Napa Ouro Light<br />Enfeite: Tiras trançadas em Napa Branco e fivela de metal na cor dourado<br />Palmilha: 8 mm de Espessura, Espuma em EVA, Revestida em Napa Ouro Light e Taloneira Napa Bege<br />Salto: 8,5 cm de Altura e Revestido em Napa Ouro Light<br />Solado de PVC com antiderrapante na cor Bege.;28 x 20 x 9.5;600;10/10/2024;1;https://www.revendadecalcados.com.br/produto-8616.html;https://www.revendadecalcados.com.br/fma600/6e28a19accc44123968e93690b9a534b.jpg,https://www.revendadecalcados.com.br/fma600/4b1cfa1ca8ed5f1de4020fcbd8f23c97.jpg,https://www.revendadecalcados.com.br/fma600/5b25eef6adb5e3d1d622d09f6b082e68.jpg,https://www.revendadecalcados.com.br/fma600/f3e721407e5bc91f599fcb2052b486b6.jpg,https://www.revendadecalcados.com.br/fma600/36209acc67d75561838c950a9cce82f5.jpg,https://www.revendadecalcados.com.br/fma600/eb680feaae3d78536dbc0d79a2091ef5.jpg;Dourado;FST033
65-01E;Sapato Scarpin;Sapato Scarpin;34,6|35,2|36,3|37,3|38,0|39,1;64.90;71.39;0;Torricella;Material: Napa Metalizado Ouro Light<br />Palmilha: com 8 mm de Espessura, Espuma em EVA, e Taloneira Napa Bege<br />Forro: Cacharrel, material espumado para maior conforto, na cor Bege<br />Salto: 9 cm de Altura encapado em Napa Metalizado Ouro Light<br />Solado de PVC antiderrapante na cor Bege.;28 x 20 x 9.5;600;23/02/2024;1;https://www.revendadecalcados.com.br/produto-8476.html;https://www.revendadecalcados.com.br/fma600/1b16abef6d15646f4ee131ee227665c2.jpg,https://www.revendadecalcados.com.br/fma600/253f1bdb9d6fdd297390d0a6b13fe1ac.jpg,https://www.revendadecalcados.com.br/fma600/295e60dc5b08bdef0db94fa73d1193e0.jpg,https://www.revendadecalcados.com.br/fma600/2c040676d3ddc7513eeaf1971b9d5c2c.jpg,https://www.revendadecalcados.com.br/fma600/999a2a6bd4c5566c4d2ef32c18695b5f.jpg,https://www.revendadecalcados.com.br/fma600/fca2dc16a5d9083ad079f48ad1fc3368.jpg,https://www.revendadecalcados.com.br/fma600/9d8189cc4047d8869ad8392e8fd7e40b.jpg,https://www.revendadecalcados.com.br/fma600/107cb3dc80208a37b5f5bfe30c324577.jpg,https://www.revendadecalcados.com.br/fma600/80a25e1a11d246f023373ef74569a700.jpg,https://www.revendadecalcados.com.br/fma600/261c608b55dd910ac370a9087bf6db86.jpg,https://www.revendadecalcados.com.br/fma600/b3ca09cafb210fc8abe1de2b2c6fcab7.jpg,https://www.revendadecalcados.com.br/fma600/31ae73684665fee0790e04b14620fd04.jpg,https://www.revendadecalcados.com.br/fma600/8af49ed6be1c38413aa892723d95403a.jpg,https://www.revendadecalcados.com.br/fma600/a9b021da408868319d14625ecce3dba7.jpg,https://www.revendadecalcados.com.br/fma600/316761141347ebcad78241bcf32eddc2.jpg,https://www.revendadecalcados.com.br/fma600/dc276957414d2d89097819193640a337.jpg;Dourado;65-01
FST025G;Sandália Feminina;Sandálias;34,1|35,1|36,2|37,2|38,1|39,1;64.90;71.39;0;Torricella;Material: Napa Off White<br />Enfeite: Tira Laço Nó em Napa Off White e Laço em Napa Off White<br />Palmilha: 8 mm de Espessura, Espuma em EVA, Revestida em Napa Off White e Taloneira Napa Bege<br />Salto: 8,5 cm de Altura e Revestido em Napa Off White<br />Solado de PVC com antiderrapante na cor Bege.;28 x 20 x 9.5;600;03/11/2022;1;https://www.revendadecalcados.com.br/produto-7865.html;https://www.revendadecalcados.com.br/fma600/496e0ff6c79437a4fd620b85c4a8be22.jpg,https://www.revendadecalcados.com.br/fma600/d33fb184d5be603632001bd5698f9b4d.jpg,https://www.revendadecalcados.com.br/fma600/581fc8061e8c054b65e3db8c84cd4c1e.jpg,https://www.revendadecalcados.com.br/fma600/b46d91d9b6630d4c2f37b40bd260b6de.jpg,https://www.revendadecalcados.com.br/fma600/6a4c21d3c9b24f4c2dbf08b936ed7d89.jpg,https://www.revendadecalcados.com.br/fma600/7a530218ba53dde784db3dfa6306e7dc.jpg,https://www.revendadecalcados.com.br/fma600/33f193177873423ddbc4e3560477a8c2.jpg,https://www.revendadecalcados.com.br/fma600/ca30634eb765a99ceaa18ef1fd78b4d1.jpg,https://www.revendadecalcados.com.br/fma600/4e2eb541d0995a66be07f07a6a835afb.jpg;Off White;FST025
FST033H;Sandália Feminina;Sandálias;34,1|35,6|36,1|37,2|38,1|39,1;64.90;71.39;0;Torricella;Material: Napa Caramelo<br />Enfeite: Tiras trançadas em Napa Caramelo e fivela de metal na cor dourado<br />Palmilha: 8 mm de Espessura, Espuma em EVA, Revestida em Napa Caramelo e Taloneira Napa Bege<br />Salto: 8,5 cm de Altura e Revestido em Napa Caramelo<br />Solado de PVC com antiderrapante na cor Bege.;28 x 20 x 9.5;600;26/10/2022;1;https://www.revendadecalcados.com.br/produto-7849.html;https://www.revendadecalcados.com.br/fma600/9f7787fa0441f209a46b6b1db2027cc2.jpg,https://www.revendadecalcados.com.br/fma600/d906b6276dcc0cd17c8eb261976d7383.jpg,https://www.revendadecalcados.com.br/fma600/c4a6851ff509c963e37c69c54386d1f5.jpg,https://www.revendadecalcados.com.br/fma600/ea061a49c4a242470382c8e0d4d757bf.jpg,https://www.revendadecalcados.com.br/fma600/c24b2d16402e60b46e5b8aa00cb29139.jpg,https://www.revendadecalcados.com.br/fma600/13887aa677217e3c3153d936c8efc708.jpg,https://www.revendadecalcados.com.br/fma600/fb7832c09e38bba2688a40e3d9793621.jpg,https://www.revendadecalcados.com.br/fma600/09e4e58bba779e46099896d8a933d8ae.jpg,https://www.revendadecalcados.com.br/fma600/09ca8ba53af9f81b1821371c8ac42d3e.jpg;Caramelo;FST033
FST033F;Sandália Feminina;Sandálias;34,3|35,0|36,2|37,10|38,4|39,0;64.90;71.39;0;Torricella;Material: Napa Azul<br />Enfeite: Tiras trançadas em Napa Azul e fivela de metal na cor dourado<br />Palmilha: 8 mm de Espessura, Espuma em EVA, Revestida em Napa Azul e Taloneira Napa Bege<br />Salto: 8,5 cm de Altura e Revestido em Napa Azul<br />Solado de PVC com antiderrapante na cor Bege.;28 x 20 x 9.5;600;03/12/2021;1;https://www.revendadecalcados.com.br/produto-7411.html;https://www.revendadecalcados.com.br/fma600/2b7b1b900edce468537bf417a54cb2c9.jpg,https://www.revendadecalcados.com.br/fma600/bae42d69d0269394a54ff2681d7c8328.jpg,https://www.revendadecalcados.com.br/fma600/f2d5332b96085f8fb53f75f285b99b69.jpg,https://www.revendadecalcados.com.br/fma600/360788589ae5ce574a76b5b8af9c19df.jpg,https://www.revendadecalcados.com.br/fma600/9822dd632a6f31398c1c32d9f6bfd42e.jpg,https://www.revendadecalcados.com.br/fma600/5eb3e5e70d6f68a4170315dd9a65e541.jpg,https://www.revendadecalcados.com.br/fma600/c6d0f0553a35d4ded513eb525651bc12.jpg,https://www.revendadecalcados.com.br/fma600/644d37adbe60198a81dd14cb4f6c4068.jpg,https://www.revendadecalcados.com.br/fma600/be0487bf1f48b84782d7ce9387e7c441.jpg,https://www.revendadecalcados.com.br/fma600/0edcafa85c33e67ca058769c4deda02f.jpg;Azul;FST033
FST033B;Sandália Feminina;Sandálias;34,0|35,1|36,2|37,1|38,9|39,4;64.90;71.39;0;Torricella;Material: Napa Rosa<br />Enfeite: Tiras trançadas em Napa Rosa e fivela de metal na cor dourado<br />Palmilha: 8 mm de Espessura, Espuma em EVA, Revestida em Napa Rosa e Taloneira Napa Bege<br />Salto: 8,5 cm de Altura e Revestido em Napa Rosa<br />Solado de PVC com antiderrapante na cor Bege.;28 x 20 x 9.5;600;03/12/2021;1;https://www.revendadecalcados.com.br/produto-7407.html;https://www.revendadecalcados.com.br/fma600/79f3c16c7dcf49ad434ce89aaa84a4e6.jpg,https://www.revendadecalcados.com.br/fma600/4d467886efd78a47359be2f926856a85.jpg,https://www.revendadecalcados.com.br/fma600/7cb0da4904990e82c26e415ec36db226.jpg,https://www.revendadecalcados.com.br/fma600/c5a8733a93e83dd4b2fe5f378418fad7.jpg,https://www.revendadecalcados.com.br/fma600/39f73b98c26a4290bbc07e427560b134.jpg,https://www.revendadecalcados.com.br/fma600/da8f0f807c10deb07007e84bcd38a5f4.jpg,https://www.revendadecalcados.com.br/fma600/888b96149905679547ccb90d856141ec.jpg,https://www.revendadecalcados.com.br/fma600/f1e30dd39313271c3a4ab71e7de423b5.jpg,https://www.revendadecalcados.com.br/fma600/8ad081eae071180070364bcb91bf3342.jpg,https://www.revendadecalcados.com.br/fma600/f86fc53f93116e77a200923146052b5f.jpg;Rose;FST033
FST033A;Sandália Feminina;Sandálias;34,1|35,3|36,0|37,6|38,5|39,0;64.90;71.39;0;Torricella;Material: Napa Preto<br />Enfeite: Tiras trançadas em Napa Preto e fivela de metal na cor dourado<br />Palmilha: 8 mm de Espessura, Espuma em EVA, Revestida em Napa Preto e Taloneira Napa Bege<br />Salto: 8,5 cm de Altura e Revestido em Napa Preto<br />Solado de PVC com antiderrapante na cor Preto.;28 x 20 x 9.5;600;03/12/2021;1;https://www.revendadecalcados.com.br/produto-7406.html;https://www.revendadecalcados.com.br/fma600/3987c69ac70a19cfb03dacffd055ce34.jpg,https://www.revendadecalcados.com.br/fma600/6f3f94ae19ca2ed9bb6c2295d460f570.jpg,https://www.revendadecalcados.com.br/fma600/13563748a05a80ba8cffca002ab610da.jpg,https://www.revendadecalcados.com.br/fma600/086e68024945ebb12a1f2738335af231.jpg,https://www.revendadecalcados.com.br/fma600/2dde3f0851d2ff34ab7c3f347789ae96.jpg,https://www.revendadecalcados.com.br/fma600/775aa7778f9c77e42a561ab12a0f8eef.jpg,https://www.revendadecalcados.com.br/fma600/086ea88da0137a22a7f5493b31fdf455.jpg,https://www.revendadecalcados.com.br/fma600/8f0367d5b98b9de7cc4186b3a80fa224.jpg,https://www.revendadecalcados.com.br/fma600/d16584efd7f1cb684994eeb8879e27c6.jpg,https://www.revendadecalcados.com.br/fma600/726540f9505ef1194606b3087d0e3584.jpg;Preto;FST033
FST025A;Sandália Feminina;Sandálias;34,2|35,1|36,4|37,1|38,2|39,2;64.90;71.39;0;Torricella;Material: Napa Preto<br />Enfeite: Tira Laço Nó em Napa Preto e Laço em Napa Preto<br />Palmilha: 8 mm de Espessura, Espuma em EVA, Revestida em Napa Preto e Taloneira Napa Bege<br />Salto: 8,5 cm de Altura e Revestido em Napa Preto<br />Solado de PVC com antiderrapante na cor Preto.;28 x 20 x 9.5;600;01/11/2021;1;https://www.revendadecalcados.com.br/produto-7260.html;https://www.revendadecalcados.com.br/fma600/40518ac5d9abb97ed6e16b4324c3a41b.jpg,https://www.revendadecalcados.com.br/fma600/acf99f4a18071e3da98b976963a45273.jpg,https://www.revendadecalcados.com.br/fma600/e08f20546e512a43b24fc23546752770.jpg,https://www.revendadecalcados.com.br/fma600/678115c98828f44aebab75ca3ea09818.jpg,https://www.revendadecalcados.com.br/fma600/ba5756423172564262369ce9295993f9.jpg,https://www.revendadecalcados.com.br/fma600/07d2d8bf7bd57486b737483fb371fc30.jpg,https://www.revendadecalcados.com.br/fma600/53418967f16c566990214efecc39de83.jpg,https://www.revendadecalcados.com.br/fma600/3c0e53f8a28ec3e9c667b87a1bc5a223.jpg,https://www.revendadecalcados.com.br/fma600/99a4f7240f2cd1222c2fa3f9fb2d305c.jpg,https://www.revendadecalcados.com.br/fma600/d7bf38cc9d19d000b61c2b35c84d941a.jpg;Preto;FST025
457.004.104C;Sandália Feminina;Sandálias;34,3|35,0|36,3|37,4|38,0|39,1;59.90;65.89;0;Torricella;Material: Napa Rosa<br />Enfeite: Peça em ABS para ajuste<br />Palmilha: 8 mm de Espessura, Espuma em EVA, Revestida em Napa Rosa e Taloneira Napa Bege<br />Salto: Grosso com 5,5 cm de Altura Revestido em Napa Rosa<br />Solado de TR com antiderrapante na cor Bege.;28 x 20 x 9.5;600;18/08/2022;1;https://www.revendadecalcados.com.br/produto-7769.html;https://www.revendadecalcados.com.br/fma600/1cc44329e90dff15e72a253b62c929f9.jpg,https://www.revendadecalcados.com.br/fma600/ab2f7b5783c7e1f0e8627660928ca361.jpg,https://www.revendadecalcados.com.br/fma600/bb2588f690fba1e79d2fd0b3d44081e9.jpg,https://www.revendadecalcados.com.br/fma600/60ad20a16ac1240a93a0935a7178f222.jpg,https://www.revendadecalcados.com.br/fma600/3acc5025ad5a78d103a76494d9fd6885.jpg,https://www.revendadecalcados.com.br/fma600/c81299821256f818f09efaf107d73082.jpg;Rose;457.004.104
80005B;Bota Bico Fino Salto 12 Cano Alto;Botas;34,9|35,10|36,10|37,10|38,10|39,9;199.90;219.89;0;Torricella;Material: Napa Preto<br />Enfeites: Detalhes em costuras matelassê e zíper na lateral interna<br />Palmilha: 8 mm de Espessura, Espuma em EVA, e Taloneira Napa Preto<br />Forro: Cacharrel, material espumado para maior conforto, na cor Preto<br />Salto: 12 cm de Altura e Revestido em Napa Preto<br />Solado de TR na cor Preto.;31.5 x 30 x 9.5;1000;16/10/2023;0;https://www.revendadecalcados.com.br/produto-8173.html;https://www.revendadecalcados.com.br/fma600/edb0eab79cc1bebd80bda9fc2f099ca9.jpg,https://www.revendadecalcados.com.br/fma600/ced82888d4ab1a3cc35744e88370277b.jpg,https://www.revendadecalcados.com.br/fma600/a391aa8a83e65041e969d28f2e583281.jpg,https://www.revendadecalcados.com.br/fma600/538d5e6589c1a68916d712a0fd75888d.jpg,https://www.revendadecalcados.com.br/fma600/c8d59a805ca3db1715171ccc94fa414d.jpg,https://www.revendadecalcados.com.br/fma600/8f5a1c36ebe4b15ee859d8843459b834.png,https://www.revendadecalcados.com.br/fma600/fadbdbcc7e4013da316138cfb03581a4.png,https://www.revendadecalcados.com.br/fma600/e805e0cfc7be587a1b4814e25dc464da.png,https://www.revendadecalcados.com.br/fma600/d3049e359748f5f4a0d8d228b507e662.png,https://www.revendadecalcados.com.br/fma600/86871604419a860d7e70445b483b358e.jpg,https://www.revendadecalcados.com.br/fma600/65493165cb3896cbff5065b42f7258d4.jpg,https://www.revendadecalcados.com.br/fma600/c66365b860a60c4c69164956e72c7533.jpg,https://www.revendadecalcados.com.br/fma600/3c4ffd0842f25376f486faf81d3d8500.jpg,https://www.revendadecalcados.com.br/fma600/5d61e764bbf2769f1c4464e70ff4cc75.jpg;Preto;80005
67091B;Bota Bico Fino Feminina;Botas;34,1|35,5|36,7|37,7|38,4|39,2;179.90;197.89;0;Torricella;Material: Napa Marrom Café<br />Enfeites: Zíper na Cor Marrom Café, Fivelas e Apliques na Cor Dourado<br />Palmilha: 8 mm de Espessura, Espuma em EVA, e Taloneira Napa Preto<br />Forro: Cacharrel, material espumado para maior conforto, na cor Marrom Café<br />Salto: 9 cm de Altura e Revestido em Napa na cor Marrom Café<br />Solado de TR na cor Preto.;31.5 x 30 x 9.5;1000;02/05/2025;0;https://www.revendadecalcados.com.br/produto-8777.html;https://www.revendadecalcados.com.br/fma600/4a1896fce0d2cfa9dc5d8a8d0ae2b988.jpg,https://www.revendadecalcados.com.br/fma600/94ca3ea6071a2df3f1d6485c218cf15d.jpg,https://www.revendadecalcados.com.br/fma600/41293303fb86bfd04482bbffed8ca030.jpg,https://www.revendadecalcados.com.br/fma600/754e76e007519cc101590d1908f70701.jpg,https://www.revendadecalcados.com.br/fma600/98586faed980239dbd3f03db8d3ee136.jpg,https://www.revendadecalcados.com.br/fma600/904b38cd74eebb75332a3ca7e2646717.jpg,https://www.revendadecalcados.com.br/fma600/f4d8864a0c23018ae23400eb73f35ee3.jpg,https://www.revendadecalcados.com.br/fma600/c26a8880e854ad2e0503b5eb258bc862.png,https://www.revendadecalcados.com.br/fma600/c7488aa35be9fe2d0dd626ab26a3e9aa.png,https://www.revendadecalcados.com.br/fma600/0b1ad1a63f1f2c8d8a8e16f8bf63abeb.png;CafÃ©;67091
65044B;Bota Bico Fino Feminina;Botas;34,6|35,10|36,10|37,10|38,10|39,10;179.90;197.89;0;Torricella;Material: Napa Croco na cor Branco<br />Enfeites: Zíper na Cor Branco<br />Palmilha: 8 mm de Espessura, Espuma em EVA, e Taloneira Napa Preto<br />Forro: Cacharrel, material espumado para maior conforto, na cor Branco<br />Salto: 10 cm de Altura e Revestido em Napa Croco na cor Branco<br />Solado de TR na cor Bege.;31.5 x 30 x 9.5;1000;30/03/2022;0;https://www.revendadecalcados.com.br/produto-7559.html;https://www.revendadecalcados.com.br/fma600/6e3996c72ab9393064e3338cd4e6c7da.jpg,https://www.revendadecalcados.com.br/fma600/bc2883e6c268a964ed235c9b584b17d2.jpg,https://www.revendadecalcados.com.br/fma600/edc58afc4a316153f4cbeef25fbaef94.jpg,https://www.revendadecalcados.com.br/fma600/6ce65353144badffafb365ff069427a5.jpg,https://www.revendadecalcados.com.br/fma600/efe95108ee9c21aed08a57a61a33d4c5.jpg,https://www.revendadecalcados.com.br/fma600/ab632b2cf3dfd9381189ea148e0421f6.jpg,https://www.revendadecalcados.com.br/fma600/259bf0ee1c35a19b2749b9db9987c931.jpg,https://www.revendadecalcados.com.br/fma600/78ae07c30d822ef89bef58e215984328.png,https://www.revendadecalcados.com.br/fma600/7b75509f266dc41b3e2c58da1751b493.png,https://www.revendadecalcados.com.br/fma600/124e833f764a1d9bcb5fa725b6c94bc0.png,https://www.revendadecalcados.com.br/fma600/1c736ef229b684ba807343c2f9467c95.png,https://www.revendadecalcados.com.br/fma600/93de6a62b4253039bd6c0bbc5fed17b8.png,https://www.revendadecalcados.com.br/fma600/236677d593abbfee07f90fe33ec2382c.jpg,https://www.revendadecalcados.com.br/fma600/0a8ef38f4f602906a42fc706ab0695a2.jpg,https://www.revendadecalcados.com.br/fma600/2aec6b53a063f0d96a1c2eef1758073b.jpg,https://www.revendadecalcados.com.br/fma600/f824522c5480e413ada46e1cd5705653.jpg;Branco;65044
65044A;Bota Bico Fino Feminina;Botas;34,6|35,10|36,10|37,10|38,10|39,10;179.90;197.89;0;Torricella;Material: Napa Croco na cor Preto<br />Enfeites: Zíper na Cor Preto<br />Palmilha: 8 mm de Espessura, Espuma em EVA, e Taloneira Napa Preto<br />Forro: Cacharrel, material espumado para maior conforto, na cor Preto<br />Salto: 10 cm de Altura e Revestido em Napa Croco na cor Preto<br />Solado de TR na cor Preto.;31.5 x 30 x 9.5;1000;30/03/2022;0;https://www.revendadecalcados.com.br/produto-7558.html;https://www.revendadecalcados.com.br/fma600/3f828cf187c9869c08cac37c5d15bf6a.jpg,https://www.revendadecalcados.com.br/fma600/5dabefbf350a0fc4fa6394307f2cf851.jpg,https://www.revendadecalcados.com.br/fma600/87e15dbcb67a8ebb2876d5fbceb1c691.jpg,https://www.revendadecalcados.com.br/fma600/968c762238ca99fe7c9a99f5b358ec95.jpg,https://www.revendadecalcados.com.br/fma600/4a0fb295cc273c27c6b04994072efc90.jpg,https://www.revendadecalcados.com.br/fma600/22b5d56000f252e67969dd1f4084d306.jpg,https://www.revendadecalcados.com.br/fma600/949443be17df07d3197a23d0a4bd3fd6.jpg,https://www.revendadecalcados.com.br/fma600/b694ec1629351d7ede5c446144a8c2b7.png,https://www.revendadecalcados.com.br/fma600/09c30d680adf6bc7d11ae04075d75b4c.png,https://www.revendadecalcados.com.br/fma600/bdbec6cc391ad7dfefc21a736bc52be1.png,https://www.revendadecalcados.com.br/fma600/57374a43b4cad3612ca04827a41b7da7.png,https://www.revendadecalcados.com.br/fma600/0749b427a6e73e89e5250c410731f846.jpg,https://www.revendadecalcados.com.br/fma600/f0e732584772735d49758b56e269478b.jpg,https://www.revendadecalcados.com.br/fma600/7dd9b92cd39bcf5e5dadb97efc642930.jpg,https://www.revendadecalcados.com.br/fma600/c2975307ca3ffad8b2a576ff6621a987.jpg,https://www.revendadecalcados.com.br/fma600/e5426be51857d1c1d1b04b6cc306dd62.jpg;Preto;65044
31A;Bota Coturno Sola Tratorada Couro;Botas;34,3|35,7|36,10|37,10|38,8|39,4;159.90;175.89;0;Torricella;Material: Couro Preto e Pelo na cor Onça<br />Enfeites: Zíper na Cor Preto Cadarço na Cor Preto<br />Palmilha: 8 mm de Espessura, Espuma em EVA, e Taloneira Preto<br />Forro: Cacharrel, material espumado para maior conforto, na cor Preto<br />Solado Tratorado Preto.;31.5 x 30 x 9.5;1000;23/05/2025;0;https://www.revendadecalcados.com.br/produto-8795.html;https://www.revendadecalcados.com.br/fma600/c57b00f59103e02806b0879cca19b0a9.jpg,https://www.revendadecalcados.com.br/fma600/de170f0e5d537820f0cb2f50972a987b.jpg,https://www.revendadecalcados.com.br/fma600/740f37a0a4ed2b41db5a417245611b8a.jpg,https://www.revendadecalcados.com.br/fma600/8c72569677964fbee060d86c78c9db58.jpg,https://www.revendadecalcados.com.br/fma600/e8f595ac6af6da2f4bb6c1ad0e7f3e9b.jpg,https://www.revendadecalcados.com.br/fma600/a45da831bf06c4ef6e2862713360b80a.jpg,https://www.revendadecalcados.com.br/fma600/41f4bba806a9def7080c3bebdb976879.jpg,https://www.revendadecalcados.com.br/fma600/5108b4b3a129a0d1aaa1cbe57b12b4e9.png,https://www.revendadecalcados.com.br/fma600/157d779fe0e865c1e7d666ba4f0c3b43.png,https://www.revendadecalcados.com.br/fma600/9a46f5440582dfaf43d0fb9c2709ea56.png,https://www.revendadecalcados.com.br/fma600/e9d2c38c51ab97c7519d5710caedaeb6.png,https://www.revendadecalcados.com.br/fma600/bc306d3d8f6c677dc41bcf195e911101.jpg,https://www.revendadecalcados.com.br/fma600/d257fa491e4beea53c618f0ec73349a9.jpg,https://www.revendadecalcados.com.br/fma600/3faa1f80b1c01570814b31356cc83215.jpg,https://www.revendadecalcados.com.br/fma600/7b907c0e41186b9f77a6bbb6991ca2ec.jpg,https://www.revendadecalcados.com.br/fma600/d747e4167a8088784c78718551e327fe.jpg,https://www.revendadecalcados.com.br/fma600/cf417f297bd780c6221a04e89ffe07c7.jpg;Preto;31
22B;Bota Coturno Sola Tratorada Couro;Botas;34,3|35,7|36,9|37,10|38,7|39,3;159.90;175.89;0;Torricella;Material: Couro Marrom Café<br />Enfeites: Zíper na Cor Marrom Café, Cadarço Preto e Apliques na Cor Dourado<br />Palmilha: 8 mm de Espessura, Espuma em EVA, e Taloneira Preto<br />Forro: Cacharrel, material espumado para maior conforto, na cor Preto<br />Solado Tratorado Preto.;31.5 x 30 x 9.5;1000;23/05/2025;0;https://www.revendadecalcados.com.br/produto-8791.html;https://www.revendadecalcados.com.br/fma600/57eeb0338f34b14b702b170ae1acb8d3.jpg,https://www.revendadecalcados.com.br/fma600/81db129c42053c7ad56d2c93a234ac62.jpg,https://www.revendadecalcados.com.br/fma600/37efe70320f33090e0d7a3e76f0a9bb1.jpg,https://www.revendadecalcados.com.br/fma600/aff67ab38660ce69ee7744eaac5361ae.jpg,https://www.revendadecalcados.com.br/fma600/b4b7cb4406f814266ebe50471bc80264.jpg,https://www.revendadecalcados.com.br/fma600/b602560015ff5f8580c185e9a44a78e8.jpg,https://www.revendadecalcados.com.br/fma600/3f45946c35842fc18594aa06f2d77094.jpg,https://www.revendadecalcados.com.br/fma600/765bb3023484e6070cc32b3b97e54065.png,https://www.revendadecalcados.com.br/fma600/ae96de666076cbd39ac623b323ee7210.png,https://www.revendadecalcados.com.br/fma600/a12be6bf93c2d31870c1a5cd56bb8986.png,https://www.revendadecalcados.com.br/fma600/29deb957921729eabee3478eb33d29a7.png,https://www.revendadecalcados.com.br/fma600/60712251d0b689dcc423ea8519f1ced0.jpg,https://www.revendadecalcados.com.br/fma600/5d8f03eded9fd769d47e915faacbfa75.jpg,https://www.revendadecalcados.com.br/fma600/1a460b581196ee59c7f7d673820c14a4.jpg,https://www.revendadecalcados.com.br/fma600/7a0d1215b85815a6a840e08fc5812de9.jpg,https://www.revendadecalcados.com.br/fma600/9b47cdac68fa84f28611616b1c590044.jpg,https://www.revendadecalcados.com.br/fma600/e5009b78538eda7155188d5eb770ebae.jpg;CafÃ©;22
67098B;Bota Bico Fino Feminina;Botas;34,6|35,10|36,10|37,8|38,6|39,1;149.90;164.89;0;Torricella;Material: Napa Caramelo<br />Enfeites: Zíper na Cor Caramelo e Apliques na Cor Dourado<br />Palmilha: 8 mm de Espessura, Espuma em EVA, e Taloneira Napa Preto<br />Forro: Cacharrel, material espumado para maior conforto, na cor Marrom<br />Salto: 9 cm de Altura e Revestido em Napa na cor Caramelo<br />Solado de TR na cor Bege.;31.5 x 30 x 9.5;1000;14/05/2025;0;https://www.revendadecalcados.com.br/produto-8789.html;https://www.revendadecalcados.com.br/fma600/598360c090ecd8d55b639baed9b3d222.jpg,https://www.revendadecalcados.com.br/fma600/f630575c0798db77ce44d87007805f8f.jpg,https://www.revendadecalcados.com.br/fma600/133bb8178aeb29fe309c000f4e9694c5.jpg,https://www.revendadecalcados.com.br/fma600/5090ea4a97308a8f5e3fdb73e5d0cefa.jpg,https://www.revendadecalcados.com.br/fma600/402fdf953dde0c8d2bfa13104a2068ce.jpg,https://www.revendadecalcados.com.br/fma600/b4fb478c66880b0bdefb5a2bff635718.jpg,https://www.revendadecalcados.com.br/fma600/80167249518133eac90648b051cfdbaa.jpg,https://www.revendadecalcados.com.br/fma600/a2601f5408782d1fd2f97a5fc2f930e4.jpg,https://www.revendadecalcados.com.br/fma600/ab66cc2358d7206a46fc1c452b5d5791.jpg,https://www.revendadecalcados.com.br/fma600/fb8dd7332d9b86f69b9312cec36b61f9.jpg,https://www.revendadecalcados.com.br/fma600/49b07e835bdfd7ab5aef6208b66998c9.jpg,https://www.revendadecalcados.com.br/fma600/6ea598ddd9dc58f64a4676fdfb43bc85.jpg,https://www.revendadecalcados.com.br/fma600/fdd35d4eaa9ae3e22abdabb764df4b66.jpg,https://www.revendadecalcados.com.br/fma600/6f78d58d8884d203402efc09e5dab590.jpg,https://www.revendadecalcados.com.br/fma600/c7202d16cca0f3475d362b0a6a14ef34.png,https://www.revendadecalcados.com.br/fma600/6f860f91fdd037b321b1807d426c8bb1.png,https://www.revendadecalcados.com.br/fma600/5ad2563689a0035cd43602606284d04d.png;Caramelo;67098
67098A;Bota Bico Fino Feminina;Botas;34,4|35,6|36,7|37,10|38,8|39,2;149.90;164.89;0;Torricella;Material: Napa Preto<br />Enfeites: Zíper na Cor Preto e Apliques na Cor Dourado<br />Palmilha: 8 mm de Espessura, Espuma em EVA, e Taloneira Napa Preto<br />Forro: Cacharrel, material espumado para maior conforto, na cor Preto<br />Salto: 9 cm de Altura e Revestido em Napa na cor Preto<br />Solado de TR na cor Preto.;31.5 x 30 x 9.5;1000;14/05/2025;0;https://www.revendadecalcados.com.br/produto-8788.html;https://www.revendadecalcados.com.br/fma600/b7beb2fd2f763573f2cafb772a5efaf6.jpg,https://www.revendadecalcados.com.br/fma600/71aa8d82c59336e8f123e25b5bb819d4.jpg,https://www.revendadecalcados.com.br/fma600/3c7e6e33f9e918ed30171952107cab40.jpg,https://www.revendadecalcados.com.br/fma600/7e8faae801602f707d896b248dd55913.jpg,https://www.revendadecalcados.com.br/fma600/dc629a53bb99f524516487f21bbf3085.jpg,https://www.revendadecalcados.com.br/fma600/5b7181e577ef3ae1548a9300cbe2fe05.jpg,https://www.revendadecalcados.com.br/fma600/c38187b84b60f25165c0b9c1f778ad44.jpg,https://www.revendadecalcados.com.br/fma600/8b9480d6f29030de1577963c5662454d.jpg,https://www.revendadecalcados.com.br/fma600/3270b40d9e5187dd66f5402dad3485bf.jpg,https://www.revendadecalcados.com.br/fma600/e82f6075fe47212647e853c3181470c8.jpg,https://www.revendadecalcados.com.br/fma600/ce718fb7f77cb8407524c81418a43ae3.jpg,https://www.revendadecalcados.com.br/fma600/79346fa52912c8b891974fb2db6351a0.jpg,https://www.revendadecalcados.com.br/fma600/b9948c3ad2f10bfa7ab7511c230c6c69.jpg,https://www.revendadecalcados.com.br/fma600/b5a82059f587209342e8f9bb959f5f96.png,https://www.revendadecalcados.com.br/fma600/ea5dd459f3daafcc22264d211c65876b.png,https://www.revendadecalcados.com.br/fma600/ac53c4bf07d240e5addbc8556d9753b8.png,https://www.revendadecalcados.com.br/fma600/5b5efb784a89d99c37716c2c63fe5547.png;Preto;67098
67065B;Bota Bico Fino Cano Médio;Botas;34,6|35,10|36,10|37,10|38,10|39,10;149.90;164.89;0;Torricella;Material: Napa Caramelo<br />Enfeites: Zíper na Cor Caramelo (lateral interna) e Pulseira com Corrente na cor Dourado<br />Palmilha: 8 mm de Espessura, Espuma em EVA, e Taloneira Napa Preto<br />Forro: Cacharrel, material espumado para maior conforto, na cor Café<br />Salto: 9 cm de Altura e Revestido em Napa Caramelo<br />Solado em PVC na cor Bege.;31.5 x 30 x 9.5;1000;27/03/2024;0;https://www.revendadecalcados.com.br/produto-8534.html;https://www.revendadecalcados.com.br/fma600/82a8968968e42aec9da28b003f7cbd29.jpg,https://www.revendadecalcados.com.br/fma600/e190d718b4803a385032d7fabad0fd3a.jpg,https://www.revendadecalcados.com.br/fma600/cba25550f967cd55e015d8f133b4e169.jpg,https://www.revendadecalcados.com.br/fma600/793bc0939e4c5aab51cf5e458b5cf9fc.jpg,https://www.revendadecalcados.com.br/fma600/271f37f18641a97c19fe359943dc20d5.jpg,https://www.revendadecalcados.com.br/fma600/1bcfdb1126adab1f38d7bc151db61d1e.jpg,https://www.revendadecalcados.com.br/fma600/e3779f06ee56f9fecfdf2dd6260d47f7.jpg,https://www.revendadecalcados.com.br/fma600/7fa2a9bf4b1ac2ca8d0b10defce0e5ec.jpg,https://www.revendadecalcados.com.br/fma600/20018251cf5ef57e30e28e4f85cac738.png,https://www.revendadecalcados.com.br/fma600/bfe0fcb7e1bd43b130e579ebeca85b07.png,https://www.revendadecalcados.com.br/fma600/bf81be0e69e7d2b30c244cf1c7c5052e.png,https://www.revendadecalcados.com.br/fma600/451fc4f84e4a12575b8ffe5f302af151.jpg,https://www.revendadecalcados.com.br/fma600/02594f23d7eccaee463141c62698cc45.jpg,https://www.revendadecalcados.com.br/fma600/4abd92338027897105f474b9aaa85d20.jpg,https://www.revendadecalcados.com.br/fma600/2215d2fd3e8cdb56a034363abfe0b7b3.jpg,https://www.revendadecalcados.com.br/fma600/db7379d09cbc3cf8d7505fe432431b9f.jpg,https://www.revendadecalcados.com.br/fma600/0bc34a3e07a409d1c7e35517fc9b3520.jpg;Caramelo;67065
67065A;Bota Bico Fino Cano Médio;Botas;34,9|35,10|36,10|37,10|38,10|39,10;149.90;164.89;0;Torricella;Material: Napa Preto<br />Enfeites: Zíper na Cor Preto (lateral interna) e Pulseira com Corrente na cor Dourado<br />Palmilha: 8 mm de Espessura, Espuma em EVA, e Taloneira Napa Preto<br />Forro: Cacharrel, material espumado para maior conforto, na cor Preto<br />Salto: 9 cm de Altura e Revestido em Napa Preto<br />Solado em PVC na cor Preto.;31.5 x 30 x 9.5;1000;27/03/2024;0;https://www.revendadecalcados.com.br/produto-8533.html;https://www.revendadecalcados.com.br/fma600/abc641549910985fa5a5a1a39bfe4def.jpg,https://www.revendadecalcados.com.br/fma600/0634881706da23dc1ccd94be5887209d.jpg,https://www.revendadecalcados.com.br/fma600/aed0a31b493f9354243bdb9a76a23305.jpg,https://www.revendadecalcados.com.br/fma600/138bfedca021f47ef9b385f92abb5386.jpg,https://www.revendadecalcados.com.br/fma600/9aed7bc9f002bdd586c0e3ea5f9110f4.jpg,https://www.revendadecalcados.com.br/fma600/94841b7c4b6ce12f1891eeeae26082e5.jpg,https://www.revendadecalcados.com.br/fma600/286dc3a447032741060c8050cd7697e5.jpg,https://www.revendadecalcados.com.br/fma600/4122df15fef5538a4700816b95c9d482.jpg,https://www.revendadecalcados.com.br/fma600/d2a01bb33e85f39912588d5ac462897b.png,https://www.revendadecalcados.com.br/fma600/324587629beaf56437f64a908bca9916.png,https://www.revendadecalcados.com.br/fma600/94041ba5ab5c184681ba42257ef3993c.png,https://www.revendadecalcados.com.br/fma600/b89415ae8475b0290422034ef2e89de1.jpg,https://www.revendadecalcados.com.br/fma600/0db53e07f92f79499ca457b7c34d9d1d.jpg,https://www.revendadecalcados.com.br/fma600/c2ca465953fe97b0c0886bdb99721e3c.jpg,https://www.revendadecalcados.com.br/fma600/08b4d88f48ea5a3204a0b6d695ae2d3f.jpg,https://www.revendadecalcados.com.br/fma600/34ed57f5cc3d81c4fbbf07459954aa0d.jpg;Preto;67065
1.001A;Bota Franzida Feminina;Botas;34,10|35,10|36,10|37,10|38,10|39,10;149.90;164.89;0;Torricella;Material: Napa Preto<br />Enfeites: Zíper na Cor Preto (lateral interna)<br />Palmilha: 8 mm de Espessura, Espuma em EVA, e Taloneira Napa Preto<br />Forro: Cacharrel, material espumado para maior conforto, na cor Preto<br />Salto: 9 cm de Altura e Revestido em Napa Preto<br />Solado de TR na cor Preto.;31.5 x 30 x 9.5;1000;21/03/2024;0;https://www.revendadecalcados.com.br/produto-8501.html;https://www.revendadecalcados.com.br/fma600/44ae85ac38eff14e3e70e8883b1daf91.jpg,https://www.revendadecalcados.com.br/fma600/58ebb679aa75d78b7c2b74de25a2aec7.jpg,https://www.revendadecalcados.com.br/fma600/2dbd256f0591f9d12993d096cd206b94.jpg,https://www.revendadecalcados.com.br/fma600/7c483dc014993f7f3f321deced3e7bd9.jpg,https://www.revendadecalcados.com.br/fma600/71b1db8b71a48be90d13419cb0ddf3dd.jpg,https://www.revendadecalcados.com.br/fma600/5153115c4053ec312884007f56bc46f7.jpg,https://www.revendadecalcados.com.br/fma600/30f939147b38e88791a434ce8be47c39.jpg,https://www.revendadecalcados.com.br/fma600/385edbadf886781444502b58c5d25cdf.jpg,https://www.revendadecalcados.com.br/fma600/931bc67c1384393a0a838ba4734c61b9.jpg,https://www.revendadecalcados.com.br/fma600/2287a92a26275a255296aa009485f1cb.png,https://www.revendadecalcados.com.br/fma600/23ca5cadb18987bd5ded19b02adc352b.png,https://www.revendadecalcados.com.br/fma600/c739ad595a458ad94ab47a17f1f0a9ac.png,https://www.revendadecalcados.com.br/fma600/92e62bc11da913a55ed9ec8a7bfb0e58.png,https://www.revendadecalcados.com.br/fma600/9a75f8cccde44acf574ae629fe1a7d85.jpg,https://www.revendadecalcados.com.br/fma600/5cfbdba456a296b6c1e970074e9075ac.jpg,https://www.revendadecalcados.com.br/fma600/c6e514a55fa6fb359fc75be13e86ade9.jpg,https://www.revendadecalcados.com.br/fma600/321ac75699b3a96465a4106c024d0acf.jpg,https://www.revendadecalcados.com.br/fma600/a74aaaf62d7c82e214e74bf2437f32fb.jpg,https://www.revendadecalcados.com.br/fma600/544b3db5df16b312741afd4c48b2efe6.jpg,https://www.revendadecalcados.com.br/fma600/2d8ecf30caa9527f38f7fa3a5140ebd5.jpg;Preto;1.001
1.001B;Bota Franzida Feminina;Botas;34,10|35,10|36,10|37,10|38,10|39,10;149.90;164.89;0;Torricella;Material: Napa Off White<br />Enfeites: Zíper na Cor Off White (lateral interna)<br />Palmilha: 8 mm de Espessura, Espuma em EVA, e Taloneira Napa Bege<br />Forro: Cacharrel, material espumado para maior conforto, na cor Bege<br />Salto: 9 cm de Altura e Revestido em Napa Off White<br />Solado de TR na cor Bege.;31.5 x 30 x 9.5;1000;21/03/2024;0;https://www.revendadecalcados.com.br/produto-8500.html;https://www.revendadecalcados.com.br/fma600/18fcf93878e66bd511bcc479b9b718ef.jpg,https://www.revendadecalcados.com.br/fma600/9fb635d97024fbd0144b4aaf2c14cf14.jpg,https://www.revendadecalcados.com.br/fma600/99dcd27b2b0fcbbde6b97fbaae96baad.jpg,https://www.revendadecalcados.com.br/fma600/f66b5927291531e8eb9606b67931d26c.jpg,https://www.revendadecalcados.com.br/fma600/46641de4d6db2b845c81822bbaef913a.jpg,https://www.revendadecalcados.com.br/fma600/23fb6acaa969ca979f02d2a02e4fb01e.jpg,https://www.revendadecalcados.com.br/fma600/f140c1d29e9013e3ea81e866fdad5599.jpg,https://www.revendadecalcados.com.br/fma600/868510fd10d9786aa8e9984271de4401.jpg,https://www.revendadecalcados.com.br/fma600/e5e486102cdca8fd125bf0dc46f32be8.png,https://www.revendadecalcados.com.br/fma600/c9bbb943fa44740c96c5f494475a19cf.png,https://www.revendadecalcados.com.br/fma600/85e83cbd87ee1a5e9546f80ebe3c7759.png,https://www.revendadecalcados.com.br/fma600/9558a8587348aa2b521e705ea6195ab7.png,https://www.revendadecalcados.com.br/fma600/300232e2047db901f50e4b3c9f298abf.png,https://www.revendadecalcados.com.br/fma600/0b8b49b9208d3a490d04d13f935fa05d.jpg,https://www.revendadecalcados.com.br/fma600/2dd6bc772e8d6db779858a8de866cfc0.jpg,https://www.revendadecalcados.com.br/fma600/a90a408cbc70e7dca0384991da627942.jpg,https://www.revendadecalcados.com.br/fma600/5f2ed34b4e3a22309027a171862e8fcc.jpg;Off White;1.001
1.001C;Bota Franzida Feminina;Botas;34,10|35,10|36,10|37,10|38,10|39,10;149.90;164.89;0;Torricella;Material: Napa Caramelo<br />Enfeites: Zíper na Cor Caramelo (lateral interna)<br />Palmilha: 8 mm de Espessura, Espuma em EVA, e Taloneira Napa Caramelo<br />Forro: Cacharrel, material espumado para maior conforto, na cor Caramelo<br />Salto: 9 cm de Altura e Revestido em Napa Caramelo<br />Solado de TR na cor Bege.;31.5 x 30 x 9.5;1000;21/03/2024;0;https://www.revendadecalcados.com.br/produto-8499.html;https://www.revendadecalcados.com.br/fma600/d2e56e4405b2cb7d3cb6021273e193bc.jpg,https://www.revendadecalcados.com.br/fma600/c4ddbf5d8954a11525d70e5998851231.jpg,https://www.revendadecalcados.com.br/fma600/85226112f9b94ba848febc864cc20f9c.jpg,https://www.revendadecalcados.com.br/fma600/010618c674b3ad42fd204047fcab32f8.jpg,https://www.revendadecalcados.com.br/fma600/ac2fb1ffcd005522d4f3fca7712e8458.jpg,https://www.revendadecalcados.com.br/fma600/b27d7fa43a71075e1989666ea1479fa0.jpg,https://www.revendadecalcados.com.br/fma600/21b7f123aa81c1423482202a0680ad66.jpg,https://www.revendadecalcados.com.br/fma600/0f2e320112b047b1ba01ec9a95cdb33a.jpg,https://www.revendadecalcados.com.br/fma600/f795dd21d7f15ad5fce4b03fd7f48341.jpg,https://www.revendadecalcados.com.br/fma600/2431effa22d289b332e4d834bcad7f51.jpg,https://www.revendadecalcados.com.br/fma600/92bf4f2cd4779971fee5e5f3fceae6b8.png,https://www.revendadecalcados.com.br/fma600/cf673123dc263d8288136e8f3a37ee22.png,https://www.revendadecalcados.com.br/fma600/7b61786f7360ab55bcd6b317e782967e.png,https://www.revendadecalcados.com.br/fma600/c1241e72169276c3f20c17c19810682a.png,https://www.revendadecalcados.com.br/fma600/1cebb3b17e4aa0be434f7a81a761137e.jpg,https://www.revendadecalcados.com.br/fma600/ccacd0e96853fca7b8f4d4b9e77780b6.jpg,https://www.revendadecalcados.com.br/fma600/482a395a0033aa7884cef5d9e63c26e6.jpg;Caramelo;1.001
67094B;Bota Bico Fino Feminina;Botas;34,3|35,4|36,9|37,10|38,5|39,3;139.90;153.89;0;Torricella;Material: Napa Marrom Café<br />Enfeites: Zíper na Cor Marrom Café, Fivelas e Apliques na Cor Dourado<br />Palmilha: 8 mm de Espessura, Espuma em EVA, e Taloneira Napa Preto<br />Forro: Cacharrel, material espumado para maior conforto, na cor Marrom Café<br />Salto: 9 cm de Altura e Revestido em Napa na cor Marrom Café<br />Solado de TR na cor Preto.;31.5 x 30 x 9.5;1000;02/05/2025;0;https://www.revendadecalcados.com.br/produto-8779.html;https://www.revendadecalcados.com.br/fma600/b9fd5ad0cfba5c3b56847182b48dc51a.jpg,https://www.revendadecalcados.com.br/fma600/6d1564c31e7a3bf98e8f5dd80269edc1.jpg,https://www.revendadecalcados.com.br/fma600/eadd9581706bc4b446eb1abac593316c.jpg,https://www.revendadecalcados.com.br/fma600/e8cf4d7400ff937118b793fbbc07c06a.jpg,https://www.revendadecalcados.com.br/fma600/4b59a133c124b9aaba3a928993d595b3.jpg,https://www.revendadecalcados.com.br/fma600/2bb241723a35198c22b554ca32b8a860.jpg,https://www.revendadecalcados.com.br/fma600/ca02a8a2535eed358382a3938c1cea93.jpg,https://www.revendadecalcados.com.br/fma600/af1dc63000e5d09c494b634cb4ff96ca.png,https://www.revendadecalcados.com.br/fma600/410c4a22bc4f5ae00d7fe731bec19b01.jpg,https://www.revendadecalcados.com.br/fma600/cdd3f6183bb4070ceb1da7409a5c26ab.jpg,https://www.revendadecalcados.com.br/fma600/30d0c68367a8483042fe8b481c30902c.jpg,https://www.revendadecalcados.com.br/fma600/ca7bab33a3cd77c416b321d72bd72f31.jpg,https://www.revendadecalcados.com.br/fma600/1467139358fea5c997218a3b6928d903.jpg;CafÃ©;67094
1002B;Sandália Meia Pata Feminina;Meia Pata;34,2|35,4|36,7|37,9|38,4|39,3;129.90;142.89;0;Torricella;Material: Napa Off White, Napa Rosa e Croco Metalizado Rosa<br />Enfeites: Fivela de Ajuste na cor Dourado<br />Palmilha: 8 mm de Espessura, Espuma em EVA, Revestida em Napa Rosa e Taloneira Napa Bege<br />Meia Pata: Revestida em Croco Metalizado Rosa com 3,5 cm de altura<br />Salto: Bloco com 11 cm de Altura Revestido em Croco Metalizado Rosa<br />Solado de TR com antiderrapante na cor Bege.;28.5 x 23.5 x 9.5;800;25/08/2025;0;https://www.revendadecalcados.com.br/produto-8834.html;https://www.revendadecalcados.com.br/fma600/73c8af33ab8dbc0db5bb3f95ceaf30ec.jpg,https://www.revendadecalcados.com.br/fma600/1736015ca897587dd4ff17809db278de.jpg,https://www.revendadecalcados.com.br/fma600/694268a9b56e9af133c9fba42a891cc6.jpg,https://www.revendadecalcados.com.br/fma600/36e6771657b7c01ba80d08a528886a52.jpg,https://www.revendadecalcados.com.br/fma600/3995c5a9e45884381b26bc407fd0195f.jpg,https://www.revendadecalcados.com.br/fma600/b4cdeb53ba295af66c573e3472d2eea2.jpg;Rose;1002
80012A;Sapato Scarpin Salto 12;Sapato Scarpin;34,3|35,8|36,7|37,10|38,10|39,3;129.90;142.89;0;Torricella;Material: Napa Preto e Tecido Preto<br />Enfeite: Laço em Strass Prata<br />Palmilha: 8 mm de Espessura, Espuma em EVA, Revestida em Napa Preto e Taloneira Napa Preto<br />Forro: Vinil Transparente (interno)<br />Salto: 12 cm de Altura e Revestido em Napa Preto<br />Solado em Micro na cor Preto.;28 x 20 x 9.5;600;04/04/2024;0;https://www.revendadecalcados.com.br/produto-8510.html;https://www.revendadecalcados.com.br/fma600/2e51c01f75bc505b329d22d1902be6d8.jpg,https://www.revendadecalcados.com.br/fma600/d7dcad620b46e378f5bf9becbefe49c7.jpg,https://www.revendadecalcados.com.br/fma600/b8ad27681c26d54a5c11f4b9ebb66d7e.jpg,https://www.revendadecalcados.com.br/fma600/5b2f1490b372f7a00127edf2ae19d3cf.jpg,https://www.revendadecalcados.com.br/fma600/df48056f62490a1d8f7514503453eeb3.jpg,https://www.revendadecalcados.com.br/fma600/acd36f4ad0fd695c1be093df218afed1.jpg,https://www.revendadecalcados.com.br/fma600/c70df30323441d2ebb827752be3e4a3f.jpg,https://www.revendadecalcados.com.br/fma600/fa2d533788237210dc30e4c59660e060.jpg,https://www.revendadecalcados.com.br/fma600/524239f31a6a668647b66073d125a075.jpg,https://www.revendadecalcados.com.br/fma600/98f43ad22e124571bdc921fb47fc1f59.jpg,https://www.revendadecalcados.com.br/fma600/830f37318353aefc62bdf133644d5efb.jpg,https://www.revendadecalcados.com.br/fma600/0865c9ec9e7baafb3550617e5ee61ea5.jpg,https://www.revendadecalcados.com.br/fma600/89ae21f4b4d2dba51200f76430efb400.jpg,https://www.revendadecalcados.com.br/fma600/b8a39c93da76e152671961c71c0b2f9a.jpg;Preto;80012
80009B;Sapato Scarpin Salto 12;Sapato Scarpin;34,1|35,1|36,1|37,1|38,6|39,1;124.90;137.39;0;Torricella;Material: Napa Metalizado Dourado<br />Enfeites: Fivela de ajuste na cor Dourado e laço em pedras de Strass<br />Palmilha: 8 mm de Espessura, Espuma em EVA, Revestida em Napa Metalizado Dourado e Taloneira Napa Bege<br />Forro: Napa Sintético, na cor Bege<br />Salto: 12 cm de Altura e Revestido em Napa Metalizado Dourado<br />Solado em Micro na cor Bege.;31.5 x 30 x 9.5;1000;04/04/2024;0;https://www.revendadecalcados.com.br/produto-8505.html;https://www.revendadecalcados.com.br/fma600/eed6516a691e8b29e48dc82ea4a11ee7.jpg,https://www.revendadecalcados.com.br/fma600/c3f5a4cd60168119000dacc1a7c43631.jpg,https://www.revendadecalcados.com.br/fma600/ec30dfde3e17387f5bd6f7e7af6e3e05.jpg,https://www.revendadecalcados.com.br/fma600/e7c5cfa6abab797a4a762581f6c646d0.jpg,https://www.revendadecalcados.com.br/fma600/0c75f199636db07ea41e1554aa74193a.jpg,https://www.revendadecalcados.com.br/fma600/43237aa25fa4c2aa0048a342a303b0e2.jpg,https://www.revendadecalcados.com.br/fma600/9027bd485aa5c05b3ec3a3493cca7eb6.jpg,https://www.revendadecalcados.com.br/fma600/df44a302d58a61715ce9dac5caef715d.jpg,https://www.revendadecalcados.com.br/fma600/3ea2078999eca52acd82f0946de60aab.jpg,https://www.revendadecalcados.com.br/fma600/83c475dcc680cc742347d9535bc468e9.jpg,https://www.revendadecalcados.com.br/fma600/1b1cdcf75f1fd710390b13db719cb457.jpg,https://www.revendadecalcados.com.br/fma600/a283679b857a3f9cc09c0047a204e354.jpg,https://www.revendadecalcados.com.br/fma600/9b7245d40443b7474dbbc410fb39e024.jpg,https://www.revendadecalcados.com.br/fma600/3dc8952749e1c96b2e8a754658f3dbd9.jpg;Dourado;80009
1003C;Sandália Meia Pata Feminina;Meia Pata;34,1|35,4|36,7|37,1|38,3|39,2;119.90;131.89;0;Torricella;Material: Napa Laranja e Napa Verde<br />Enfeites: Fivela de Ajuste na cor Dourado<br />Palmilha: 8 mm de Espessura, Espuma em EVA, Revestida em Verniz Metalizado Specchio Ouro Light e Taloneira Napa Bege<br />Meia Pata: Revestida em Napa Caramelo com 3,5 cm de altura<br />Salto: Bloco com 11 cm de Altura Revestido em Napa Caramelo<br />Solado de TR com antiderrapante na cor Bege.;28.5 x 23.5 x 9.5;800;21/08/2025;0;https://www.revendadecalcados.com.br/produto-8837.html;https://www.revendadecalcados.com.br/fma600/a7d612c07b6911a13c5fbcd88507322f.jpg,https://www.revendadecalcados.com.br/fma600/3fd2529c0dafc56b3ad855fba0b06311.jpg,https://www.revendadecalcados.com.br/fma600/6d688aad1726dd5509f941e62118ee4a.jpg,https://www.revendadecalcados.com.br/fma600/86e21b9e59d95325a94261894f241f29.jpg,https://www.revendadecalcados.com.br/fma600/6c044a94734d2cd769dd2565ac564a34.jpg,https://www.revendadecalcados.com.br/fma600/3a8ee1c9eaa966de639c8f97fa7996bc.jpg;Multicolorido;1003
67069C;Bota Bico Fino Cano Médio;Botas;34,1|35,7|36,10|37,10|38,10|39,2;119.90;131.89;0;Torricella;Material: Napa Vintage Bege<br />Enfeites: Zíper na Cor Bege (lateral interna) e Pulseira Removível com Flor em Napa Caramelo e tira em Cetim Preto<br />Palmilha: 8 mm de Espessura, Espuma em EVA, e Taloneira Napa Preto<br />Forro: Cacharrel, material espumado para maior conforto, na cor Off White<br />Salto: 9 cm de Altura e Revestido em Napa Vintage Bege<br />Solado em PVC na cor Bege.;31.5 x 30 x 9.5;1000;27/03/2024;0;https://www.revendadecalcados.com.br/produto-8530.html;https://www.revendadecalcados.com.br/fma600/908269cbe44cc75f9ee5bd14a91adc31.jpg,https://www.revendadecalcados.com.br/fma600/3b1311637c3553f1040140d0791ebeeb.jpg,https://www.revendadecalcados.com.br/fma600/ec668f61c690229043b6c2c7917c8537.jpg,https://www.revendadecalcados.com.br/fma600/f6c4f6a40621337be049a67407dbf12c.jpg,https://www.revendadecalcados.com.br/fma600/d066b45fe46c98c83f43ca567953f799.jpg,https://www.revendadecalcados.com.br/fma600/d73f98f3e8cf95b6c6bcdd1d16abd376.jpg,https://www.revendadecalcados.com.br/fma600/9a1357b8207d74b0b2fb29ef4bccb829.jpg,https://www.revendadecalcados.com.br/fma600/6287fd8c0db2d57d9ea79f818a47737a.jpg,https://www.revendadecalcados.com.br/fma600/a9fea0096a2481b3967d8367bc7e74f9.jpg,https://www.revendadecalcados.com.br/fma600/3793cc773bb44fd490bcdeba8d70160e.jpg,https://www.revendadecalcados.com.br/fma600/a883263e8d785f928edd60e87fa975a1.jpg,https://www.revendadecalcados.com.br/fma600/7e726e5790a8fe8f37e53c73cb23b110.jpg,https://www.revendadecalcados.com.br/fma600/e7acf6f0e33489db9f23f69c5c9b395f.jpg,https://www.revendadecalcados.com.br/fma600/749ac88b37f5234c28114f83aa856d4f.jpg,https://www.revendadecalcados.com.br/fma600/a46f310b7e3d96cd8fef8c6ad4aba2f4.png,https://www.revendadecalcados.com.br/fma600/a69f74f73f5163e7ad5e0d18e953a1af.png,https://www.revendadecalcados.com.br/fma600/6524a28ccca8b3aae7318fe8ffc2a028.png,https://www.revendadecalcados.com.br/fma600/a292223c81b196b303781231b150d283.png;Bege;67069
67069B;Bota Bico Fino Cano Médio;Botas;34,6|35,10|36,10|37,10|38,9|39,2;119.90;131.89;0;Torricella;Material: Napa Vintage Caramelo<br />Enfeites: Zíper na Cor Caramelo (lateral interna) e Pulseira Removível com Flor em Napa Caramelo e tira em Cetim Preto<br />Palmilha: 8 mm de Espessura, Espuma em EVA, e Taloneira Napa Preto<br />Forro: Cacharrel, material espumado para maior conforto, na cor Café<br />Salto: 9 cm de Altura e Revestido em Napa Vintage Caramelo<br />Solado em PVC na cor Bege.;31.5 x 30 x 9.5;1000;27/03/2024;0;https://www.revendadecalcados.com.br/produto-8529.html;https://www.revendadecalcados.com.br/fma600/8c530da7291d76bbdf73039c6e7e05b7.jpg,https://www.revendadecalcados.com.br/fma600/6eddf55da88686d3a4aa8fb99c69fa2e.jpg,https://www.revendadecalcados.com.br/fma600/bfd3295a4002b4ec5ad53b28d166b35d.jpg,https://www.revendadecalcados.com.br/fma600/3c7a5744b1331ceaad8f786356008cce.jpg,https://www.revendadecalcados.com.br/fma600/2718dedb0c3a4442230c9d57bd5068eb.jpg,https://www.revendadecalcados.com.br/fma600/70c1f81376eefa8bc528bf35e9833df2.jpg,https://www.revendadecalcados.com.br/fma600/48fca15634c9a0a4b7db22b7874b5217.jpg,https://www.revendadecalcados.com.br/fma600/96bbdb13d959cda3f05480acaf80f8b3.jpg,https://www.revendadecalcados.com.br/fma600/360a030e623613294599cea1d0043643.jpg,https://www.revendadecalcados.com.br/fma600/8a4a96e7c8add1cfdc148df1dbe75ac5.jpg,https://www.revendadecalcados.com.br/fma600/71cd8421e8df0cc36b5a3d5e96c1be81.jpg,https://www.revendadecalcados.com.br/fma600/f343627afbfecf25cd1ddd465d9a082d.jpg,https://www.revendadecalcados.com.br/fma600/af65d7006e391c258770475e3fbc962d.jpg,https://www.revendadecalcados.com.br/fma600/5949e4c0e75b0eb83f5d5848bbf5ac5a.jpg,https://www.revendadecalcados.com.br/fma600/a9c2d62bb036baf338a107b2614f7a38.jpg,https://www.revendadecalcados.com.br/fma600/b5e9a759b3bad65dda700ff4c14d7f8f.jpg,https://www.revendadecalcados.com.br/fma600/7b1753ffa720d6d28dddd41007d71c82.png,https://www.revendadecalcados.com.br/fma600/4ec0c54cc4e60ad2091d766aa5a69206.png,https://www.revendadecalcados.com.br/fma600/b473937b8e040bf94fd97fc02dd638c8.png,https://www.revendadecalcados.com.br/fma600/7c35b585f74a6eb7a6a5aeb6b2b4e2de.png;Caramelo;67069
67069A;Bota Bico Fino Cano Médio;Botas;34,8|35,10|36,10|37,10|38,10|39,2;119.90;131.89;0;Torricella;Material: Napa Vintage Preto<br />Enfeites: Zíper na Cor Preto (lateral interna) e Pulseira Removível com Flor em Napa Vermelho e tira em Poá<br />Palmilha: 8 mm de Espessura, Espuma em EVA, e Taloneira Napa Preto<br />Forro: Cacharrel, material espumado para maior conforto, na cor Preto<br />Salto: 9 cm de Altura e Revestido em Napa Vintage Preto<br />Solado em PVC na cor Preto.;31.5 x 30 x 9.5;1000;27/03/2024;0;https://www.revendadecalcados.com.br/produto-8512.html;https://www.revendadecalcados.com.br/fma600/e4276e3d6cceb39c99c3ce5eef3ff001.jpg,https://www.revendadecalcados.com.br/fma600/ecac5de44772aa3d3122dbe16430214c.jpg,https://www.revendadecalcados.com.br/fma600/048d92e86b2ca72531e5dac5506d4d10.jpg,https://www.revendadecalcados.com.br/fma600/16786ec3de35de2bcc539d4104badd6d.jpg,https://www.revendadecalcados.com.br/fma600/115788b0187b4702b3c3594de68dca01.jpg,https://www.revendadecalcados.com.br/fma600/e9c1ea8068ddc1ed87323e6bbd7995b2.jpg,https://www.revendadecalcados.com.br/fma600/107351d8d7a749c836e376e3bae385b2.jpg,https://www.revendadecalcados.com.br/fma600/21eaab5be0542402c882f89d78950841.jpg,https://www.revendadecalcados.com.br/fma600/f56486c3e44aa04dd56ab99a6e15d8bf.jpg,https://www.revendadecalcados.com.br/fma600/22185edba0d14df1b666de1270ee610b.jpg,https://www.revendadecalcados.com.br/fma600/e5e1b4a627e34615e3c462fb823d1783.jpg,https://www.revendadecalcados.com.br/fma600/e20df00f42d9e183b30fa73c622d905b.jpg,https://www.revendadecalcados.com.br/fma600/303cafa1f64c24d70530886d4a0faceb.jpg,https://www.revendadecalcados.com.br/fma600/631f93681d4a0b850f54eafc44a7d2c8.png,https://www.revendadecalcados.com.br/fma600/6e5d949cd1475ff8e050e9582496a439.png,https://www.revendadecalcados.com.br/fma600/f8398c661088d9db4f3da756919c5fe2.png,https://www.revendadecalcados.com.br/fma600/84e63e5a27b842365f2ecc679274046f.png,https://www.revendadecalcados.com.br/fma600/5a976454c0491cf443134462868ff20e.png;Preto;67069
80000C;Sapato Scarpin Salto 12;Sapato Scarpin;34,4|35,5|36,9|37,6|38,7|39,4;114.90;126.39;0;Torricella;Material: Napa Dourado<br />Palmilha: 8 mm de Espessura, Espuma em EVA, Revestida em Napa Dourado e Taloneira Napa Bege<br />Salto: 12 cm de Altura Revestido em Napa Dourado<br />Solado de Micro na cor Vermelho.;28 x 20 x 9.5;600;18/12/2025;0;https://www.revendadecalcados.com.br/produto-8881.html;https://www.revendadecalcados.com.br/fma600/f83d9d7e1e84d48a033bb609f6795ada.jpg,https://www.revendadecalcados.com.br/fma600/b177421b4479652ca232dfea1a6e3325.jpg,https://www.revendadecalcados.com.br/fma600/7f5b15e195fac15863c9d82a09fba803.jpg,https://www.revendadecalcados.com.br/fma600/c1dec7fe6b83870e874558622bf675dd.jpg,https://www.revendadecalcados.com.br/fma600/2e94a176e002c44ffbc6901105c5810b.jpg,https://www.revendadecalcados.com.br/fma600/e1fea826653a8db344d4755899897824.jpg,https://www.revendadecalcados.com.br/fma600/709c16abc38130a5bb8a615e67a4cdc2.jpg,https://www.revendadecalcados.com.br/fma600/a58480c0a380904a0d4f44ba1d9f4794.jpg,https://www.revendadecalcados.com.br/fma600/9fc33d6a1fb8297b612db53ff636fe68.jpg,https://www.revendadecalcados.com.br/fma600/23ac566a32f0ef23142fd991d6bc7980.jpg,https://www.revendadecalcados.com.br/fma600/3576e5324c3424d32c53de881b7a1cd3.jpg,https://www.revendadecalcados.com.br/fma600/1a4b698ff8f821320394e7fe569a076d.jpg,https://www.revendadecalcados.com.br/fma600/07bba46059a5ddbc56d30aba62394f02.jpg,https://www.revendadecalcados.com.br/fma600/daccd13d803c0971538c9dfa7c2d3651.jpg,https://www.revendadecalcados.com.br/fma600/3908358a080c54705b8353e0b4c6cc4d.jpg,https://www.revendadecalcados.com.br/fma600/707414306d52a60a8b899eaa9d611d4a.jpg;Dourado;80000
66077B;Sapato Scarpin;Sapato Scarpin;34,2|35,3|36,4|37,1|38,2|39,1;104.90;115.39;0;Torricella;Material: Napa Caramelo<br />Enfeite: Apliques Pirâmides em ABS na cor Dourado e Fivela de Ajuste na Cor Dourado<br />Palmilha: 8 mm de Espessura, Espuma em EVA, Revestida em Napa Caramelo e Taloneira Napa Bege<br />Salto: Grosso com 8,5 cm de Altura Revestido em Napa Caramelo<br />Solado de PVC com antiderrapante na cor Bege.;28 x 20 x 9.5;600;21/10/2024;0;https://www.revendadecalcados.com.br/produto-8683.html;https://www.revendadecalcados.com.br/fma600/778227c9db1014252aee3004c6b1fabd.jpg,https://www.revendadecalcados.com.br/fma600/d3dc10e4dbbdad19e56fcf3ac1e13229.jpg,https://www.revendadecalcados.com.br/fma600/8711d85311b7e9911af3aebed5a01daf.jpg,https://www.revendadecalcados.com.br/fma600/d08ff6791b62187cedb86defe38b5d40.jpg,https://www.revendadecalcados.com.br/fma600/6187debbc3a883ba27a2cad9956facb0.jpg,https://www.revendadecalcados.com.br/fma600/4d5280196a79b1881f84bb1310d6b1b4.jpg;Caramelo;66077
600.20C;Bota Cano Curto;Botas;34,8|35,10|36,10|37,10|38,10|39,8;99.90;109.89;0;Torricella;Material: Napa Marrom Caramelo<br />Enfeites: Zíper na cor Caramelo (lateral interna) e material com vira no cano em Napa Marrom Caramelo (não removível)<br />Palmilha: 8 mm de Espessura, Espuma em EVA, e Taloneira Napa Preto<br />Forro: Cacharrel, material espumado para maior conforto na cor Marrom Café<br />Salto: 6 cm de Altura encapado em Napa Rigato Marrom Caramelo<br />Solado de PVC na cor Bege.;28.5 x 23.5 x 9.5;800;27/04/2026;0;https://www.revendadecalcados.com.br/produto-8916.html;https://www.revendadecalcados.com.br/fma600/1f36e36150bf3949d8e69d952d2fc0c9.jpg,https://www.revendadecalcados.com.br/fma600/108c872bfb80bc19ba5967bc7e951808.jpg,https://www.revendadecalcados.com.br/fma600/5da15571a9b88a0268d94b5d3a662c83.jpg,https://www.revendadecalcados.com.br/fma600/3522648539d5a552b7e392a26a4bf229.jpg,https://www.revendadecalcados.com.br/fma600/0638f2fc533d4c46f25f788e7034073a.jpg,https://www.revendadecalcados.com.br/fma600/636328d44b0d514b89e97e6c4b59cb61.jpg,https://www.revendadecalcados.com.br/fma600/25f771cb9b43cf77d88537c2dcea737f.jpg,https://www.revendadecalcados.com.br/fma600/69b9311d4e5c77febdf6e65db855ef47.jpg,https://www.revendadecalcados.com.br/fma600/0e85b63046508c2a715c9a415aa60ba6.jpg,https://www.revendadecalcados.com.br/fma600/84b7aa01b695737ef460f5f525f6ea26.jpg,https://www.revendadecalcados.com.br/fma600/7b18e2ac6174a66926604456ffcf2577.jpg,https://www.revendadecalcados.com.br/fma600/c3c29d4efadfd752520ab1404e10b5b2.jpg,https://www.revendadecalcados.com.br/fma600/f9ea16b83f30b95ad4838e41ec6171d3.jpg,https://www.revendadecalcados.com.br/fma600/4b8d125b4d1ba58c379a13f4773d4a20.jpg,https://www.revendadecalcados.com.br/fma600/3fdb6a3d604e017ffb25396653f17e25.jpg;Caramelo;600.20
600.20B;Bota Cano Curto;Botas;34,7|35,10|36,10|37,10|38,10|39,6;99.90;109.89;0;Torricella;Material: Napa Marrom Café<br />Enfeites: Zíper na cor Marrom Café (lateral interna) e material com vira no cano em Napa Marrom Café (não removível)<br />Palmilha: 8 mm de Espessura, Espuma em EVA, e Taloneira Napa Preto<br />Forro: Cacharrel, material espumado para maior conforto na cor Marrom Café<br />Salto: 6 cm de Altura encapado em Napa Rigato Marrom Café<br />Solado de PVC na cor Preto.;28.5 x 23.5 x 9.5;800;27/04/2026;0;https://www.revendadecalcados.com.br/produto-8915.html;https://www.revendadecalcados.com.br/fma600/6c52064a8f52b91a1fd6872ce54ba20c.jpg,https://www.revendadecalcados.com.br/fma600/80a283434db7d16cb9de368c36dee930.jpg,https://www.revendadecalcados.com.br/fma600/5dbcfe97e4cdeef7924e8d7824970eb9.jpg,https://www.revendadecalcados.com.br/fma600/6acaeaf082fb0cb2556c4357c4cd0855.jpg,https://www.revendadecalcados.com.br/fma600/4b0d645dbbd57b2ef75b18717039957a.jpg,https://www.revendadecalcados.com.br/fma600/2351c2dd34990ef6862a1ee48ebf42ca.jpg,https://www.revendadecalcados.com.br/fma600/dcccad03719cfd61458a867015e67adc.jpg,https://www.revendadecalcados.com.br/fma600/b736f503e5e743977e543daa37ddf0b9.jpg,https://www.revendadecalcados.com.br/fma600/fb04a18820dd7514b4a1878be0ad023b.jpg,https://www.revendadecalcados.com.br/fma600/8207717118eff5eccc0e796c62ac4ad9.jpg,https://www.revendadecalcados.com.br/fma600/494ff1901bc7f4bc6f6279d4d75eb7bf.jpg,https://www.revendadecalcados.com.br/fma600/380caf70c01e91f3258d287b28097e9f.jpg,https://www.revendadecalcados.com.br/fma600/25e1c2757ed228d5b0974f5fe0c2a534.jpg,https://www.revendadecalcados.com.br/fma600/f1aa7064d03354fa5158c3fd4f187828.jpg;CafÃ©;600.20
600.20A;Bota Cano Curto;Botas;34,9|35,10|36,10|37,10|38,10|39,8;99.90;109.89;0;Torricella;Material: Napa Preto<br />Enfeites: Zíper na cor Preto (lateral interna) e material com vira no cano em Napa Preto (não removível)<br />Palmilha: 8 mm de Espessura, Espuma em EVA, e Taloneira Napa Preto<br />Forro: Cacharrel, material espumado para maior conforto na cor Preto<br />Salto: 6 cm de Altura encapado em Napa Preto<br />Solado de PVC na cor Preto.;28.5 x 23.5 x 9.5;800;27/04/2026;0;https://www.revendadecalcados.com.br/produto-8914.html;https://www.revendadecalcados.com.br/fma600/a1f74face9626a5ce3ec94c74d019b94.jpg,https://www.revendadecalcados.com.br/fma600/fb1cefa9505e0caaf496cc0dffe32f2e.jpg,https://www.revendadecalcados.com.br/fma600/5239e3a42afb7ba1b150e94e11920093.jpg,https://www.revendadecalcados.com.br/fma600/a3593270c0ecbc3e4f3f5142b018b8b8.jpg,https://www.revendadecalcados.com.br/fma600/5af85c0f7a59fdbb17891bf81391351f.jpg,https://www.revendadecalcados.com.br/fma600/c9491b2c52b5e9d0f483b5a1f39ccafe.jpg,https://www.revendadecalcados.com.br/fma600/d7c60282b36d363707e3bcb1ad5db994.jpg,https://www.revendadecalcados.com.br/fma600/271561fa537156560561dfa6ad2912e5.jpg,https://www.revendadecalcados.com.br/fma600/160194be1e47f07ab4f11f308ea4a81b.jpg,https://www.revendadecalcados.com.br/fma600/929b4c345b9287c1c62d78bccdfd3b15.jpg,https://www.revendadecalcados.com.br/fma600/058548c2ee260882f845ca196b021d94.jpg,https://www.revendadecalcados.com.br/fma600/405911b759b8f6e1cf4a3737c7ef6711.jpg,https://www.revendadecalcados.com.br/fma600/e8e3f435aa3902e79bdb66cf906f252a.jpg,https://www.revendadecalcados.com.br/fma600/027beafcc0e3f3143f935762c7a229d2.jpg,https://www.revendadecalcados.com.br/fma600/e3286ce125aba1244db79e8f9cb8c6a3.jpg;Preto;600.20
68005B;Sapato Scarpin;Sapato Scarpin;34,2|35,9|36,10|37,10|38,7|39,3;99.90;109.89;0;Torricella;Material: Napa Caramelo<br />Palmilha: 8 mm de Espessura, Espuma em EVA, Revestida em Napa Caramelo e Taloneira Napa Bege<br />Enfeite: Apliques em ABS na cor Dourado<br />Salto: 9 cm de Altura Revestido em Napa Caramelo<br />Solado de PVC na cor Bege.;28 x 20 x 9.5;600;04/09/2025;0;https://www.revendadecalcados.com.br/produto-8859.html;https://www.revendadecalcados.com.br/fma600/23a7b4345d4f23a7c2d2a3c18f68b119.jpg,https://www.revendadecalcados.com.br/fma600/b20ebc62ac7b76d2eed9539b0dfeb059.jpg,https://www.revendadecalcados.com.br/fma600/e84275853f90eb0b144c53059c393914.jpg,https://www.revendadecalcados.com.br/fma600/8335b567119fa29005c9547efbe72cf7.jpg,https://www.revendadecalcados.com.br/fma600/693fc58f0fb147fe2fca41a8ffeae256.jpg,https://www.revendadecalcados.com.br/fma600/9be04884dda889a06c3b24587cde7c29.jpg,https://www.revendadecalcados.com.br/fma600/6472db2372609753e45aef66eda743ba.png,https://www.revendadecalcados.com.br/fma600/2e4d299fc4bc2b0875fc4ccde29fcacc.png,https://www.revendadecalcados.com.br/fma600/898f5af6a35d4e1bc4fb831608ea1cb9.png;Caramelo;68005
68005A;Sapato Scarpin;Sapato Scarpin;34,2|35,6|36,10|37,10|38,6|39,4;99.90;109.89;0;Torricella;Material: Napa Preto<br />Palmilha: 8 mm de Espessura, Espuma em EVA, Revestida em Napa Preto e Taloneira Napa Preto<br />Enfeite: Apliques em ABS na cor Dourado<br />Salto: 9 cm de Altura Revestido em Napa Preto<br />Solado de PVC na cor Preto.;28 x 20 x 9.5;600;04/09/2025;0;https://www.revendadecalcados.com.br/produto-8858.html;https://www.revendadecalcados.com.br/fma600/29cde4ec0de5ccbd46b30b60aa28a1c0.jpg,https://www.revendadecalcados.com.br/fma600/2f8bab2d7618ffc97fd4e6fab3f51fb8.jpg,https://www.revendadecalcados.com.br/fma600/39b8a36f0f06fd36480b5679d2c6b7ec.jpg,https://www.revendadecalcados.com.br/fma600/3c217a13b48a3da914277ea8e871935c.jpg,https://www.revendadecalcados.com.br/fma600/7cc987e2e57abda9db744e65a4e9a5f5.jpg,https://www.revendadecalcados.com.br/fma600/06bc6fa4e0fb1d0dc6ded2d838f05222.jpg,https://www.revendadecalcados.com.br/fma600/cf8db2147fe71a0f83c12c48e06f3dc7.png,https://www.revendadecalcados.com.br/fma600/a844fd0b57bf40e8fc15b45d3d5927e8.png,https://www.revendadecalcados.com.br/fma600/d61129bc46e7048a57b90ece9832bf82.png;Preto;68005
68008B;Sapato Scarpin;Sapato Scarpin;34,4|35,5|36,5|37,10|38,7|39,2;99.90;109.89;0;Torricella;Material: Verniz Metalizado Specchio Prata e Napa Croco Prata<br />Palmilha: 8 mm de Espessura, Espuma em EVA, Revestida em Napa Croco Prata e Taloneira Napa Bege<br />Salto: 9 cm de Altura Revestido em Metalizado Specchio Prata<br />Solado de PVC na cor Bege.;28 x 20 x 9.5;600;02/09/2025;0;https://www.revendadecalcados.com.br/produto-8855.html;https://www.revendadecalcados.com.br/fma600/5a89acef6bf1961329284e84646cfa4d.jpg,https://www.revendadecalcados.com.br/fma600/ffdfa791ef6d93a6fe22187b473e2f18.jpg,https://www.revendadecalcados.com.br/fma600/e10c9200f4cb2dbf22aaf4262b4eff08.jpg,https://www.revendadecalcados.com.br/fma600/725edf705c297c7fc0544517ad86f10d.jpg,https://www.revendadecalcados.com.br/fma600/8ed881f11a9a9009e981c5a63c3f06a2.jpg,https://www.revendadecalcados.com.br/fma600/42b027801625f71aee3f1f285f9cd41c.jpg,https://www.revendadecalcados.com.br/fma600/97a6b1bacfe444a5a02b791a897f3261.jpg,https://www.revendadecalcados.com.br/fma600/9cad1c7e7a3c702c03c24a9d226c7040.jpg,https://www.revendadecalcados.com.br/fma600/fef067391b3051274926f2e5050acbc0.jpg,https://www.revendadecalcados.com.br/fma600/e69c68f18caa18f80766d81a8df212f6.png,https://www.revendadecalcados.com.br/fma600/5bb5eaef413ae0960d7ff719a2af38ee.png;Prata;68008
66080C;Sapato Scarpin;Sapato Scarpin;34,4|35,8|36,8|37,9|38,7|39,5;99.90;109.89;0;Torricella;Material: Napa Off White<br />Palmilha: 8 mm de Espessura, Espuma em EVA, Revestida em Napa Off White e Taloneira Napa Bege<br />Enfeite: Fivela de Ajuste na cor Dourado e Apliques de Pérola em ABS na cor Dourado<br />Salto: 9 cm de Altura Revestido em Napa Off White<br />Solado de PVC na cor Bege.;28 x 20 x 9.5;600;28/08/2025;0;https://www.revendadecalcados.com.br/produto-8844.html;https://www.revendadecalcados.com.br/fma600/a7cdd5e1cb809fbbf3d5832f3612fa67.jpg,https://www.revendadecalcados.com.br/fma600/38f41193f400809e850ae43629d4b0ce.jpg,https://www.revendadecalcados.com.br/fma600/7632804f55700ed9ada0e9ace613c074.jpg,https://www.revendadecalcados.com.br/fma600/d27ebe31d7cd06ad40f8ef2811226336.jpg,https://www.revendadecalcados.com.br/fma600/89a44bfc3ce86ac5f541d1cd89293c46.jpg,https://www.revendadecalcados.com.br/fma600/4edcb44ecfdf01c2dedbdff526f1d5a8.jpg,https://www.revendadecalcados.com.br/fma600/b262f977bc5550ef1e332e6f806bc1f8.png,https://www.revendadecalcados.com.br/fma600/1be14c6e5065d05486314054e51886f9.png;Off White;66080
66080B;Sapato Scarpin;Sapato Scarpin;34,5|35,6|36,5|37,10|38,7|39,1;99.90;109.89;0;Torricella;Material: Napa Caramelo<br />Palmilha: 8 mm de Espessura, Espuma em EVA, Revestida em Napa Caramelo e Taloneira Napa Bege<br />Enfeite: Fivela de Ajuste na cor Dourado e Apliques de Pérola em ABS na cor Dourado<br />Salto: 9 cm de Altura Revestido em Napa Caramelo<br />Solado de PVC na cor Bege.;28 x 20 x 9.5;600;28/08/2025;0;https://www.revendadecalcados.com.br/produto-8843.html;https://www.revendadecalcados.com.br/fma600/01172af31f689ef7fbd999bf1e7c4e12.jpg,https://www.revendadecalcados.com.br/fma600/ebc54fedcd81c32f14bf44c6ab9295b3.jpg,https://www.revendadecalcados.com.br/fma600/c4b71aa2265462a311f50bc1ea3bebc5.jpg,https://www.revendadecalcados.com.br/fma600/2862e5be70183be3a66102539f0d09da.jpg,https://www.revendadecalcados.com.br/fma600/fce731a3a83c3a9e8ceaaccb2e7bf8a2.jpg,https://www.revendadecalcados.com.br/fma600/e60399b0c6c00e4eea167dfec9f65a4c.jpg,https://www.revendadecalcados.com.br/fma600/82f91a5017eeffe23c2ef872a5e87199.png,https://www.revendadecalcados.com.br/fma600/2046ae2017a0f1eb6f09223e4dc0a80b.png,https://www.revendadecalcados.com.br/fma600/4360aec48de3c55c40c550870ab63fb3.png,https://www.revendadecalcados.com.br/fma600/95ce81c6e93b70db15926ab87a485342.png;Caramelo;66080
66080A;Sapato Scarpin;Sapato Scarpin;34,3|35,5|36,6|37,10|38,7|39,4;99.90;109.89;0;Torricella;Material: Napa Preto<br />Palmilha: 8 mm de Espessura, Espuma em EVA, Revestida em Napa Preto e Taloneira Napa Preto<br />Enfeite: Fivela de Ajuste na cor Dourado e Apliques de Pérola em ABS na cor Dourado<br />Salto: 9 cm de Altura Revestido em Napa Preto<br />Solado de PVC na cor Preto.;28 x 20 x 9.5;600;28/08/2025;0;https://www.revendadecalcados.com.br/produto-8842.html;https://www.revendadecalcados.com.br/fma600/2a1b2c7c1124585ecb369554ea1dd5de.jpg,https://www.revendadecalcados.com.br/fma600/661571d6307007fdc5483f75bd666ef2.jpg,https://www.revendadecalcados.com.br/fma600/a370922c1b3fcef4a8937a0a51ae5de1.jpg,https://www.revendadecalcados.com.br/fma600/c67bfca83b22ca65722962721bd7dc28.jpg,https://www.revendadecalcados.com.br/fma600/440d67c5695e9b5c30484841c64eee35.jpg,https://www.revendadecalcados.com.br/fma600/66b952883f67ccc06fc02db31766fa91.jpg,https://www.revendadecalcados.com.br/fma600/7b15cc0da13f781832f34d57d7f15d4d.png,https://www.revendadecalcados.com.br/fma600/b5f6e475ae097d3aaaeb97c81b802608.png,https://www.revendadecalcados.com.br/fma600/7c5d29c85c649de3ebf9d5a0188236b7.png;Preto;66080
66082K;Sapato Scarpin;Sapato Scarpin;34,4|35,6|36,8|37,10|38,8|39,3;94.90;104.39;0;Torricella;Material: Napa Dourado / Metalizado Specchio Ouro Light<br />Palmilha: 8 mm de Espessura, Espuma em EVA, Revestida em Metalizado Specchio Ouro Light e Taloneira Napa Bege<br />Enfeite: Tiras em Metalizado Specchio Ouro Light<br />Salto: 9 cm de Altura Revestido em Napa Dourado<br />Solado de TR na cor Bege.;28 x 20 x 9.5;600;18/12/2025;0;https://www.revendadecalcados.com.br/produto-8880.html;https://www.revendadecalcados.com.br/fma600/0a6a2ed983ea53ee22d1c9fa18c63254.jpg,https://www.revendadecalcados.com.br/fma600/d175f3b808dff2321985f8dc659647ce.jpg,https://www.revendadecalcados.com.br/fma600/1ae2ed4b4993cdb69c419d0d4e3ded6c.jpg,https://www.revendadecalcados.com.br/fma600/6e7849bd67ac5ed94d6e1483e7428ce3.jpg,https://www.revendadecalcados.com.br/fma600/4f652d407b54936bc0cbe6a41ff6ac97.jpg,https://www.revendadecalcados.com.br/fma600/6dcec5eac7e056532b46dce893196842.jpg,https://www.revendadecalcados.com.br/fma600/49642c1694c0c6ba01dbc577fd0336ee.png,https://www.revendadecalcados.com.br/fma600/387bc9832aee3a7d4b1b1a527f567f49.png,https://www.revendadecalcados.com.br/fma600/8663ecec83f48f5d480f118838aebd77.png;Dourado;66082
68007B;Sapato Scarpin;Sapato Scarpin;34,1|35,6|36,9|37,8|38,5|39,4;94.90;104.39;0;Torricella;Material: Napa Caramelo / Metalizado Speechio Ouro Light<br />Palmilha: 8 mm de Espessura, Espuma em EVA, Revestida em Metalizado Speechio Ouro Light e Taloneira Napa Bege<br />Salto: Fino com 9 cm de Altura Revestido em Napa Caramelo<br />Solado de PVC com antiderrapante na cor Bege.;28.5 x 23.5 x 9.5;800;08/09/2025;0;https://www.revendadecalcados.com.br/produto-8866.html;https://www.revendadecalcados.com.br/fma600/b7ae34e66853e0a9d1407ff047bf9cd1.jpg,https://www.revendadecalcados.com.br/fma600/13c219ff01a55f9d25a6d47040cd32b9.jpg,https://www.revendadecalcados.com.br/fma600/ff712fa52de5e99bf1390b558cf539b3.jpg,https://www.revendadecalcados.com.br/fma600/c0e2122374b765a87eb0cf992a7a3eca.jpg,https://www.revendadecalcados.com.br/fma600/137e3944c125a4001d5dda1fa1f408a3.jpg,https://www.revendadecalcados.com.br/fma600/a1bc574fdead22115e691d9bdc6bcac5.jpg,https://www.revendadecalcados.com.br/fma600/a05278b4ce8a644503e8f7cef9e32f28.jpg,https://www.revendadecalcados.com.br/fma600/b0b882331741fd1a1bdf2f9f649ce13e.jpg,https://www.revendadecalcados.com.br/fma600/454e868277a2c9c9c46ddbbbc299eb93.jpg;Caramelo;68007
68003B;Sapato Scarpin;Sapato Scarpin;34,6|35,5|36,6|37,9|38,7|39,3;94.90;104.39;0;Torricella;Material: Napa Off White e Napa Bege<br />Palmilha: 8 mm de Espessura, Espuma em EVA, Revestida em Napa Bege e Taloneira Napa Bege<br />Enfeite: Apliques em ABS na cor Dourado e Fivela de Ajuste na cor Dourado<br />Salto: 9 cm de Altura Revestido em Napa Bege<br />Solado de PVC na cor Bege.;28 x 20 x 9.5;600;20/08/2025;0;https://www.revendadecalcados.com.br/produto-8829.html;https://www.revendadecalcados.com.br/fma600/afec92b1ca72737f969f979e4bdf6e1d.jpg,https://www.revendadecalcados.com.br/fma600/de17d0eae8d4a3a3a9c9bca16b6d0d53.jpg,https://www.revendadecalcados.com.br/fma600/1a135056b85d97e08376a736a358196f.jpg,https://www.revendadecalcados.com.br/fma600/856842aa09126c76ce61cc5e3a4cf3ac.jpg,https://www.revendadecalcados.com.br/fma600/b55248f598ed4671c732ad7a73bc1809.jpg,https://www.revendadecalcados.com.br/fma600/14692b4602c28161a1bcf5bc93fe774e.jpg,https://www.revendadecalcados.com.br/fma600/2091a797972f292db4778dbba467eecb.jpg,https://www.revendadecalcados.com.br/fma600/60cc5ae05c858fa66d68c0af75226419.jpg,https://www.revendadecalcados.com.br/fma600/81c1c4f9562509410b3181c6487f3236.png,https://www.revendadecalcados.com.br/fma600/d23fb37a54ff296cddfa7eeafbe2af9e.png,https://www.revendadecalcados.com.br/fma600/0d274e2c3be3f877b46e0aa0182e8821.png;Off White;68003
68003A;Sapato Scarpin;Sapato Scarpin;34,4|35,7|36,10|37,7|38,4|39,1;94.90;104.39;0;Torricella;Material: Napa Verde e Napa Caramelo<br />Palmilha: 8 mm de Espessura, Espuma em EVA, Revestida em Napa Caramelo e Taloneira Napa Bege<br />Enfeite: Apliques em ABS na cor Dourado e Fivela de Ajuste na cor Dourado<br />Salto: 9 cm de Altura Revestido em Napa Caramelo<br />Solado de PVC na cor Bege.;28 x 20 x 9.5;600;20/08/2025;0;https://www.revendadecalcados.com.br/produto-8828.html;https://www.revendadecalcados.com.br/fma600/ee01ffd11078862544a1c2fcafa7e533.jpg,https://www.revendadecalcados.com.br/fma600/2bad198df458dcfe2ae9fdf57f173620.jpg,https://www.revendadecalcados.com.br/fma600/9543ed4b9c209504beb17132489354b6.jpg,https://www.revendadecalcados.com.br/fma600/049c57767b0ea05f4246ee03ae157870.jpg,https://www.revendadecalcados.com.br/fma600/2a028edd693fc33188cc9ae354541a6e.jpg,https://www.revendadecalcados.com.br/fma600/1a5d37cdc69244e30144283b2bb46ac0.jpg,https://www.revendadecalcados.com.br/fma600/7ae0ed754c4f550a438b285813abd2f4.jpg,https://www.revendadecalcados.com.br/fma600/8122c11c74674b6aa2c635ecb2f23e13.jpg,https://www.revendadecalcados.com.br/fma600/217123cd86150d7d9a7b28dfd8178779.jpg,https://www.revendadecalcados.com.br/fma600/da978dbcd00fb06a53b758338479c926.png,https://www.revendadecalcados.com.br/fma600/2cfc7e05e6d73db9c254af29a5c7fb47.png;Verde;68003
68002B;Sapato Scarpin;Sapato Scarpin;34,2|35,3|36,5|37,10|38,7|39,3;94.90;104.39;0;Torricella;Material: Napa Caramelo / Metalizado Speechio Ouro Light / Tela Onça<br />Palmilha: 8 mm de Espessura, Espuma em EVA, Revestida em Metalizado Speechio Ouro Light e Taloneira Napa Bege<br />Enfeite: Fivela de Ajuste na cor Dourado<br />Salto: 9 cm de Altura Revestido em Napa Caramelo<br />Solado de TR na cor Bege.;28 x 20 x 9.5;600;15/05/2025;0;https://www.revendadecalcados.com.br/produto-8787.html;https://www.revendadecalcados.com.br/fma600/9a5557e1a6a37cfae001f35da5f4102d.jpg,https://www.revendadecalcados.com.br/fma600/ca19a249295549639d19a9fba20747bc.jpg,https://www.revendadecalcados.com.br/fma600/4724e400da3d1abe782ed5b25ee61ef1.jpg,https://www.revendadecalcados.com.br/fma600/a076a8ea8408e96602bb0719da298320.jpg,https://www.revendadecalcados.com.br/fma600/dbe4d920d46eaab3b4c840845c9eb9c9.jpg,https://www.revendadecalcados.com.br/fma600/f2dd56f5383990b0138840b00a448953.jpg,https://www.revendadecalcados.com.br/fma600/7a563c3d445e3e7c758215e4fe255993.png,https://www.revendadecalcados.com.br/fma600/d13e10cd88dcd88d3be08e6087cba1ca.png,https://www.revendadecalcados.com.br/fma600/35cca85756d8432721c48783923f5157.png,https://www.revendadecalcados.com.br/fma600/776b2362c8f03fc5d2ccd98eae1aabbe.png;Caramelo;68002
68002A;Sapato Scarpin;Sapato Scarpin;34,2|35,4|36,7|37,10|38,4|39,3;94.90;104.39;0;Torricella;Material: Napa Preto / Metalizado Speechio Ouro Light / Tela Onça<br />Palmilha: 8 mm de Espessura, Espuma em EVA, Revestida em Metalizado Speechio Ouro Light e Taloneira Napa Preto<br />Enfeite: Fivela de Ajuste na cor Dourado<br />Salto: 9 cm de Altura Revestido em Napa Preto<br />Solado de TR na cor Preto.;28 x 20 x 9.5;600;15/05/2025;0;https://www.revendadecalcados.com.br/produto-8786.html;https://www.revendadecalcados.com.br/fma600/02b3d03268aaa5bcd66397c8fca6cf36.jpg,https://www.revendadecalcados.com.br/fma600/d706e0cd9e05e9dea9005cf10135ed98.jpg,https://www.revendadecalcados.com.br/fma600/03e2fde375123183c6292830722e9317.jpg,https://www.revendadecalcados.com.br/fma600/4bf7612303034111a36181ff50604703.jpg,https://www.revendadecalcados.com.br/fma600/3d4cdaab2ce12156b6ee8f810a7b4107.jpg,https://www.revendadecalcados.com.br/fma600/305874688f7f72a46d6b8a684debd25b.jpg,https://www.revendadecalcados.com.br/fma600/9c231ce8b6e2404368e8ccbf6789bcc2.png,https://www.revendadecalcados.com.br/fma600/ac39b1ff4aef0a888b713756d00c66cb.png,https://www.revendadecalcados.com.br/fma600/ed1ff794be0ba121725ea2c0ff56a343.png,https://www.revendadecalcados.com.br/fma600/405f92cc423232f1251bab0ea9e11433.png,https://www.revendadecalcados.com.br/fma600/f6c3fa9175bafe7835d70cf8ef418d7f.png,https://www.revendadecalcados.com.br/fma600/092df0fe5ccb3e9efdf4a0d2b428ee18.png;Preto;68002
67083C;Sapato Scarpin;Sapato Scarpin;34,2|35,2|36,6|37,4|38,3|39,3;94.90;104.39;0;Torricella;Material: Metalizado Specchio Ouro Light / Tela na Cor Bege<br />Enfeite: Fivela de Ajuste na Cor Dourado<br />Palmilha: 8 mm de Espessura, Espuma em EVA, Revestida em Metalizado Specchio Ouro Light e Taloneira Napa Bege<br />Salto: Fino com 9 cm de Altura Revestido em Metalizado Specchio Ouro Light<br />Solado de PVC com antiderrapante na cor Bege.;28 x 20 x 9.5;600;05/12/2024;0;https://www.revendadecalcados.com.br/produto-8731.html;https://www.revendadecalcados.com.br/fma600/e3d3e6b0e722038787758e4caa43e8b4.jpg,https://www.revendadecalcados.com.br/fma600/8796ec58484d2ed2634aca841ac694a8.jpg,https://www.revendadecalcados.com.br/fma600/5715779a78dc9389b71df3cd2e5c38e6.jpg,https://www.revendadecalcados.com.br/fma600/bb4bcb4012cc32e4bd2a5dd04f0eb47d.jpg,https://www.revendadecalcados.com.br/fma600/08149e34e73c355709975f9f867bfcf3.jpg,https://www.revendadecalcados.com.br/fma600/afe97193443a4fc40ff46c4d73b7053b.jpg,https://www.revendadecalcados.com.br/fma600/56dda02932d9d41f9292b790e18b70ed.jpg,https://www.revendadecalcados.com.br/fma600/163c033b5a67323b882ca9809b527f50.jpg,https://www.revendadecalcados.com.br/fma600/e1ddecfbdb28f3334ed868226671e71f.jpg,https://www.revendadecalcados.com.br/fma600/4b6819ba11d87ace7a5177d052c01389.jpg,https://www.revendadecalcados.com.br/fma600/ce2435e4f59ade89ca1b35a182edd1c7.jpg,https://www.revendadecalcados.com.br/fma600/e6867bb2d0dfae63f96023791f9a81c5.jpg,https://www.revendadecalcados.com.br/fma600/1c4d2d45e1ebcf75b154b1dcf1ad2e98.jpg,https://www.revendadecalcados.com.br/fma600/bd9a0779883c34a034e85f98020fa403.jpg,https://www.revendadecalcados.com.br/fma600/53e77bcd372a820011e56aba6f904404.jpg,https://www.revendadecalcados.com.br/fma600/4023c959dc0e066aaece46b407836caa.jpg,https://www.revendadecalcados.com.br/fma600/4437576fa7df0bfa8a0efccf3c42d88f.jpg,https://www.revendadecalcados.com.br/fma600/678351a5810373fd7144c34545e10554.jpg,https://www.revendadecalcados.com.br/fma600/e64185908851682ed39da1f7344d16e4.jpg,https://www.revendadecalcados.com.br/fma600/b24399d7766c4abd120d6867263da696.jpg,https://www.revendadecalcados.com.br/fma600/b28bf566026edcb4a86aaf08f6c78cc1.jpg,https://www.revendadecalcados.com.br/fma600/99d588e9867c5ef1dea2368408f684c2.jpg,https://www.revendadecalcados.com.br/fma600/580cd6bcef2255b0593035498d18e0b4.jpg,https://www.revendadecalcados.com.br/fma600/e24edcc42cf384c928cf1e86d4a6b900.jpg;Dourado;67083
66082F;Sapato Scarpin;Sapato Scarpin;34,2|35,2|36,1|37,4|38,2|39,4;94.90;104.39;0;Torricella;Material: Verniz Preto<br />Palmilha: 8 mm de Espessura, Espuma em EVA, Revestida em Verniz Preto e Taloneira Napa Bege<br />Enfeite: Fivela de Ajuste na Cor Dourado e Tiras em Verniz Preto<br />Salto: 9 cm de Altura Revestido em Verniz Preto<br />Solado de TR na cor Preto.;28 x 20 x 9.5;600;24/10/2023;0;https://www.revendadecalcados.com.br/produto-8374.html;https://www.revendadecalcados.com.br/fma600/a15cab16602adc955d893966270910b0.jpg,https://www.revendadecalcados.com.br/fma600/bfc6bbfacdcf571536a71cb98a9010aa.jpg,https://www.revendadecalcados.com.br/fma600/85df061a3a6afb067a62c38715f4a05e.jpg,https://www.revendadecalcados.com.br/fma600/2688f2736c79c489348ea40d02591677.jpg,https://www.revendadecalcados.com.br/fma600/0c5b36babddea9c3318a6c2c323dfbdf.jpg,https://www.revendadecalcados.com.br/fma600/596321d94aee7d23b2a82f00c6dbaf48.jpg,https://www.revendadecalcados.com.br/fma600/2841e671cd8c8c5549968754f4d34ca0.jpg,https://www.revendadecalcados.com.br/fma600/9f97374ec5b1555f33b22299f53ee48a.jpg,https://www.revendadecalcados.com.br/fma600/d73c9b4f1f472f98316e7a124cad586a.jpg,https://www.revendadecalcados.com.br/fma600/28123c7c85533a04e85fc86425afc88f.jpg,https://www.revendadecalcados.com.br/fma600/68bd72bd701be537c83fef8276427f7c.jpg,https://www.revendadecalcados.com.br/fma600/d5fc398cc1cfc308872feb9c25e32de0.jpg,https://www.revendadecalcados.com.br/fma600/f62436a986ea83ac3bc6a9a814067399.jpg;Preto;66082
65054G;Sapato Scarpin;Sapato Scarpin;34,2|35,1|36,8|37,3|38,4|39,4;94.90;104.39;0;Torricella;Material: Verniz Preto / Verniz Marrom<br />Palmilha: 8 mm de Espessura, Espuma em EVA, Revestida em Verniz Marrom e Taloneira Napa Bege<br />Enfeite: Pirâmide Dourado<br />Salto: 9 cm de Altura Revestido em Verniz Preto<br />Solado de TR coletado na cor Preto.;28 x 20 x 9.5;600;23/08/2022;0;https://www.revendadecalcados.com.br/produto-7802.html;https://www.revendadecalcados.com.br/fma600/e4d800ad7fd188831d67f6cf833da6af.jpg,https://www.revendadecalcados.com.br/fma600/98224e2c0ca39d1a173d4051f6d55140.jpg,https://www.revendadecalcados.com.br/fma600/97661360f1d3d9aaf35dde98177c0ead.jpg,https://www.revendadecalcados.com.br/fma600/f49681765ef77ff73aa5136b0fdce8f6.jpg,https://www.revendadecalcados.com.br/fma600/cfd3549a585a67fcd86088693ed3068e.jpg,https://www.revendadecalcados.com.br/fma600/569789ef592b0722dddb00b375c89f48.png,https://www.revendadecalcados.com.br/fma600/45307c02007c63d6146bc4af984ec8a0.png,https://www.revendadecalcados.com.br/fma600/771f39c3a71b019959a83df941006869.png;Preto;65054
65054F;Sapato Scarpin;Sapato Scarpin;34,4|35,5|36,8|37,4|38,2|39,3;94.90;104.39;0;Torricella;Material: Napa Rose / Napa Branco / Napa Cobre<br />Palmilha: 8 mm de Espessura, Espuma em EVA, Revestida em Napa Rose e Taloneira Napa Bege<br />Enfeite: Pirâmide Dourado<br />Salto: 9 cm de Altura Revestido em Napa Azul<br />Solado de TR coletado na cor Bege.;28 x 20 x 9.5;600;23/08/2022;0;https://www.revendadecalcados.com.br/produto-7800.html;https://www.revendadecalcados.com.br/fma600/b87d0b3c269e6bd6e055587a4dbdd137.jpg,https://www.revendadecalcados.com.br/fma600/e00bb64cc4a085ae77a59db3d0eba5c7.jpg,https://www.revendadecalcados.com.br/fma600/6e7d5823eab2ff15f5fb95f49fe36d19.jpg,https://www.revendadecalcados.com.br/fma600/04f73cea22c502f7a8e2cc103926e8c1.jpg,https://www.revendadecalcados.com.br/fma600/aeeb363d6cc941e9ecbd6001b70d488a.jpg,https://www.revendadecalcados.com.br/fma600/c323fd3ccbefd725eb81dbb6a216fb92.png,https://www.revendadecalcados.com.br/fma600/6beb54021c68d9ddcf26ca67137be6c7.png;Rose;65054
65054C;Sapato Scarpin;Sapato Scarpin;34,5|35,3|36,3|37,5|38,1|39,3;94.90;104.39;0;Torricella;Material: Verniz Off White<br />Palmilha: 8 mm de Espessura, Espuma em EVA, Revestida em Verniz Off White e Taloneira Napa Bege<br />Enfeite: Pirâmide Branco<br />Salto: 9 cm de Altura Revestido em Verniz Off White<br />Solado de TR coletado na cor Bege.;28 x 20 x 9.5;600;08/10/2021;0;https://www.revendadecalcados.com.br/produto-7201.html;https://www.revendadecalcados.com.br/fma600/e5fb5c07dbf9b67dec613662442a0094.jpg,https://www.revendadecalcados.com.br/fma600/7073c64cf43022870ba2fa85750170d0.jpg,https://www.revendadecalcados.com.br/fma600/9de32054c07282f4d343dc3598abe15d.jpg,https://www.revendadecalcados.com.br/fma600/ef6c24992926286482f55c2e3752840f.jpg,https://www.revendadecalcados.com.br/fma600/dccb2db310e3a3a2c6f738cfd9d1b628.jpg,https://www.revendadecalcados.com.br/fma600/867f481819dfe1ae2b1e2cf5eafe7c90.png,https://www.revendadecalcados.com.br/fma600/a2b87801af01a598fec7b4dc304544da.png,https://www.revendadecalcados.com.br/fma600/d9f6200371ff5a7a0451d22a196e820b.png;Off White;65054
776B;Sandália Ankle Boot Feminina;Sandálias;34,1|35,1|36,8|37,6|38,5|39,3;89.90;98.89;0;Torricella;Material: Napa Caramelo<br />Enfeite: Apliques de Bolinhas em ABS na cor Dourado e Fivela de Ajuste na Cor Dourado<br />Palmilha: 8 mm de Espessura, Espuma em EVA, Revestida em Napa Caramelo e Taloneira Napa Bege<br />Salto: Grosso com 7 cm de Altura Revestido em Napa Caramelo<br />Solado de PVC com antiderrapante na cor Bege.;28 x 20 x 9.5;600;26/08/2025;0;https://www.revendadecalcados.com.br/produto-8841.html;https://www.revendadecalcados.com.br/fma600/58bfdbf512f762264a1090090146de1f.jpg,https://www.revendadecalcados.com.br/fma600/330845e9a61d697fd5f267725f6eca60.jpg,https://www.revendadecalcados.com.br/fma600/b94fe0b9f940961f34d1059a3c77c907.jpg,https://www.revendadecalcados.com.br/fma600/14f94d0036d260ea70c5f192c7e7a9f2.jpg,https://www.revendadecalcados.com.br/fma600/7f09c3b7d36adc904cca20159a714a0a.jpg,https://www.revendadecalcados.com.br/fma600/231b0b6d0064088f315d72ebe7b3f760.jpg;Caramelo;776
65-15B;Bota Bico Fino Feminina;Botas;34,4|35,6|36,4|37,10|38,1|39,3;89.90;98.89;0;Torricella;Material: Napa Marrom Café / Napa Onça<br />Enfeites: Zíper na Cor Marrom Café e Tiras em Laço na cor Napa Marrom Café / Napa Onça<br />Palmilha: 8 mm de Espessura, Espuma em EVA, e Taloneira Napa Preto<br />Forro: Cacharrel, material espumado para maior conforto, na cor Marrom Café<br />Salto: 9 cm de Altura e Revestido em Napa na cor Marrom Café<br />Solado de TR na cor Preto.;29 x 22 x 10;700;02/05/2025;0;https://www.revendadecalcados.com.br/produto-8781.html;https://www.revendadecalcados.com.br/fma600/ebda9b12502bdde95940708ff4cda1f1.jpg,https://www.revendadecalcados.com.br/fma600/efc2279b7e13bb4885c94e7b67087e33.jpg,https://www.revendadecalcados.com.br/fma600/0b6d9a648eae1628d10b7113c30d2987.jpg,https://www.revendadecalcados.com.br/fma600/2759be55b270528da2d5f19b50514a7d.jpg,https://www.revendadecalcados.com.br/fma600/9f9b5d0c9569805a1c2c5725fe49f23b.jpg,https://www.revendadecalcados.com.br/fma600/8b1fef9caf78c18b9b0ed95cdb069095.jpg,https://www.revendadecalcados.com.br/fma600/4a59d57bac32a8d423e9a26d79bb8150.png,https://www.revendadecalcados.com.br/fma600/62c38a34ae04b3de2ce7c43e81419342.png;CafÃ©;65-15
65-14C;Bota Cano Curto;Botas;34,5|35,3|36,8|37,10|38,6|39,3;89.90;98.89;0;Torricella;Material: Napa Onça<br />Enfeites: Zíper na cor Marrom (lateral interna) e Cordão Lateral na cor Marrom e Bolinhas na cor Caramelo<br />Palmilha: 8 mm de Espessura, Espuma em EVA, e Taloneira Napa Preto<br />Forro: Cacharrel, material espumado para maior conforto na cor Marrom<br />Salto: 9 cm de Altura encapado em Napa Onça<br />Solado de PVC na cor Bege.;28.5 x 23.5 x 9.5;800;14/04/2025;0;https://www.revendadecalcados.com.br/produto-8773.html;https://www.revendadecalcados.com.br/fma600/2002c5b75dfe52fc56a7869122762217.jpg,https://www.revendadecalcados.com.br/fma600/0fca4c0dde877d711faa3b55b031acfc.jpg,https://www.revendadecalcados.com.br/fma600/837a6850613381766c7ad24e163eb0a9.jpg,https://www.revendadecalcados.com.br/fma600/027cc9897d17530bf5dd7eebe668a8b0.jpg,https://www.revendadecalcados.com.br/fma600/4f5dcf9a85d32e800a27f136ad8a88ac.jpg,https://www.revendadecalcados.com.br/fma600/ac69122c0a7f26fcf7c646db5f805778.jpg,https://www.revendadecalcados.com.br/fma600/7bba8d96bb1cf3f9b96aafd0ffe3a53b.jpg,https://www.revendadecalcados.com.br/fma600/907e26a43c2421e1188b6dc062cf51ef.png,https://www.revendadecalcados.com.br/fma600/d5cd62af080a756c2c5de7b1f57e0081.png;OnÃ§a;65-14
65-14B;Bota Cano Curto;Botas;34,1|35,4|36,6|37,5|38,4|39,1;89.90;98.89;0;Torricella;Material: Napa Caramelo<br />Enfeites: Zíper na cor Caramelo (lateral interna) e Cordão Lateral com Detalhes na Cor Caramelo<br />Palmilha: 8 mm de Espessura, Espuma em EVA, e Taloneira Napa Preto<br />Forro: Cacharrel, material espumado para maior conforto na cor Marrom<br />Salto: 9 cm de Altura encapado em Napa Caramelo<br />Solado de PVC na cor Bege.;28.5 x 23.5 x 9.5;800;14/04/2025;0;https://www.revendadecalcados.com.br/produto-8772.html;https://www.revendadecalcados.com.br/fma600/62b6f092966b03f1204238c79da606b1.jpg,https://www.revendadecalcados.com.br/fma600/25682afce40b0fecf4b7d486227b7c7a.jpg,https://www.revendadecalcados.com.br/fma600/668853c600f006eeb884d928addb8e58.jpg,https://www.revendadecalcados.com.br/fma600/09d81e985cca71e9c31b5bcdbd1c2cb1.jpg,https://www.revendadecalcados.com.br/fma600/778e1965bc18451dd93795efb6e7a28d.jpg,https://www.revendadecalcados.com.br/fma600/129b6146f79d6ea9a607b1c2281700e4.jpg,https://www.revendadecalcados.com.br/fma600/a58918d70d83dea48cb0b463e1cd2b34.jpg,https://www.revendadecalcados.com.br/fma600/436b2c49bd5a4509bf315f0f71e5b17f.png,https://www.revendadecalcados.com.br/fma600/2430299e20503278d57f520295cd26b9.png,https://www.revendadecalcados.com.br/fma600/50712b5410cbb09a620e6dd2c8bb30b3.jpg,https://www.revendadecalcados.com.br/fma600/833849e12a761a9e3125b8820f98e30b.jpg;Caramelo;65-14
65-16A;Bota Cano Curto;Botas;34,10|35,10|36,10|37,10|38,10|39,9;89.90;98.89;0;Torricella;Material: Napa Preto<br />Enfeites: Zíper na cor Preto (lateral interna) Fivela e Apliques na cor Dourado<br />Palmilha: 8 mm de Espessura, Espuma em EVA, e Taloneira Napa Preto<br />Forro: Cacharrel, material espumado para maior conforto na cor Preto<br />Salto: 9 cm de Altura encapado em Napa Preto<br />Solado de PVC na cor Preto.;28.5 x 23.5 x 9.5;800;16/04/2025;0;https://www.revendadecalcados.com.br/produto-8769.html;https://www.revendadecalcados.com.br/fma600/f19789c06574eb09702bf850a0a86d18.jpg,https://www.revendadecalcados.com.br/fma600/dcced73e33854311f0a75a5ca7121208.jpg,https://www.revendadecalcados.com.br/fma600/e5b9d3d9f3db963657e4dee8f23cfd2b.jpg,https://www.revendadecalcados.com.br/fma600/589b3abd8bccb9b9f79efd3f682f84e4.jpg,https://www.revendadecalcados.com.br/fma600/88273f3569b0fc3bb48c4fab2272638a.jpg,https://www.revendadecalcados.com.br/fma600/fd56d8464f84eed037c34bb43761d10a.jpg,https://www.revendadecalcados.com.br/fma600/95153989d99a61fe2796b67ff7585315.png,https://www.revendadecalcados.com.br/fma600/ea4d71441515533b8a1d195f0984fcd4.png,https://www.revendadecalcados.com.br/fma600/e20195f684f400c933fbbcf5a817cfd4.png,https://www.revendadecalcados.com.br/fma600/8683cf1ee9a066e50978882bb047f57e.png,https://www.revendadecalcados.com.br/fma600/274812c35aa07530e0ed21ed008acd6c.jpg,https://www.revendadecalcados.com.br/fma600/0e27f0641bfcf0a7c4a5e585890e206e.jpg,https://www.revendadecalcados.com.br/fma600/df0e9a5cf9393a3694bbc181b2e7b4c7.jpg,https://www.revendadecalcados.com.br/fma600/9048bc2b89c400f8871a09f5db640d0b.jpg,https://www.revendadecalcados.com.br/fma600/08e9001356d05f1ca9c0f1a1f90114df.jpg,https://www.revendadecalcados.com.br/fma600/45ccbfe236ff6e5d789012f702a57a32.jpg;Preto;65-16
65-04G;Bota Cano Curto;Botas;34,5|35,9|36,10|37,10|38,8|39,4;84.90;93.39;0;Torricella;Material: Napa Bordô<br />Enfeites: Zíper na cor Bordô (lateral interna)<br />Palmilha: 8 mm de Espessura, Espuma em EVA, e Taloneira Napa Preto<br />Forro: Cacharrel, material espumado para maior conforto na cor Preto<br />Salto: 9 cm de Altura encapado em Napa Bordô<br />Solado de PVC na cor Preto.;28 x 20 x 9.5;600;27/04/2026;0;https://www.revendadecalcados.com.br/produto-8913.html;https://www.revendadecalcados.com.br/fma600/26214b44eb012ab429db67935f10a8b9.jpg,https://www.revendadecalcados.com.br/fma600/51aaa8611e726bd69a368adb31c284e9.jpg,https://www.revendadecalcados.com.br/fma600/ed5b1217a4a224202f94a24ebff39b4c.jpg,https://www.revendadecalcados.com.br/fma600/5301388bb70752d45a2b78a371edc4b8.jpg,https://www.revendadecalcados.com.br/fma600/3c892a28afddc58dbb79d0ca91761e2a.jpg,https://www.revendadecalcados.com.br/fma600/e1404eb0f4cdb719344f626e8572bd99.jpg,https://www.revendadecalcados.com.br/fma600/08a2cb1ae06d51785832fcee11eac047.jpg,https://www.revendadecalcados.com.br/fma600/3b8806f15e1b16be6e4610563fcb681c.jpg,https://www.revendadecalcados.com.br/fma600/5c838431533827fc5b5111564874cd45.jpg,https://www.revendadecalcados.com.br/fma600/286817382122f6d6281f247f527f5c20.jpg,https://www.revendadecalcados.com.br/fma600/59d4a3246b98cbdb63462929ce552cad.jpg,https://www.revendadecalcados.com.br/fma600/07748f9d3fb1ab8f4806fddff64442f9.jpg,https://www.revendadecalcados.com.br/fma600/77f8922c25a1d63ffeebf4751fb8e0e5.jpg,https://www.revendadecalcados.com.br/fma600/b084ecfa016994aded94ab5b818e1538.jpg;Vermelho;65-04
65-17B;Bota Cano Curto;Botas;34,10|35,10|36,10|37,10|38,10|39,8;84.90;93.39;0;Torricella;Material: Verniz Preto<br />Enfeites: Zíper na cor Preto (lateral interna)<br />Palmilha: 8 mm de Espessura, Espuma em EVA, e Taloneira Napa Preto<br />Forro: Cacharrel, material espumado para maior conforto na cor Preto<br />Salto: 9 cm de Altura pintado na cor Preto<br />Solado de PVC na cor Preto.;28.5 x 23.5 x 9.5;800;23/07/2025;0;https://www.revendadecalcados.com.br/produto-8810.html;https://www.revendadecalcados.com.br/fma600/6f18f3cfa6c959f34d86ed29938bc9a8.jpg,https://www.revendadecalcados.com.br/fma600/a5d98916dc45aed8d081217741ffa6cc.jpg,https://www.revendadecalcados.com.br/fma600/a0dba06ebeb658b5f8f8ff9d20c88db1.jpg,https://www.revendadecalcados.com.br/fma600/3d26c5ca578af5bdfe1f4efb957c318b.jpg,https://www.revendadecalcados.com.br/fma600/975ee8e3fcab66853b2a557400af1dcb.jpg,https://www.revendadecalcados.com.br/fma600/70e6b19333215eddcc0aba012c56667c.jpg,https://www.revendadecalcados.com.br/fma600/fa3c49de440637d5da3c8943b7ffaf2e.jpg,https://www.revendadecalcados.com.br/fma600/95d638d555279efe7f979e0695f2e28e.png,https://www.revendadecalcados.com.br/fma600/abd6e5c4a88d5f111eba1c392a37f92b.png,https://www.revendadecalcados.com.br/fma600/e2788728cc0aa92f3731f6a42d2beb41.png,https://www.revendadecalcados.com.br/fma600/91825ece5d0cbb182d4591c3e59f4061.png,https://www.revendadecalcados.com.br/fma600/ae929b5b09acfd25430a0ed5abe1fdba.jpg,https://www.revendadecalcados.com.br/fma600/6dd7879fa0d7021e77bb1d246eba0d04.jpg,https://www.revendadecalcados.com.br/fma600/b5d5751fe1b51ea055e9c9ddd5bade64.jpg,https://www.revendadecalcados.com.br/fma600/52d1a6342c560826c0cfda819b42fd7e.jpg,https://www.revendadecalcados.com.br/fma600/fa6d2fe9dbe0f352490071f810460615.jpg,https://www.revendadecalcados.com.br/fma600/6abdc5cd4227d0a5e2463021c02276ff.jpg;Preto;65-17
65-17A;Bota Cano Curto;Botas;34,8|35,10|36,10|37,10|38,10|39,8;84.90;93.39;0;Torricella;Material: Napa Preto<br />Enfeites: Zíper na cor Preto (lateral interna)<br />Palmilha: 8 mm de Espessura, Espuma em EVA, e Taloneira Napa Preto<br />Forro: Cacharrel, material espumado para maior conforto na cor Preto<br />Salto: 9 cm de Altura pintado na cor Preto<br />Solado de PVC na cor Preto.;28.5 x 23.5 x 9.5;800;23/07/2025;0;https://www.revendadecalcados.com.br/produto-8809.html;https://www.revendadecalcados.com.br/fma600/7ed75f12e84e3a8b661153b98bdba09d.jpg,https://www.revendadecalcados.com.br/fma600/849bce9eeff4c824b99988a876c1d69a.jpg,https://www.revendadecalcados.com.br/fma600/1a9dcf795e3e488b85ae9de29dde55d2.jpg,https://www.revendadecalcados.com.br/fma600/7295b6e239474486cee8386fbeab41d5.jpg,https://www.revendadecalcados.com.br/fma600/77007a91379cf228baf2871c2b3e94ff.jpg,https://www.revendadecalcados.com.br/fma600/94f9bdc15e6bdcf62b7079bdabbbefaf.jpg,https://www.revendadecalcados.com.br/fma600/1529a7e12a605ffe9afff605a43b9761.jpg,https://www.revendadecalcados.com.br/fma600/af6efbd56283124af3080bc3098e0f51.png,https://www.revendadecalcados.com.br/fma600/2c1c503ee592dd89692170ac90f6d7a1.jpg,https://www.revendadecalcados.com.br/fma600/f258464b4ca6eb47238687a64c3d15a8.jpg,https://www.revendadecalcados.com.br/fma600/20cfc0901fb441e34b1b52b4ad1c86f0.jpg,https://www.revendadecalcados.com.br/fma600/7fa8340059ab7e1c07862e5b941a6cb2.jpg;Preto;65-17
65-04E;Bota Cano Curto;Botas;34,8|35,10|36,10|37,10|38,10|39,6;84.90;93.39;0;Torricella;Material: Verniz Branco<br />Enfeites: Zíper na cor Branco (lateral interna)<br />Palmilha: 8 mm de Espessura, Espuma em EVA, e Taloneira Napa Preto<br />Forro: Cacharrel, material espumado para maior conforto na cor Bege<br />Salto: 9 cm de Altura encapado em Verniz Branco<br />Solado de PVC na cor Bege.;28 x 20 x 9.5;600;19/03/2024;0;https://www.revendadecalcados.com.br/produto-8498.html;https://www.revendadecalcados.com.br/fma600/6db7156986c717227f384491488fe52a.jpg,https://www.revendadecalcados.com.br/fma600/eecba5de713bb76e7ff827a7643c8cdd.jpg,https://www.revendadecalcados.com.br/fma600/080ba3955026c754079090b91a9564a8.jpg,https://www.revendadecalcados.com.br/fma600/58448397b89d203c34bf80a062cd9543.jpg,https://www.revendadecalcados.com.br/fma600/d145b543613626ef3789b377ec56ca83.jpg,https://www.revendadecalcados.com.br/fma600/5278ae761ba6fdbdecc696fe861ff70a.jpg,https://www.revendadecalcados.com.br/fma600/ae960fd1df205b78d81fbda5f87b2868.jpg,https://www.revendadecalcados.com.br/fma600/8f0c8e21e216ad63f3d2948cad841a2a.jpg,https://www.revendadecalcados.com.br/fma600/dbed86c4a3a811a16724104a3437a157.jpg,https://www.revendadecalcados.com.br/fma600/50bc99d1d7a140fd3e28435f1c81c378.jpg,https://www.revendadecalcados.com.br/fma600/902b4678cbafbc7bb08c5d975b13e421.jpg,https://www.revendadecalcados.com.br/fma600/407501a85e64970d5093c0540183696e.jpg,https://www.revendadecalcados.com.br/fma600/295421163eb3fa04005efa03dbd33aa2.jpg,https://www.revendadecalcados.com.br/fma600/7f5047484f7d308f2a708f5159bf6c37.jpg,https://www.revendadecalcados.com.br/fma600/809f7a912578a76d2abfadb234f28227.png,https://www.revendadecalcados.com.br/fma600/b53e58f880c13d4532f879f0bbd0a976.png,https://www.revendadecalcados.com.br/fma600/04e0ae670098c7423379e24a7d882123.png,https://www.revendadecalcados.com.br/fma600/1fdd1d81a8efdda8b01d0e47a1acea0e.png,https://www.revendadecalcados.com.br/fma600/615a29525d4538840b01c91a7e6b4e2a.png;Branco;65-04
4066B;Sandália Plataforma de Cunha Anabela;Anabela;34,3|35,5|36,8|37,6|38,4|39,3;79.90;87.89;0;Torricella;Material: Napa Caramelo<br />Enfeite: Fivela de Ajuste na cor Dourado<br />Palmilha: 4 mm de Espessura, Espuma em EVA, Revestida em Napa Caramelo e Taloneira Napa Bege<br />Plataforma: Traseiro/Salto com 7 cm de Altura, Revestido em Cortiça<br />Solado de PVC na cor Bege.;28 x 20 x 9.5;600;03/09/2025;0;https://www.revendadecalcados.com.br/produto-8857.html;https://www.revendadecalcados.com.br/fma600/6e56a6a8c2793a88390045b793d379dd.jpg,https://www.revendadecalcados.com.br/fma600/778512750360d16ea719d837f0b2fa82.jpg,https://www.revendadecalcados.com.br/fma600/d88c9e56c02722613a3dce1291dac010.jpg,https://www.revendadecalcados.com.br/fma600/5f50a40e2f01dfcd8cda20cdd159b0a3.jpg,https://www.revendadecalcados.com.br/fma600/02d24a72cbc25f8ea37311d109a28c2d.jpg,https://www.revendadecalcados.com.br/fma600/1a62f099afaf01eb25c568eb44a69156.jpg;Caramelo;4066
4066A;Sandália Plataforma de Cunha Anabela;Anabela;34,2|35,2|36,4|37,7|38,6|39,2;79.90;87.89;0;Torricella;Material: Napa Preto<br />Enfeite: Fivela de Ajuste na cor Dourado<br />Palmilha: 4 mm de Espessura, Espuma em EVA, Revestida em Napa Preto e Taloneira Napa Preto<br />Plataforma: Traseiro/Salto com 7 cm de Altura, Revestido em Cortiça<br />Solado de PVC na cor Preto.;28 x 20 x 9.5;600;03/09/2025;0;https://www.revendadecalcados.com.br/produto-8856.html;https://www.revendadecalcados.com.br/fma600/e8e07f33ca54aef384d7025aee64a37a.jpg,https://www.revendadecalcados.com.br/fma600/9bbe7d7f0e6d55fc0e4894c109f28768.jpg,https://www.revendadecalcados.com.br/fma600/86029d28df2bd80f63404409dafa9bd4.jpg,https://www.revendadecalcados.com.br/fma600/f50eff71bcebe3e062d997bbe7aa2cec.jpg,https://www.revendadecalcados.com.br/fma600/7d0118844d607b7c24328a15b352043a.jpg,https://www.revendadecalcados.com.br/fma600/3fc77399e3d0b9bf13832fd66c2577bf.jpg;Preto;4066
4074B;Sandália Plataforma de Cunha Anabela;Anabela;34,3|35,7|36,2|37,5|38,4|39,2;79.90;87.89;0;Torricella;Material: Camurção Caramelo<br />Enfeite: Fivela de Ajuste na cor Dourado<br />Palmilha: 4 mm de Espessura, Espuma em EVA, Revestida em Camurção Caramelo e Taloneira Napa Bege<br />Plataforma: Traseiro/Salto com 7 cm de Altura, Revestido em Cortiça<br />Solado de PVC na cor Bege.;28 x 20 x 9.5;600;20/08/2025;0;https://www.revendadecalcados.com.br/produto-8824.html;https://www.revendadecalcados.com.br/fma600/21638d5a9aabcf393cb361efee9310ba.jpg,https://www.revendadecalcados.com.br/fma600/86a50cb772eb16e5f0066a17c5004226.jpg,https://www.revendadecalcados.com.br/fma600/03d951e32ad507763fdfb16542fffb5a.jpg,https://www.revendadecalcados.com.br/fma600/5e6ee954a1ca766a56ad43153e16f79e.jpg,https://www.revendadecalcados.com.br/fma600/33117da3726581aa58736c4a1bc52f71.jpg,https://www.revendadecalcados.com.br/fma600/e37a6f9d157c4eab2f429ac697766499.jpg;Caramelo;4074
104G;Sandália Feminina;Sandálias;34,3|35,4|36,7|37,7|38,9|39,7;79.90;87.89;0;Torricella;Material: Napa Azul<br />Enfeite: Fivela de Ajuste na cor Dourado<br />Palmilha: 8 mm de Espessura, Espuma em EVA, Revestida em Napa Azul e Taloneira Napa Bege<br />Salto: Grosso com 9 cm de Altura Revestido em Napa Azul<br />Solado de TR com antiderrapante na cor Bege.;28 x 20 x 9.5;600;10/10/2024;0;https://www.revendadecalcados.com.br/produto-8620.html;https://www.revendadecalcados.com.br/fma600/15f57232137215b537b452628237f365.jpg,https://www.revendadecalcados.com.br/fma600/7b8b8cb0631eff61ce1448a81019c32c.jpg,https://www.revendadecalcados.com.br/fma600/7e54e4f8626e0db58c437f092c075d72.jpg,https://www.revendadecalcados.com.br/fma600/25e8d1125efb8e468ae90e61dd3702aa.jpg,https://www.revendadecalcados.com.br/fma600/8e29be0a94be267e0c6f359fc1c495bc.jpg,https://www.revendadecalcados.com.br/fma600/833e401db71ef2af0a239e2d016a4c53.jpg;Azul;104
260C;Sandália Feminina;Sandálias;34,2|35,5|36,3|37,4|38,4|39,2;79.90;87.89;0;Torricella;Material: Napa Metalizado Prata<br />Enfeite: Fivela de Ajuste na cor Prata<br />Palmilha: 8 mm de Espessura, Espuma em EVA, Revestida em Napa Metalizado Prata e Taloneira Napa Bege<br />Salto: Grosso com 9 cm de Altura Revestido em Napa Metalizado Prata<br />Solado de TR com antiderrapante na cor Bege.;28 x 20 x 9.5;600;11/08/2023;0;https://www.revendadecalcados.com.br/produto-8154.html;https://www.revendadecalcados.com.br/fma600/3ca85ec449bf02254934798c955740b6.jpg,https://www.revendadecalcados.com.br/fma600/7f435ce9a96d74bf568c367f38e0286f.jpg,https://www.revendadecalcados.com.br/fma600/1290fefc3e49deb4d670934b48cd0ef5.jpg,https://www.revendadecalcados.com.br/fma600/f469dc6244bad2ac3358dfafc2fcf91d.jpg,https://www.revendadecalcados.com.br/fma600/8344b34c45b6ec2f68083fb3e4ebef9c.jpg,https://www.revendadecalcados.com.br/fma600/49cb11393152d9c42970a71303ea6c37.jpg,https://www.revendadecalcados.com.br/fma600/93ad37a28730b3fbd5c95f8061ca2461.jpg,https://www.revendadecalcados.com.br/fma600/d82fa5a33f65481b0c5b4d312c4460bd.jpg;Prata;260
260B;Sandália Feminina;Sandálias;34,2|35,6|36,6|37,6|38,4|39,5;79.90;87.89;0;Torricella;Material: Napa Metalizado Ouro Light<br />Enfeite: Fivela de Ajuste na cor Dourado<br />Palmilha: 8 mm de Espessura, Espuma em EVA, Revestida em Napa Metalizado Ouro Light e Taloneira Napa Bege<br />Salto: Grosso com 9 cm de Altura Revestido em Napa Metalizado Ouro Light<br />Solado de TR com antiderrapante na cor Bege.;28 x 20 x 9.5;600;11/08/2023;0;https://www.revendadecalcados.com.br/produto-8153.html;https://www.revendadecalcados.com.br/fma600/8b8f42db48ad9a2d0a113c26437f9495.jpg,https://www.revendadecalcados.com.br/fma600/4a4f535b6b9a8a2f2d5f76ec5209442d.jpg,https://www.revendadecalcados.com.br/fma600/5ded34f39132a754c3e96581a2a2ba6f.jpg,https://www.revendadecalcados.com.br/fma600/1fd8cc8e1e2ad094d4de0fa09f6196cc.jpg,https://www.revendadecalcados.com.br/fma600/4484133cb1b18ff146767d6a0e6912d5.jpg,https://www.revendadecalcados.com.br/fma600/2187e204e887802d3d5ec85d1c85abf4.jpg,https://www.revendadecalcados.com.br/fma600/5a1f25f121484440f1ca298969ed1154.jpg,https://www.revendadecalcados.com.br/fma600/e55704ea5b92f76087ce2613261c6135.jpg;Dourado;260
65-18B;Sapato Scarpin;Sapato Scarpin;34,1|35,5|36,5|37,6|38,6|39,3;74.90;82.39;0;Torricella;Material: Croco Verde Pistache Claro / Napa Verde Pistache Claro<br />Forro: Cacharrel, material espumado para maior conforto, na cor Bege<br />Palmilha: 8 mm de Espessura, Espuma em EVA e Taloneira Napa Bege<br />Salto: Grosso com 9 cm de Altura Revestido em Croco Verde Pistache Claro<br />Solado de PVC com antiderrapante na cor Bege.;28 x 20 x 9.5;600;04/02/2026;0;https://www.revendadecalcados.com.br/produto-8902.html;https://www.revendadecalcados.com.br/fma600/92c18d4ffdbf70d20f9be614eec13d67.jpg,https://www.revendadecalcados.com.br/fma600/69b428c32e8d11bbd56222c7d70a300e.jpg,https://www.revendadecalcados.com.br/fma600/915f112e7e500ed2f465270036099f66.jpg,https://www.revendadecalcados.com.br/fma600/19b1f9aed84ab7a95e1645ec8b3b170b.jpg,https://www.revendadecalcados.com.br/fma600/b496c96bbb65e31c35037028ea07a658.jpg,https://www.revendadecalcados.com.br/fma600/962e5489e181080ade3112c7bde34063.jpg,https://www.revendadecalcados.com.br/fma600/52b3445f93ef5308e371112a5590832d.jpg,https://www.revendadecalcados.com.br/fma600/bc69e05b05535c00afc0045653a7e777.jpg,https://www.revendadecalcados.com.br/fma600/b3f8bd5be298bf70a95626bac72d6fe3.jpeg,https://www.revendadecalcados.com.br/fma600/e67b637e2ab937845a7236b40b2cd289.jpg,https://www.revendadecalcados.com.br/fma600/2488cd4dc1594a4e3b3e26eb847e8cc8.jpg,https://www.revendadecalcados.com.br/fma600/e47fae5fad9a0911922f9eadfca2eac9.jpeg;Bege;65-18
9200-113E;Sapato Scarpin Bico Fino;Sapato Scarpin;34,2|35,6|36,7|37,10|38,10|39,4;69.90;76.89;0;Torricella;Material: Napa Dourado<br />Palmilha: Confort com 8 mm de Espessura, Espuma em EVA, Revestida com Napa Dourado e Taloneira Napa Dourado<br />Enfeite: Tiras em Nó na cor Napa Dourado<br />Forro: Cacharrel, material espumado para maior conforto, na cor Bege<br />Salto: 10 cm de Altura Pintado na cor Dourado<br />Solado de PVC antiderrapante na cor Bege.;28 x 20 x 9.5;600;22/12/2025;0;https://www.revendadecalcados.com.br/produto-8898.html;https://www.revendadecalcados.com.br/fma600/020011a77ebb0fe06490bbff15126128.jpg,https://www.revendadecalcados.com.br/fma600/66d3dc6ea25ff3c1eb3ed4534d2f76e2.jpg,https://www.revendadecalcados.com.br/fma600/0b9b3529c4038cfa055ecefe651032b2.jpg,https://www.revendadecalcados.com.br/fma600/814b3ad90a3e27463598bfb420b20898.jpg,https://www.revendadecalcados.com.br/fma600/d23bb36f0ff78bc4f62efdbad5ab1251.jpg,https://www.revendadecalcados.com.br/fma600/15b40004c72bea72de9c7c8646c3d9a9.jpg;Dourado;9200-113
606F;Sapato Scarpin;Sapato Scarpin;34,3|35,10|36,6|37,10|38,10|39,3;69.90;76.89;0;Torricella;Material: Verniz Vermelho<br />Enfeite: Fivela de Ajuste na Cor Dourado<br />Palmilha: com 8 mm de Espessura, Espuma em EVA, Revestida com Verniz Vermelho e Taloneira Napa Bege<br />Forro: Napa na cor Bege<br />Salto: 6,5 cm de Altura encapado em Verniz Vermelho<br />Solado de PVC antiderrapante na cor Bege.;28 x 20 x 9.5;600;23/12/2025;0;https://www.revendadecalcados.com.br/produto-8896.html;https://www.revendadecalcados.com.br/fma600/8ad96d561325f73efb0927da0efe3b0a.jpg,https://www.revendadecalcados.com.br/fma600/304e0da7bb7f8cfec6a6bee6064f5f70.jpg,https://www.revendadecalcados.com.br/fma600/f5aa324fd1bfa6052314e0940bb1520d.jpg,https://www.revendadecalcados.com.br/fma600/195841a6bcbdf103dd7fc29fc6bd1855.jpg,https://www.revendadecalcados.com.br/fma600/bf3b6e1478c4525e45feee0fc51682d1.jpg,https://www.revendadecalcados.com.br/fma600/981fafbb841b6a275cf308b6d7152451.jpg;Vermelho;606
606H;Sapato Scarpin;Sapato Scarpin;34,3|35,6|36,8|37,9|38,6|39,1;69.90;76.89;0;Torricella;Material: Verniz Caramelo<br />Enfeite: Fivela de Ajuste na Cor Dourado<br />Palmilha: com 8 mm de Espessura, Espuma em EVA, Revestida com Verniz Caramelo e Taloneira Napa Bege<br />Forro: Napa na cor Bege<br />Salto: 6,5 cm de Altura encapado em Verniz Caramelo<br />Solado de PVC antiderrapante na cor Bege.;28 x 20 x 9.5;600;23/12/2025;0;https://www.revendadecalcados.com.br/produto-8895.html;https://www.revendadecalcados.com.br/fma600/4c0958ecf0468639cd208f525283150c.jpg,https://www.revendadecalcados.com.br/fma600/fca78287c7d9ac09d05b11bfb27b880b.jpg,https://www.revendadecalcados.com.br/fma600/f83025ba3fe007154301aef2a605db7f.jpg,https://www.revendadecalcados.com.br/fma600/36c3073ab6324db8cf072f13545773ad.jpg,https://www.revendadecalcados.com.br/fma600/1b67f68f7c1820ba2f6c9efca0533271.jpg,https://www.revendadecalcados.com.br/fma600/24504f610372ffb3a38daa1f49d1f2af.jpg;Caramelo;606
606G;Sapato Scarpin;Sapato Scarpin;34,3|35,7|36,4|37,10|38,9|39,3;69.90;76.89;0;Torricella;Material: Verniz Verde<br />Enfeite: Fivela de Ajuste na Cor Dourado<br />Palmilha: com 8 mm de Espessura, Espuma em EVA, Revestida com Verniz Verde e Taloneira Napa Bege<br />Forro: Napa na cor Bege<br />Salto: 6,5 cm de Altura encapado em Verniz Verde<br />Solado de PVC antiderrapante na cor Bege.;28 x 20 x 9.5;600;23/12/2025;0;https://www.revendadecalcados.com.br/produto-8894.html;https://www.revendadecalcados.com.br/fma600/9a95f4a64e92fa4386de0a5cd51b6349.jpg,https://www.revendadecalcados.com.br/fma600/b2e2f97ab8dbd857a53e29398aecf511.jpg,https://www.revendadecalcados.com.br/fma600/85569428c7e46725bab9912ea223d828.jpg,https://www.revendadecalcados.com.br/fma600/c566a1b0c9363d0d001ae1327e0b1c1f.jpg,https://www.revendadecalcados.com.br/fma600/e1eef09f893e6f74548f7bae82b3981d.jpg,https://www.revendadecalcados.com.br/fma600/f11d862083c50f6e0fbca44cea5972f3.jpg;Verde;606
46001D;Sandália Feminina;Sandálias;34,3|35,7|36,5|37,8|38,1|39,4;69.90;76.89;0;Torricella;Material: Napa Azul<br />Enfeite: Fivela de Ajuste na cor Dourado<br />Palmilha: 8 mm de Espessura, Espuma em EVA, Revestida em Napa Azul e Taloneira Napa Bege<br />Salto: Grosso com 7 cm de Altura Revestido em Napa Azul<br />Solado de PVC com antiderrapante na cor Bege.;28 x 20 x 9.5;600;12/09/2025;0;https://www.revendadecalcados.com.br/produto-8874.html;https://www.revendadecalcados.com.br/fma600/2c3cfcb5682c28b2d3b11742bbe72cb0.jpg,https://www.revendadecalcados.com.br/fma600/0332ede90dcf9f2dd3658315de87da38.jpg,https://www.revendadecalcados.com.br/fma600/981c391816e0f05123221e5895618ecf.jpg,https://www.revendadecalcados.com.br/fma600/2bfb23fd2aa7c7311a6694c5ebb779c0.jpg,https://www.revendadecalcados.com.br/fma600/b6564cfa7dcacc5fd5a5b167093b83f3.jpg,https://www.revendadecalcados.com.br/fma600/9c64ec1f00f4e7c5f064d12009db1ce2.jpg;Azul;46001
46001C;Sandália Feminina;Sandálias;34,4|35,1|36,3|37,10|38,7|39,2;69.90;76.89;0;Torricella;Material: Napa Verde<br />Enfeite: Fivela de Ajuste na cor Dourado<br />Palmilha: 8 mm de Espessura, Espuma em EVA, Revestida em Napa Verde e Taloneira Napa Bege<br />Salto: Grosso com 7 cm de Altura Revestido em Napa Verde<br />Solado de PVC com antiderrapante na cor Bege.;28 x 20 x 9.5;600;12/09/2025;0;https://www.revendadecalcados.com.br/produto-8873.html;https://www.revendadecalcados.com.br/fma600/676ad625d487b75e2d77819ce075cadd.jpg,https://www.revendadecalcados.com.br/fma600/1a0ed5d3df0b42c01ebc3297dc865558.jpg,https://www.revendadecalcados.com.br/fma600/aa21cd4ad4b1dad40804d0a018f8be04.jpg,https://www.revendadecalcados.com.br/fma600/56818655dba804353485438f02de3874.jpg,https://www.revendadecalcados.com.br/fma600/13c611bf4aa3596f4d6b15d05213f869.jpg,https://www.revendadecalcados.com.br/fma600/01d47b7d4691c6a3e03ecd1314f72b88.jpg;Verde;46001
45098C;Sandália Feminina;Sandálias;34,3|35,7|36,1|37,10|38,7|39,4;69.90;76.89;0;Torricella;Material: Napa Off White<br />Enfeite: Apliques em ABS na cor Dourado e Fivela de Ajuste na Cor Dourado<br />Palmilha: 8 mm de Espessura, Espuma em EVA, Revestida em Napa Off White e Taloneira Napa Bege<br />Salto: Grosso com 9 cm de Altura Revestido em Napa Off White<br />Solado de TR com antiderrapante na cor Bege.;28 x 20 x 9.5;600;08/09/2025;0;https://www.revendadecalcados.com.br/produto-8870.html;https://www.revendadecalcados.com.br/fma600/7d6c0a8f18d8e95a7bae407582df571f.jpg,https://www.revendadecalcados.com.br/fma600/29db5f84b3e73bf5b6916fbad362af59.jpg,https://www.revendadecalcados.com.br/fma600/8f785d95b9fe32426db0902f0ac49db2.jpg,https://www.revendadecalcados.com.br/fma600/9a5054e9080a14f20f93e0f8d21b0464.jpg,https://www.revendadecalcados.com.br/fma600/e1d5afa5354c640ec19e4bd893ece973.jpg,https://www.revendadecalcados.com.br/fma600/c55e690a281cfd68670d311583198554.jpg;Off White;45098
45098B;Sandália Feminina;Sandálias;34,5|35,7|36,9|37,10|38,10|39,4;69.90;76.89;0;Torricella;Material: Napa Caramelo<br />Enfeite: Apliques em ABS na cor Dourado e Fivela de Ajuste na Cor Dourado<br />Palmilha: 8 mm de Espessura, Espuma em EVA, Revestida em Napa Caramelo e Taloneira Napa Bege<br />Salto: Grosso com 9 cm de Altura Revestido em Napa Caramelo<br />Solado de TR com antiderrapante na cor Bege.;28 x 20 x 9.5;600;08/09/2025;0;https://www.revendadecalcados.com.br/produto-8869.html;https://www.revendadecalcados.com.br/fma600/8c1e0bb1a6729a23e734e12d5f2c2f82.jpg,https://www.revendadecalcados.com.br/fma600/2b92ddd512716e33a7bdc7c9d70ad488.jpg,https://www.revendadecalcados.com.br/fma600/64e371ee06845ca36b62e3ea8c43b9da.jpg,https://www.revendadecalcados.com.br/fma600/9706403d4c605722a0ddf10ed9e481d6.jpg,https://www.revendadecalcados.com.br/fma600/ee35a107ae4e97f4af52f6d452b87d6b.jpg,https://www.revendadecalcados.com.br/fma600/9d4acf1512c9ac395882b6174141a08c.jpg;Caramelo;45098
45098A;Sandália Feminina;Sandálias;34,3|35,10|36,7|37,10|38,9|39,3;69.90;76.89;0;Torricella;Material: Napa Preto<br />Enfeite: Apliques em ABS na cor Dourado e Fivela de Ajuste na Cor Dourado<br />Palmilha: 8 mm de Espessura, Espuma em EVA, Revestida em Napa Preto e Taloneira Napa Preto<br />Salto: Grosso com 9 cm de Altura Revestido em Napa Preto<br />Solado de TR com antiderrapante na cor Preto.;28 x 20 x 9.5;600;08/09/2025;0;https://www.revendadecalcados.com.br/produto-8868.html;https://www.revendadecalcados.com.br/fma600/44047714186b11393c5c44c9a612e0c9.jpg,https://www.revendadecalcados.com.br/fma600/10e7ba03871fbf706c4bbaf06f99bec7.jpg,https://www.revendadecalcados.com.br/fma600/9929275cf818a8a6e63f93cded252d84.jpg,https://www.revendadecalcados.com.br/fma600/395c7e494bff1836b73682be7366e463.jpg,https://www.revendadecalcados.com.br/fma600/e75ad7e564d1e93ef2c5584dce68ddc3.jpg,https://www.revendadecalcados.com.br/fma600/15804e2cf2b127ec9efdf80a6fdf77e9.jpg;Preto;45098
600.16B;Sapato Scarpin;Sapato Scarpin;34,5|35,10|36,3|37,5|38,2|39,1;69.90;76.89;0;Torricella;Material: Verniz Bege<br />Enfeite: Fivela de ajuste e Aplique na cor Dourado<br />Forro: Napa na cor Bege<br />Palmilha: 8 mm de Espessura, Espuma em EVA, Revestida em Verniz Bege e Taloneira Napa Bege<br />Salto: Fino com 6 cm de Altura Pintado na Cor Bege<br />Solado de PVC com antiderrapante na cor Bege.;28 x 20 x 9.5;600;04/09/2025;0;https://www.revendadecalcados.com.br/produto-8864.html;https://www.revendadecalcados.com.br/fma600/94439dda514d20924cfd88f11480461b.jpg,https://www.revendadecalcados.com.br/fma600/62c38748a91025e1a2069d717c94b238.jpg,https://www.revendadecalcados.com.br/fma600/fbb8c8cf9183fb5b7e0caaff0e1e4c6a.jpg,https://www.revendadecalcados.com.br/fma600/057720d47e1d8c5ff70df5afa45fab52.jpg,https://www.revendadecalcados.com.br/fma600/ccd3166633c7eb7c1caf2c083c8d65cb.jpg,https://www.revendadecalcados.com.br/fma600/6f668097066b772c87a3dc8a64f1fcc6.jpg,https://www.revendadecalcados.com.br/fma600/a40f6bfec4ad00dce0064bf2b5ed9011.jpg,https://www.revendadecalcados.com.br/fma600/496d2d487fc963e28a92c8327b3ea5fc.jpg,https://www.revendadecalcados.com.br/fma600/c93a199b24b3728ec647c14463669cb0.jpg,https://www.revendadecalcados.com.br/fma600/e21443cdadd80151869e800279552dca.png,https://www.revendadecalcados.com.br/fma600/5f5932e03cfb6b3bb2ee111aea60a099.png,https://www.revendadecalcados.com.br/fma600/d70c1c931e4cde54d6fb285392a10d6a.png;Bege;600.16
45097C;Sandália Feminina;Sandálias;34,4|35,7|36,6|37,1|38,8|39,4;69.90;76.89;0;Torricella;Material: Napa Caramelo e Trança Napa Dourado<br />Enfeite: Fivela de Ajuste na cor Dourado<br />Palmilha: 8 mm de Espessura, Espuma em EVA, Revestida em Napa Caramelo e Taloneira Napa Bege<br />Salto: Grosso com 7 cm de Altura Revestido em Cortiça<br />Solado de PVC com antiderrapante na cor Bege.;28 x 20 x 9.5;600;04/09/2025;0;https://www.revendadecalcados.com.br/produto-8851.html;https://www.revendadecalcados.com.br/fma600/d17965b5888e7c5b7241315fdb8328cd.jpg,https://www.revendadecalcados.com.br/fma600/e6578b90f87fe585a33fe502a766f131.jpg,https://www.revendadecalcados.com.br/fma600/0be685e62d7d5cc6ccbfbb37b852b376.jpg,https://www.revendadecalcados.com.br/fma600/35dcf3b329859a1310d0c1bbd8c4ee68.jpg,https://www.revendadecalcados.com.br/fma600/7224faa70413768194016a5247ae6272.jpg,https://www.revendadecalcados.com.br/fma600/776515b79f1754ea9604f6cdb2b441a1.jpg;Caramelo;45097
45097A;Sandália Feminina;Sandálias;34,6|35,8|36,6|37,5|38,5|39,3;69.90;76.89;0;Torricella;Material: Napa Preto e Trança Multicolorida<br />Enfeite: Fivela de Ajuste na cor Dourado<br />Palmilha: 8 mm de Espessura, Espuma em EVA, Revestida em Napa Preto e Taloneira Napa Preto<br />Salto: Grosso com 7 cm de Altura Revestido em Napa Preto<br />Solado de PVC com antiderrapante na cor Preto.;28 x 20 x 9.5;600;04/09/2025;0;https://www.revendadecalcados.com.br/produto-8849.html;https://www.revendadecalcados.com.br/fma600/dd1952bba9baf9d5dfce1fee244dbbd0.jpg,https://www.revendadecalcados.com.br/fma600/e02cc8a953209d03fd93e61dfac29392.jpg,https://www.revendadecalcados.com.br/fma600/ec9ed508bbc33560b9400c54b67f2283.jpg,https://www.revendadecalcados.com.br/fma600/6aadfae080da413f91afbc97e4907998.jpg,https://www.revendadecalcados.com.br/fma600/62b136a42fba2346f676f59677652f72.jpg,https://www.revendadecalcados.com.br/fma600/d6b7468de72ae8a3014dc6d8f9974939.jpg;Preto;45097
600.19D;Sapato Scarpin;Sapato Scarpin;34,4|35,9|36,10|37,10|38,7|39,4;69.90;76.89;0;Torricella;Material: Napa Verde e Napa Bege<br />Enfeite: Fivela de ajuste na cor Dourado e Laço em Verniz Preto<br />Forro: Sintético na cor Bege<br />Palmilha: 8 mm de Espessura, Espuma em EVA, Revestida em Napa Bege e Taloneira Napa Bege<br />Salto: Fino com 6 cm de Altura Pintado na Cor Bege<br />Solado de PVC com antiderrapante na cor Bege.;28 x 20 x 9.5;600;28/08/2025;0;https://www.revendadecalcados.com.br/produto-8848.html;https://www.revendadecalcados.com.br/fma600/83b259b333807b2765fc5dd09cc2397d.jpg,https://www.revendadecalcados.com.br/fma600/3dc2984293e4456369809d97bcc808a5.jpg,https://www.revendadecalcados.com.br/fma600/9ee4e54cbd5e2a0ed6e2b72a1df7ca2e.jpg,https://www.revendadecalcados.com.br/fma600/841f7bd8a84edbfd6131e14713cffe9d.jpg,https://www.revendadecalcados.com.br/fma600/08bc9565f5cbd0072f4548c46ac0c108.jpg,https://www.revendadecalcados.com.br/fma600/8c5aebd6469428ce4bf11af1d15afef4.jpg,https://www.revendadecalcados.com.br/fma600/d61c2a3eb3dd23afa82aacd42040ef7c.jpg,https://www.revendadecalcados.com.br/fma600/f37d7822b5a588d761bba8fe5db258bb.jpg,https://www.revendadecalcados.com.br/fma600/df64114929bb9bb53e719b367e91a451.jpg;Bege;600.19
600.19C;Sapato Scarpin;Sapato Scarpin;34,5|35,2|36,9|37,10|38,9|39,1;69.90;76.89;0;Torricella;Material: Napa Rosa e Napa Bege<br />Enfeite: Fivela de ajuste na cor Dourado e Laço em Verniz Preto<br />Forro: Sintético na cor Bege<br />Palmilha: 8 mm de Espessura, Espuma em EVA, Revestida em Napa Bege e Taloneira Napa Bege<br />Salto: Fino com 6 cm de Altura Pintado na Cor Bege<br />Solado de PVC com antiderrapante na cor Bege.;28 x 20 x 9.5;600;28/08/2025;0;https://www.revendadecalcados.com.br/produto-8847.html;https://www.revendadecalcados.com.br/fma600/b14c017fa6f352fbcc0a4030c666f1c9.jpg,https://www.revendadecalcados.com.br/fma600/9de8efaf30fe747115f9a974946a7b0c.jpg,https://www.revendadecalcados.com.br/fma600/2b70053df7ca1c89d1302b26d35ece83.jpg,https://www.revendadecalcados.com.br/fma600/1064d59368c3991073b53250cda0286d.jpg,https://www.revendadecalcados.com.br/fma600/ef8557499f4f75369dcef068a834e631.jpg,https://www.revendadecalcados.com.br/fma600/c4120093d0976b41be587d78a5986d04.jpg,https://www.revendadecalcados.com.br/fma600/f76f8cb8e54becf903e2d2c05b385feb.jpg,https://www.revendadecalcados.com.br/fma600/ff3b051cb51ab1aace8592b55f467760.jpg,https://www.revendadecalcados.com.br/fma600/664802b87ae1e4cc89ee417fd53fc1ec.jpg;Bege;600.19
600.19B;Sapato Scarpin;Sapato Scarpin;34,5|35,2|36,8|37,10|38,8|39,1;69.90;76.89;0;Torricella;Material: Napa Azul e Napa Bege<br />Enfeite: Fivela de ajuste na cor Dourado e Laço em Verniz Preto<br />Forro: Sintético na cor Bege<br />Palmilha: 8 mm de Espessura, Espuma em EVA, Revestida em Napa Bege e Taloneira Napa Bege<br />Salto: Fino com 6 cm de Altura Pintado na Cor Bege<br />Solado de PVC com antiderrapante na cor Bege.;28 x 20 x 9.5;600;28/08/2025;0;https://www.revendadecalcados.com.br/produto-8846.html;https://www.revendadecalcados.com.br/fma600/3104b9309061b11bd82bcbd121ff94f5.jpg,https://www.revendadecalcados.com.br/fma600/93a33ced2bf662b5cc010559f20895e1.jpg,https://www.revendadecalcados.com.br/fma600/79831c3fe51d52f68ee1adfdbd0f8a40.jpg,https://www.revendadecalcados.com.br/fma600/6f181e3e7f39ed6ac63493263de08597.jpg,https://www.revendadecalcados.com.br/fma600/17620091a8452dc4629483a070f9817e.jpg,https://www.revendadecalcados.com.br/fma600/80602b7acdc3af45e513c11bca95d8d9.jpg,https://www.revendadecalcados.com.br/fma600/11dfb052c8f11efa5cf381b41bd8062e.jpg,https://www.revendadecalcados.com.br/fma600/e8b4bbd0569ab5ea2196a2d6d68ba88e.jpg,https://www.revendadecalcados.com.br/fma600/c00f7cfe9f3988ff9c43f1db8f14f2cf.jpg;Bege;600.19
GF-201B;Sandália Feminina;Sandálias;34,5|35,3|36,6|37,9|38,5|39,6;69.90;76.89;0;Torricella;Material: Napa Metalizado Ouro Light<br />Enfeite: Fivela de Ajuste na cor Prata<br />Palmilha: 8 mm de Espessura, Espuma em EVA, Revestida em Napa Metalizado Ouro Light e Taloneira Napa Bege<br />Salto: Fino com 5 cm de Altura Pintado na cor Dourado<br />Solado de PVC com antiderrapante na cor Bege.;28 x 20 x 9.5;600;25/08/2025;0;https://www.revendadecalcados.com.br/produto-8839.html;https://www.revendadecalcados.com.br/fma600/32766ad06cd827110bf0b6d1a8e430d6.jpg,https://www.revendadecalcados.com.br/fma600/51d8beb26e8cb3ae8dbbc10847f1e870.jpg,https://www.revendadecalcados.com.br/fma600/309904e3d1690a154bf016fc08b9aa50.jpg,https://www.revendadecalcados.com.br/fma600/309a2484ff0d3e4753a1c8c8591eccbb.jpg,https://www.revendadecalcados.com.br/fma600/fefb30525d1eac7e8b9138c137c3f8dc.jpg,https://www.revendadecalcados.com.br/fma600/88444285198fc3549e930f15d573877b.jpg;Dourado;GF-201
2056B;Sandália Feminina;Sandálias;34,3|35,2|36,6|37,10|38,7|39,2;69.90;76.89;0;Torricella;Material: Napa Verde e Napa Bege<br />Palmilha: 8 mm de Espessura, Espuma em EVA, Revestida em Napa Bege e Taloneira Napa Bege<br />Enfeite: Laço com Apliques em metal na cor Dourado e Fivela de Ajuste na cor Dourado<br />Salto: Fino com 9 cm de Altura Pintado na cor Bege<br />Solado de PVC com antiderrapante na cor Bege.;28 x 20 x 9.5;600;25/08/2025;0;https://www.revendadecalcados.com.br/produto-8831.html;https://www.revendadecalcados.com.br/fma600/34e37fae1a8ebbbb93089c3ca2bcf221.jpg,https://www.revendadecalcados.com.br/fma600/9bedee7d36283ed1dbe7ce6270caf805.jpg,https://www.revendadecalcados.com.br/fma600/4132729130086dd72890323d650ded19.jpg,https://www.revendadecalcados.com.br/fma600/daf268e7a101d34e3673bd7c6084dd92.jpg,https://www.revendadecalcados.com.br/fma600/4935bb61cd11de7340b50738c82ff326.jpg,https://www.revendadecalcados.com.br/fma600/7bca43492569fffc0560edb7be5d865a.jpg;Multicolorido;2056
2056A;Sandália Feminina;Sandálias;34,2|35,3|36,6|37,10|38,6|39,5;69.90;76.89;0;Torricella;Material: Napa Laranja e Napa Bege<br />Palmilha: 8 mm de Espessura, Espuma em EVA, Revestida em Napa Bege e Taloneira Napa Bege<br />Enfeite: Laço com Apliques em metal na cor Dourado e Fivela de Ajuste na cor Dourado<br />Salto: Fino com 9 cm de Altura Pintado na cor Bege<br />Solado de PVC com antiderrapante na cor Bege.;28 x 20 x 9.5;600;25/08/2025;0;https://www.revendadecalcados.com.br/produto-8830.html;https://www.revendadecalcados.com.br/fma600/952f9456e28c319e77592722cd4e4831.jpg,https://www.revendadecalcados.com.br/fma600/6737b3bbe6768a462fb7d5282db881ff.jpg,https://www.revendadecalcados.com.br/fma600/2da4a094ccc9edf38516e1408ef10f12.jpg,https://www.revendadecalcados.com.br/fma600/fe185f85f8b8e99ed8fe705cdf4e17f5.jpg,https://www.revendadecalcados.com.br/fma600/61a5f39aee61155b37389914c0b72cff.jpg,https://www.revendadecalcados.com.br/fma600/bf2e4d218a77fcf40a86a18d630e4540.jpg;Multicolorido;2056
600.18C;Sapato Scarpin;Sapato Scarpin;34,5|35,8|36,5|37,8|38,5|39,2;69.90;76.89;0;Torricella;Material: Verniz Off White<br />Enfeite: Fivela de ajuste e Apliques na cor Dourado<br />Forro: Napa na cor Bege<br />Palmilha: 8 mm de Espessura, Espuma em EVA, Revestida em Verniz Off White e Taloneira Napa Bege<br />Salto: Fino com 6 cm de Altura Pintado na Cor Off White<br />Solado de PVC com antiderrapante na cor Bege.;28 x 20 x 9.5;600;20/08/2025;0;https://www.revendadecalcados.com.br/produto-8813.html;https://www.revendadecalcados.com.br/fma600/48182e5cd0b4cabdec3fa25ab7016e1a.jpg,https://www.revendadecalcados.com.br/fma600/9042c563f9b9ffd7ddb51a1a08ef5abd.jpg,https://www.revendadecalcados.com.br/fma600/89598be60d8dc7446d132182e682bec5.jpg,https://www.revendadecalcados.com.br/fma600/f5c249b67c34d72add19d2f2dd87c19b.jpg,https://www.revendadecalcados.com.br/fma600/0a75c64cbe2413eeda50ff34f04f094e.jpg,https://www.revendadecalcados.com.br/fma600/983199eb49a529914a6df1844bd64535.jpg,https://www.revendadecalcados.com.br/fma600/650be339bfc4b38bb295a6cb588bdd17.jpg,https://www.revendadecalcados.com.br/fma600/5adc680a80c731e18e0fc4fc8c242ad3.jpg,https://www.revendadecalcados.com.br/fma600/46c90534d6c3c6e7717fb65dcefe89f0.jpg,https://www.revendadecalcados.com.br/fma600/6a65470e9278a84a4c0acdddc03bf181.png;Off White;600.18
600.18B;Sapato Scarpin;Sapato Scarpin;34,6|35,6|36,10|37,10|38,8|39,2;69.90;76.89;0;Torricella;Material: Verniz Caramelo<br />Enfeite: Fivela de ajuste e Apliques na cor Dourado<br />Forro: Napa na cor Bege<br />Palmilha: 8 mm de Espessura, Espuma em EVA, Revestida em Verniz Caramelo e Taloneira Napa Bege<br />Salto: Fino com 6 cm de Altura Pintado na Cor Caramelo<br />Solado de PVC com antiderrapante na cor Bege.;28 x 20 x 9.5;600;20/08/2025;0;https://www.revendadecalcados.com.br/produto-8812.html;https://www.revendadecalcados.com.br/fma600/3b3d16883f1c72851d19e1d2a2bffea3.jpg,https://www.revendadecalcados.com.br/fma600/d1342e1d2110a6a09b9611e930ca2cca.jpg,https://www.revendadecalcados.com.br/fma600/131fc31bfb8a1c496c9e33b92d0d4e3e.jpg,https://www.revendadecalcados.com.br/fma600/b28e67397e62b2c99a8aadf33e7eedd0.jpg,https://www.revendadecalcados.com.br/fma600/d030e0ca0cc827336b037057653a287f.jpg,https://www.revendadecalcados.com.br/fma600/a4383801d9da25824be1f400b0250d11.jpg,https://www.revendadecalcados.com.br/fma600/20e0675ccd081c912713c51c03079c5b.jpg,https://www.revendadecalcados.com.br/fma600/2a1ec5035cb86c50539bc33d22dd6290.jpg,https://www.revendadecalcados.com.br/fma600/7e6264de2187786d4687ca0542fce90a.jpg,https://www.revendadecalcados.com.br/fma600/8ee66914eb399aaa3a0fac62d760a77e.png;Caramelo;600.18
600.18A;Sapato Scarpin;Sapato Scarpin;34,4|35,4|36,10|37,9|38,8|39,3;69.90;76.89;0;Torricella;Material: Verniz Preto<br />Enfeite: Fivela de ajuste e Apliques na cor Dourado<br />Forro: Napa na cor Preto<br />Palmilha: 8 mm de Espessura, Espuma em EVA, Revestida em Verniz Preto e Taloneira Napa Preto<br />Salto: Fino com 6 cm de Altura Pintado na Cor Preto<br />Solado de PVC com antiderrapante na cor Preto.;28 x 20 x 9.5;600;20/08/2025;0;https://www.revendadecalcados.com.br/produto-8811.html;https://www.revendadecalcados.com.br/fma600/cde09489e02f29d4a076ae9665ffdef9.jpg,https://www.revendadecalcados.com.br/fma600/d57ffeae01a086e7cd70e20f3a588019.jpg,https://www.revendadecalcados.com.br/fma600/07d8280e925ebca987d715eac2997757.jpg,https://www.revendadecalcados.com.br/fma600/17607d248dc4164e37e220e383d67f38.jpg,https://www.revendadecalcados.com.br/fma600/f67f5328bf6e5d572d6ad4f685281d4e.jpg,https://www.revendadecalcados.com.br/fma600/7807eef3bf10e8a2e64fd89c370a28d2.jpg,https://www.revendadecalcados.com.br/fma600/59019f56777c656547a38ac1058a72e0.jpg,https://www.revendadecalcados.com.br/fma600/de274f3399afd28b0900551a26ad546d.jpg,https://www.revendadecalcados.com.br/fma600/668b469d96293ec67c377393dbeda877.jpg,https://www.revendadecalcados.com.br/fma600/26d682e4f561011341e51d811d5d4b8a.png;Preto;600.18
600.07A;Sapato Scarpin;Sapato Scarpin;34,3|35,7|36,10|37,10|38,7|39,2;69.90;76.89;0;Torricella;Material: Napa Preto e Verniz Onça<br />Enfeite: Fivela de Ajuste na cor Dourado<br />Palmilha: 8 mm de Espessura, Espuma em EVA, Revestida em Napa Preto e Taloneira Napa Preto<br />Forro: Napa Preto<br />Salto: 6 cm de Altura encapado em Napa Preto<br />Solado de PVC antiderrapante na cor Preto.;28 x 20 x 9.5;600;14/04/2025;0;https://www.revendadecalcados.com.br/produto-8767.html;https://www.revendadecalcados.com.br/fma600/73a9c2d9e7e9a9d2365edd4a26b7734b.jpg,https://www.revendadecalcados.com.br/fma600/0fd0b5f2805ec1dc2c333187ac4e9039.jpg,https://www.revendadecalcados.com.br/fma600/3884ab675451274efc9e26893acbe99b.jpg,https://www.revendadecalcados.com.br/fma600/397d342490547e67f0dfa83aaa918913.jpg,https://www.revendadecalcados.com.br/fma600/ff123b111af44a1ac892fa26fe0b561d.jpg,https://www.revendadecalcados.com.br/fma600/f308eb0d4c08b3c9a0beb88f14c76066.jpg,https://www.revendadecalcados.com.br/fma600/12570450818ef963559cee3393f93780.png,https://www.revendadecalcados.com.br/fma600/f55344acfe29c950ce90e0cd7617dd50.png,https://www.revendadecalcados.com.br/fma600/2e5734c9e3c8c3dc32a494a0d68736c6.png;Preto;600.07
600.01B;Sapato Scarpin;Sapato Scarpin;34,3|35,3|36,3|37,2|38,5|39,3;69.90;76.89;0;Torricella;Material: Napa Caramelo e Napa estampado Onça<br />Enfeite: Fivela de Ajuste na cor Dourado<br />Palmilha: 8 mm de Espessura, Espuma em EVA, Revestida em Napa Caramelo e Taloneira Napa Bege<br />Forro: Napa Bege<br />Salto: 6 cm de Altura encapado em Napa Caramelo<br />Solado de PVC antiderrapante na cor Bege.;28 x 20 x 9.5;600;01/04/2025;0;https://www.revendadecalcados.com.br/produto-8758.html;https://www.revendadecalcados.com.br/fma600/020cdabcac7b9e365180549d658edbc1.jpg,https://www.revendadecalcados.com.br/fma600/8b83d81cc958f3c6c2416338d5a876bb.jpg,https://www.revendadecalcados.com.br/fma600/d83b7f31139caf8e577532f7d1d43d56.jpg,https://www.revendadecalcados.com.br/fma600/0904315e1db05c71ec708f88ca6336b4.jpg,https://www.revendadecalcados.com.br/fma600/6b881d5b872a296bf858e6ab9ef8c872.jpg,https://www.revendadecalcados.com.br/fma600/9851d9b21c16adc279eb1ae9aae856a8.jpg,https://www.revendadecalcados.com.br/fma600/16f0ccfb03919c97d828ec05050cf1a4.png,https://www.revendadecalcados.com.br/fma600/0e469e95835e7f80ffb75669fa86f7a4.png,https://www.revendadecalcados.com.br/fma600/cc6351483c09f0308ced04dcee717d45.png;Caramelo;600.01
600.06B;Sapato Scarpin;Sapato Scarpin;34,1|35,6|36,1|37,9|38,3|39,1;69.90;76.89;0;Torricella;Material: Napa Bege<br />Enfeite: Peça em ABS para ajuste<br />Palmilha: 8 mm de Espessura, Espuma em EVA, Revestida em Napa Bege e Taloneira Napa Bege<br />Forro: Napa Bege<br />Salto: 6 cm de Altura encapado em Napa Bege<br />Solado de PVC antiderrapante na cor Bege.;28 x 20 x 9.5;600;02/04/2025;0;https://www.revendadecalcados.com.br/produto-8757.html;https://www.revendadecalcados.com.br/fma600/97de7dffe3857d0974cf86465fd7c448.jpg,https://www.revendadecalcados.com.br/fma600/f1a2582e1c5a49f137318cb72590b4ca.jpg,https://www.revendadecalcados.com.br/fma600/90a69a92dc3ee46845daf7d1f49ca7ee.jpg,https://www.revendadecalcados.com.br/fma600/ee4ca7138db96931d43543ca833b1a58.jpg,https://www.revendadecalcados.com.br/fma600/2fa8ad0ca067cf7f8e31db9a49ae6e1c.jpg,https://www.revendadecalcados.com.br/fma600/5d72c7df3993379448fd1186924d5961.jpg;Bege;600.06
65-02G;Sapato Scarpin;Sapato Scarpin;34,2|35,5|36,1|37,8|38,2|39,2;69.90;76.89;0;Torricella;Material: Verniz Onça<br />Palmilha: 8 mm de Espessura, Espuma em EVA, e Taloneira Napa Preto<br />Forro: Cacharrel, material espumado para maior conforto na cor Preto<br />Salto: 10 cm de Altura Pintado na Cor Preto<br />Solado de PVC na cor Preto.;28 x 20 x 9.5;600;25/03/2025;0;https://www.revendadecalcados.com.br/produto-8739.html;https://www.revendadecalcados.com.br/fma600/f6bffb9066e8a5ddf79df57ebc2ceeec.jpg,https://www.revendadecalcados.com.br/fma600/0d966c1501f5b0372903a2f3f53355e5.jpg,https://www.revendadecalcados.com.br/fma600/7df7aea5d750ac8674e0243ae99409ac.jpg,https://www.revendadecalcados.com.br/fma600/da31c68fd24075fb3f1a82ba7df1761f.jpg,https://www.revendadecalcados.com.br/fma600/60b1f5b5e4846ec01688b67588269ca3.jpg,https://www.revendadecalcados.com.br/fma600/f879737126b61a03e20ceb2af1e37ac4.jpg;OnÃ§a;65-02
65-01C;Sapato Scarpin;Sapato Scarpin;34,2|35,4|36,10|37,10|38,5|39,5;64.90;71.39;0;Torricella;Material: Napa Caramelo<br />Palmilha: com 8 mm de Espessura, Espuma em EVA, e Taloneira Napa Bege<br />Forro: Cacharrel, material espumado para maior conforto, na cor Bege<br />Salto: 9 cm de Altura encapado em Napa Caramelo<br />Solado de PVC antiderrapante na cor Bege.;28 x 20 x 9.5;600;23/02/2024;0;https://www.revendadecalcados.com.br/produto-8474.html;https://www.revendadecalcados.com.br/fma600/fe1b54bbf89562015688852c7989ae00.jpg,https://www.revendadecalcados.com.br/fma600/436f6343297bb4612d92113c7d639712.jpg,https://www.revendadecalcados.com.br/fma600/58818976fa22b3670298a34f36d2a79c.jpg,https://www.revendadecalcados.com.br/fma600/5363fcb588a24e8ad93a5bb627b96ddf.jpg,https://www.revendadecalcados.com.br/fma600/05f6279312128749e45b9a811c378170.jpg,https://www.revendadecalcados.com.br/fma600/1e4669a01cdc427a56df34c408a75ec1.jpg,https://www.revendadecalcados.com.br/fma600/1bc235d4f6a75eb3c8082f5c2491950a.jpg,https://www.revendadecalcados.com.br/fma600/590d95cf94364247e33ba5f7529920ab.jpg,https://www.revendadecalcados.com.br/fma600/c7d6a4678f554bc820f3bf5696a3fdf9.jpg,https://www.revendadecalcados.com.br/fma600/52db53390d0c2ccb8553f2bf8da6dff7.jpg,https://www.revendadecalcados.com.br/fma600/2d50eb779c2986a232b9d06a6ba1f139.jpg,https://www.revendadecalcados.com.br/fma600/175a2784b01f3077bd0c39f1ab67e8f8.jpg,https://www.revendadecalcados.com.br/fma600/49882baa4153b59b7a39975a079c8762.jpg,https://www.revendadecalcados.com.br/fma600/314c2375654276afb3bdf9a4fa201f8b.jpg,https://www.revendadecalcados.com.br/fma600/78f98eab864144530335ba265c35fe1e.jpg,https://www.revendadecalcados.com.br/fma600/b5135355f89eeb943c9fe8a8950c5e51.jpg;Caramelo;65-01
65-01A;Sapato Scarpin;Sapato Scarpin;34,3|35,1|36,3|37,8|38,4|39,2;64.90;71.39;0;Torricella;Material: Napa Preto<br />Palmilha: com 8 mm de Espessura, Espuma em EVA, e Taloneira Napa Preto<br />Forro: Cacharrel, material espumado para maior conforto, na cor Preto<br />Salto: 9 cm de Altura encapado em Napa Preto<br />Solado de PVC antiderrapante na cor Preto.;28 x 20 x 9.5;600;23/02/2024;0;https://www.revendadecalcados.com.br/produto-8472.html;https://www.revendadecalcados.com.br/fma600/98578e10dfa395657210c7f1b4bec75a.jpg,https://www.revendadecalcados.com.br/fma600/6d652e503e8d2239d7d3223405db8a92.jpg,https://www.revendadecalcados.com.br/fma600/3e969b00e62db8cdba60977749cc8c91.jpg,https://www.revendadecalcados.com.br/fma600/e548b095e4fc9b6bfec1a21aa1b547de.jpg,https://www.revendadecalcados.com.br/fma600/7020b2d1bddc82fcd9691942e357b746.jpg,https://www.revendadecalcados.com.br/fma600/ea395856d054dec9c25d3dd2031903ed.jpg,https://www.revendadecalcados.com.br/fma600/caae5010486aa2d9a7217c28f059ccee.jpg,https://www.revendadecalcados.com.br/fma600/cddb920b996e62e6967c43a340268c6a.jpg;Preto;65-01
FST025B;Sandália Feminina;Sandálias;34,3|35,2|36,3|37,3|38,2|39,3;64.90;71.39;0;Torricella;Material: Napa Rose<br />Enfeite: Tira Laço Nó em Napa Rose e Laço em Napa Rose<br />Palmilha: 8 mm de Espessura, Espuma em EVA, Revestida em Napa Rose e Taloneira Napa Bege<br />Salto: 8,5 cm de Altura e Revestido em Napa Rose<br />Solado de PVC com antiderrapante na cor Bege.;28 x 20 x 9.5;600;01/11/2021;0;https://www.revendadecalcados.com.br/produto-7261.html;https://www.revendadecalcados.com.br/fma600/8c1c200edffbb20ca9a23b2d61f78f68.jpg,https://www.revendadecalcados.com.br/fma600/3cba1a2a3cd448db53369e4bdeee2ab5.jpg,https://www.revendadecalcados.com.br/fma600/5e927690068868e27d4e713624a4afba.jpg,https://www.revendadecalcados.com.br/fma600/591bd813ff8705c3e252ef915dc45a44.jpg,https://www.revendadecalcados.com.br/fma600/ab0dfb2a6b4246bf2a6d216759cacd9c.jpg,https://www.revendadecalcados.com.br/fma600/e5b23b474d604a7521627a31105cb319.jpg,https://www.revendadecalcados.com.br/fma600/2c6ea271a8c1c3de565faee21620de3c.jpg,https://www.revendadecalcados.com.br/fma600/5e2ceb236884a6fc727d1c0da4852ce3.jpg,https://www.revendadecalcados.com.br/fma600/8509f56e8f45ea947fb08f904ef1a181.jpg,https://www.revendadecalcados.com.br/fma600/f8d31928fa7f5c28cbf5eae9cdea7d45.jpg;Rose;FST025
457.004.104G;Sandália Feminina;Sandálias;34,1|35,5|36,5|37,2|38,2|39,2;59.90;65.89;0;Torricella;Material: Napa Ouro Light<br />Enfeite: Peça em ABS para ajuste<br />Palmilha: 8 mm de Espessura, Espuma em EVA, Revestida em Napa Ouro Light e Taloneira Napa Bege<br />Salto: Grosso com 5,5 cm de Altura Revestido em Napa Ouro Light<br />Solado de TR com antiderrapante na cor Bege.;28 x 20 x 9.5;600;10/10/2024;0;https://www.revendadecalcados.com.br/produto-8615.html;https://www.revendadecalcados.com.br/fma600/d0b1356237d2d0b2b37baea3cee6ba73.jpg,https://www.revendadecalcados.com.br/fma600/5fd892db6c937f994af86eef0d83be15.jpg,https://www.revendadecalcados.com.br/fma600/0ad34943e8495120b001fe3f2339c43f.jpg,https://www.revendadecalcados.com.br/fma600/d018989828ea5f37c7b6362a28903f4c.jpg,https://www.revendadecalcados.com.br/fma600/19d64674b9d92ca81906dc1988d3a35d.jpg,https://www.revendadecalcados.com.br/fma600/1d4a0816a9a10c4c88332aa7d9e2e8a4.jpg;Dourado;457.004.104
457.004.104E;Sandália Feminina;Sandálias;34,5|35,4|36,8|37,5|38,2|39,4;59.90;65.89;0;Torricella;Material: Napa Caramelo<br />Enfeite: Peça em ABS para ajuste<br />Palmilha: 8 mm de Espessura, Espuma em EVA, Revestida em Napa Caramelo e Taloneira Napa Bege<br />Salto: Grosso com 5,5 cm de Altura Revestido em Napa Caramelo<br />Solado de TR com antiderrapante na cor Bege.;28 x 20 x 9.5;600;13/10/2022;0;https://www.revendadecalcados.com.br/produto-7843.html;https://www.revendadecalcados.com.br/fma600/c6a5c5fbdaab4b48215eb32681d29ea2.jpg,https://www.revendadecalcados.com.br/fma600/1d04259c9118536bcb3cad10601c631a.jpg,https://www.revendadecalcados.com.br/fma600/95f714cd46d30f3052e1eeabe9c20d2f.jpg,https://www.revendadecalcados.com.br/fma600/878fcf4ce18eb8ffad27d9139b6147a4.jpg,https://www.revendadecalcados.com.br/fma600/7684ca0cb2e339aa18741261911e01df.jpg,https://www.revendadecalcados.com.br/fma600/de9d2561c1f44710033d483a297e3f3f.jpg,https://www.revendadecalcados.com.br/fma600/6246c8506dec41a737bd3d613a3c5a35.jpg,https://www.revendadecalcados.com.br/fma600/d1cf83361bbbfea0ae27e60ee13836bc.jpg,https://www.revendadecalcados.com.br/fma600/57699cf2d75ccc1f2c20a9dc1ff074d2.jpg;Caramelo;457.004.104
457.004.104D;Sandália Feminina;Sandálias;34,2|35,1|36,3|37,4|38,2|39,4;59.90;65.89;0;Torricella;Material: Napa Azul<br />Enfeite: Peça em ABS para ajuste<br />Palmilha: 8 mm de Espessura, Espuma em EVA, Revestida em Napa Azul e Taloneira Napa Bege<br />Salto: Grosso com 5,5 cm de Altura Revestido em Napa Azul<br />Solado de TR com antiderrapante na cor Bege.;28 x 20 x 9.5;600;18/08/2022;0;https://www.revendadecalcados.com.br/produto-7770.html;https://www.revendadecalcados.com.br/fma600/02c546f7b765cfab00ea90808f324f88.jpg,https://www.revendadecalcados.com.br/fma600/b72b3a900fd336f99d63b548d9f418a7.jpg,https://www.revendadecalcados.com.br/fma600/8f80a20cbfd42966dc14977067396e22.jpg,https://www.revendadecalcados.com.br/fma600/de93ce4768f60c1d55c2fdc0683107f2.jpg,https://www.revendadecalcados.com.br/fma600/6ed7680fdb1c5dc662854bb12998a585.jpg,https://www.revendadecalcados.com.br/fma600/72d06c4656f194e594903e675143e70e.jpg;Azul;457.004.104
457.004.104B;Sandália Feminina;Sandálias;34,1|35,4|36,5|37,5|38,6|39,4;59.90;65.89;0;Torricella;Material: Napa Preto<br />Enfeite: Peça em ABS para ajuste<br />Palmilha: 8 mm de Espessura, Espuma em EVA, Revestida em Napa Preto e Taloneira Napa Bege<br />Salto: Grosso com 5,5 cm de Altura Revestido em Napa Preto<br />Solado de TR com antiderrapante na cor Preto.;28 x 20 x 9.5;600;18/08/2022;0;https://www.revendadecalcados.com.br/produto-7768.html;https://www.revendadecalcados.com.br/fma600/ffe0f1ad1d05a0e635e6f775c941711e.jpg,https://www.revendadecalcados.com.br/fma600/bb7bc71917cd8d6086d1ce66885a8240.jpg,https://www.revendadecalcados.com.br/fma600/8e9bffc18b307aa443da3e2ab8a71aee.jpg,https://www.revendadecalcados.com.br/fma600/7165f0e7822b9b77aa9b2c6c099c1927.jpg,https://www.revendadecalcados.com.br/fma600/d99842473028c1d4cc173338aa7d47e2.jpg,https://www.revendadecalcados.com.br/fma600/f0f4cef1014a36f9846fe9cbbf3bba88.jpg,https://www.revendadecalcados.com.br/fma600/4ee17ea6c55210812e169476a03899b5.jpg,https://www.revendadecalcados.com.br/fma600/7dae1e757e169cab9f1deb6aecf72bf4.jpg,https://www.revendadecalcados.com.br/fma600/8553f821e80580be0fd1afc695fcb547.jpg;Preto;457.004.104
70.018H;Mocassim Feminino Bico Alongado;Sapatilhas;34,4|35,9|36,8|37,4|38,5|39,1;54.90;60.39;0;Torricella;Material: Camurça Pink<br />Enfeite: Bridão em ABS na cor Grafite<br />Palmilha: 4 mm de Espessura, Espuma em EVA, Revestida em Napa Caramelo e taloneira Napa Bege<br />Forro: Cacharrel, material espumado para maior conforto, na cor Caramelo<br />Solado em PVC Flexível com antiderrapante e na cor Bege.;30 x 16 x 9.5;400;18/06/2025;0;https://www.revendadecalcados.com.br/produto-8805.html;https://www.revendadecalcados.com.br/fma600/c2038897e7c7fbe7576fecc1364fab1c.jpg,https://www.revendadecalcados.com.br/fma600/875011fc99f198232056225d82741551.jpg,https://www.revendadecalcados.com.br/fma600/de163442e0f97e011fe3c197558927ea.jpg,https://www.revendadecalcados.com.br/fma600/e24a28f7aeac81fd929a06aaea0f2342.jpg,https://www.revendadecalcados.com.br/fma600/175b04a02c02a13c9aa7283160b02312.jpg,https://www.revendadecalcados.com.br/fma600/38979677b7fdba594c6e4398c7466685.jpg,https://www.revendadecalcados.com.br/fma600/ff11032730b4fa0d1f1bf962bf43a70c.jpg;Pink;70.018
70.041E;Sapatilha Mocassim Feminino;Sapatilhas;34,1|35,5|36,10|37,4|38,5|39,1;54.90;60.39;0;Torricella;Material: Napa Verde<br />Enfeite: Bridão em ABS na cor Grafite<br />Palmilha: 4 mm de Espessura, Espuma em EVA, Revestida em Napa Caramelo e taloneira Napa Bege<br />Forro: Cacharrel, material espumado para maior conforto, na cor Caramelo<br />Solado em PVC Flexível com antiderrapante e na cor Bege.;30 x 16 x 9.5;400;18/06/2025;0;https://www.revendadecalcados.com.br/produto-8803.html;https://www.revendadecalcados.com.br/fma600/1e105e5584e92714fbd2d99fba4661ef.jpg,https://www.revendadecalcados.com.br/fma600/43a9d8f32e483e528fc5ab8d6c4557f8.jpg,https://www.revendadecalcados.com.br/fma600/4e8be525303ce3c39991c857eb7dbcd6.jpg,https://www.revendadecalcados.com.br/fma600/b48ee0207467b9621ea6929c53b39d9a.jpg,https://www.revendadecalcados.com.br/fma600/2f95eaaa6361d438c4c5cbac47a683f0.jpg,https://www.revendadecalcados.com.br/fma600/7245bd79cb2940b6235bdb45d805bdae.jpg,https://www.revendadecalcados.com.br/fma600/17c09c5bb9ab553b1276aa57ec494247.jpg;Verde;70.041
70.041D;Sapatilha Mocassim Feminino;Sapatilhas;34,2|35,10|36,10|37,6|38,3|39,3;54.90;60.39;0;Torricella;Material: Napa Vermelho<br />Enfeite: Bridão em ABS na cor Grafite<br />Palmilha: 4 mm de Espessura, Espuma em EVA, Revestida em Napa Caramelo e taloneira Napa Bege<br />Forro: Cacharrel, material espumado para maior conforto, na cor Caramelo<br />Solado em PVC Flexível com antiderrapante e na cor Bege.;30 x 16 x 9.5;400;18/06/2025;0;https://www.revendadecalcados.com.br/produto-8802.html;https://www.revendadecalcados.com.br/fma600/877ede7bb4514957644336a41a263013.jpg,https://www.revendadecalcados.com.br/fma600/a6e749929f893b616a33124b13654a9d.jpg,https://www.revendadecalcados.com.br/fma600/b63a11f7c03bc848ab2e5adce0fbc5be.jpg,https://www.revendadecalcados.com.br/fma600/c4ed0cdcb317bfb959ab902628b30acd.jpg,https://www.revendadecalcados.com.br/fma600/b074d68b0e36aca83555e45c2b5df540.jpg,https://www.revendadecalcados.com.br/fma600/71561907d10a19fcaf6d44d277fef596.jpg,https://www.revendadecalcados.com.br/fma600/f7fc6e48dfe0ed5d510e357c8163a0ae.jpg;Vermelho;70.041
67092A;Bota Bico Fino Feminina;Botas;34,4|35,8|36,10|37,8|38,7|39,0;199.90;219.89;0;Torricella;Material: Napa Preto<br />Enfeites: Zíper na Cor Preto, Fivelas e Apliques na Cor Prata<br />Palmilha: 8 mm de Espessura, Espuma em EVA, e Taloneira Napa Preto<br />Forro: Cacharrel, material espumado para maior conforto, na cor Preto<br />Salto: 9 cm de Altura e Revestido em Napa na cor Preto<br />Solado de TR na cor Preto.;31.5 x 30 x 9.5;1000;14/05/2025;0;https://www.revendadecalcados.com.br/produto-8783.html;https://www.revendadecalcados.com.br/fma600/8f6974f0f1903d7e88879d22411a79fd.jpg,https://www.revendadecalcados.com.br/fma600/1e3c518c13505840d5ecf5ebb76c37a6.jpg,https://www.revendadecalcados.com.br/fma600/3645491814a92c4e6b8ea86954797053.jpg,https://www.revendadecalcados.com.br/fma600/587f069ab10babda925b5b7b27bedb9a.jpg,https://www.revendadecalcados.com.br/fma600/9cd9d1ff0e95842b51c477f80a55479e.jpg,https://www.revendadecalcados.com.br/fma600/47af12d43ea496437d71983d6727e078.jpg,https://www.revendadecalcados.com.br/fma600/a87d5d681623cb0e710d5cbc8b0d3b14.jpg,https://www.revendadecalcados.com.br/fma600/2ebf78dddd56c804ae95a107c50be3df.png,https://www.revendadecalcados.com.br/fma600/3ba579d3319ac60b9e18b1a68a0d5162.png,https://www.revendadecalcados.com.br/fma600/a1b3677a406ae414d56b6dc4669ce73e.png;Preto;67092
67092B;Bota Bico Fino Feminina;Botas;34,4|35,7|36,9|37,10|38,6|39,0;199.90;219.89;0;Torricella;Material: Napa Caramelo<br />Enfeites: Zíper na Cor Caramelo, Fivelas e Apliques na Cor Dourado<br />Palmilha: 8 mm de Espessura, Espuma em EVA, e Taloneira Napa Preto<br />Forro: Cacharrel, material espumado para maior conforto, na cor Marrom Café<br />Salto: 9 cm de Altura e Revestido em Napa na cor Caramelo<br />Solado de TR na cor Bege.;31.5 x 30 x 9.5;1000;14/05/2025;0;https://www.revendadecalcados.com.br/produto-8778.html;https://www.revendadecalcados.com.br/fma600/c1aeb4f8401b23d184f2ebd44801d7c0.jpg,https://www.revendadecalcados.com.br/fma600/b36f1081f731ac9db53bbed12c4e34d2.jpg,https://www.revendadecalcados.com.br/fma600/4135f50945800bed3ec7c78d0b6a6aae.jpg,https://www.revendadecalcados.com.br/fma600/cec7382bd3799ff8263a0aacc9ba5ce9.jpg,https://www.revendadecalcados.com.br/fma600/7cb35293892fa257e700a90faf46fb91.jpg,https://www.revendadecalcados.com.br/fma600/f6e32f7c1fec767ec0e962b05b07f772.jpg,https://www.revendadecalcados.com.br/fma600/d4f68f1cdfb0155096978fb4df3aa5bd.jpg,https://www.revendadecalcados.com.br/fma600/7db8622db9766196cd5a47bfd3ed9c81.png,https://www.revendadecalcados.com.br/fma600/c83ea759334f55e8ba69fe38dcdd602e.png,https://www.revendadecalcados.com.br/fma600/f460e479bc2ade6a730c5b5f2ec80c2b.png;Caramelo;67092
23B;Bota Coturno Sola Tratorada Couro;Botas;34,2|35,6|36,7|37,10|38,4|39,0;159.90;175.89;0;Torricella;Material: Couro Marrom<br />Enfeites: Zíper na Cor Marrom e Fivelas de ajuste na Cor Dourado<br />Palmilha: 8 mm de Espessura, Espuma em EVA, e Taloneira Preto<br />Forro: Cacharrel, material espumado para maior conforto, na cor Preto<br />Solado Tratorado Preto.;31.5 x 30 x 9.5;1000;20/05/2025;0;https://www.revendadecalcados.com.br/produto-8792.html;https://www.revendadecalcados.com.br/fma600/accb653d4aa1e10e3f84ae0351222615.jpg,https://www.revendadecalcados.com.br/fma600/53fc6dff7461e43f15a4e865c81889f7.jpg,https://www.revendadecalcados.com.br/fma600/7745edf2459f7b6f44fd80d94eda33a8.jpg,https://www.revendadecalcados.com.br/fma600/5eec9c0f0f85bd01e8e0db373704e226.jpg,https://www.revendadecalcados.com.br/fma600/804dc7b03a3c56e72a4d08b850855c46.jpg,https://www.revendadecalcados.com.br/fma600/e2e02a8adeae9b8e2e56c0e0ac1d9b26.jpg,https://www.revendadecalcados.com.br/fma600/5763a21d6ec0117b613db0a23e11c817.jpg,https://www.revendadecalcados.com.br/fma600/21477294263e1109651b644392a3c0bf.png,https://www.revendadecalcados.com.br/fma600/1eeb77fb6281082af2702844bb94712f.png,https://www.revendadecalcados.com.br/fma600/dada973eb643862f491d5f4728e9c60b.png;CafÃ©;23
67094A;Bota Bico Fino Feminina;Botas;34,3|35,7|36,6|37,10|38,1|39,0;139.90;153.89;0;Torricella;Material: Napa Preto<br />Enfeites: Zíper na Cor Preto, Fivelas e Apliques na Cor Prata<br />Palmilha: 8 mm de Espessura, Espuma em EVA, e Taloneira Napa Preto<br />Forro: Cacharrel, material espumado para maior conforto, na cor Preto<br />Salto: 9 cm de Altura e Revestido em Napa na cor Preto<br />Solado de TR na cor Preto.;31.5 x 30 x 9.5;1000;02/05/2025;0;https://www.revendadecalcados.com.br/produto-8784.html;https://www.revendadecalcados.com.br/fma600/f89dfee42501ec2a9c42d06e5b9f2990.jpg,https://www.revendadecalcados.com.br/fma600/cb8f494900f85dcf9ecb59f19e085ec0.jpg,https://www.revendadecalcados.com.br/fma600/5f3bb71871ac2d56ebb9421172934c61.jpg,https://www.revendadecalcados.com.br/fma600/4f8cbf3d6036252f46e27b96a8cafe36.jpg,https://www.revendadecalcados.com.br/fma600/7dfcea89d91fec018d001c3c2b4f3df3.jpg,https://www.revendadecalcados.com.br/fma600/f7111395eff58babe932c1eee5cdf812.jpg,https://www.revendadecalcados.com.br/fma600/3b385ba3b6c00530d303fffd2658ed7d.jpg,https://www.revendadecalcados.com.br/fma600/1cb9934712132917ec1c297312328b5a.png,https://www.revendadecalcados.com.br/fma600/a61c061d4db9b18838c23121389d1018.png,https://www.revendadecalcados.com.br/fma600/6347d5d0e4949f6565ad8d5ad2670f24.jpg,https://www.revendadecalcados.com.br/fma600/5c8932fb84d46ab309bbd7e220d2e791.jpg,https://www.revendadecalcados.com.br/fma600/fee1f932a04002bb6326822898ff943b.jpg,https://www.revendadecalcados.com.br/fma600/9b80620d50ab1b7fac99387b88a225b4.jpg,https://www.revendadecalcados.com.br/fma600/5c448c6e358246ece85766fb2f72f9a4.jpg,https://www.revendadecalcados.com.br/fma600/976744cec0f4893e0ede0084b81b2d0e.jpg;Preto;67094
67094C;Bota Bico Fino Feminina;Botas;34,2|35,5|36,0|37,5|38,5|39,1;139.90;153.89;0;Torricella;Material: Napa Caramelo<br />Enfeites: Zíper na Cor Caramelo, Fivelas e Apliques na Cor Dourado<br />Palmilha: 8 mm de Espessura, Espuma em EVA, e Taloneira Napa Preto<br />Forro: Cacharrel, material espumado para maior conforto, na cor Marrom Café<br />Salto: 9 cm de Altura e Revestido em Napa na cor Caramelo<br />Solado de TR na cor Bege.;31.5 x 30 x 9.5;1000;02/05/2025;0;https://www.revendadecalcados.com.br/produto-8782.html;https://www.revendadecalcados.com.br/fma600/9c86478542a75c66de18098407dbad38.jpg,https://www.revendadecalcados.com.br/fma600/d8856f7273895280d702a102561b67fe.jpg,https://www.revendadecalcados.com.br/fma600/bc62ef278519cd47c2589f1eb28b5291.jpg,https://www.revendadecalcados.com.br/fma600/95183cc6281527bd31911f539bd8d529.jpg,https://www.revendadecalcados.com.br/fma600/356f45acf4bb72423ea9e03c22dd51de.jpg,https://www.revendadecalcados.com.br/fma600/bc201c718f4f9a5fb3347aae64d8cce7.jpg,https://www.revendadecalcados.com.br/fma600/1c3e2eb3a4ec5cd14e1bda133976c6fb.jpg,https://www.revendadecalcados.com.br/fma600/48ea911faf122c72c66d684b397312a1.png,https://www.revendadecalcados.com.br/fma600/15c67b7c799ef38060228369d804fbf9.png,https://www.revendadecalcados.com.br/fma600/95c491d0db167f5d0faeff7f52fbbba0.png,https://www.revendadecalcados.com.br/fma600/7ec2774b68d681424d20e81f6e736db9.png,https://www.revendadecalcados.com.br/fma600/02d47e17412ca99ce1465d75f2abc961.jpg,https://www.revendadecalcados.com.br/fma600/0894f517553f398aa690b022f8cfc9ee.jpg,https://www.revendadecalcados.com.br/fma600/caf6ac29b45fdbc7b14e5ca37a13b461.jpg,https://www.revendadecalcados.com.br/fma600/4b5e6091c32b93fcdc561bd1c1406fde.jpg,https://www.revendadecalcados.com.br/fma600/4cdb5a71a197a3cf4def678fd5c0635a.jpg,https://www.revendadecalcados.com.br/fma600/99009810fcfe202eee5e3cfe9019db17.jpg,https://www.revendadecalcados.com.br/fma600/1ef90ee5979c5ab1b20addf37089737c.jpg;Caramelo;67094
80018A;Sapato Scarpin Salto 12;Sapato Scarpin;34,3|35,10|36,10|37,10|38,4|39,0;129.90;142.89;0;Torricella;Material: Napa Craquele Preto<br />Enfeite: Flor em Napa Vermelho<br />Palmilha: 8 mm de Espessura, Espuma em EVA, Revestida em Napa Craquele Preto e Taloneira Napa Preto<br />Salto: 12 cm de Altura Revestido em Napa Napa Craquele Preto<br />Solado de Micro na cor Preto.;28 x 20 x 9.5;600;04/04/2024;0;https://www.revendadecalcados.com.br/produto-8526.html;https://www.revendadecalcados.com.br/fma600/e8f292dfa4f8d2f494da99a649556352.jpg,https://www.revendadecalcados.com.br/fma600/78211b4ada09bbedf12eb74a162c6578.jpg,https://www.revendadecalcados.com.br/fma600/b659cb995193019160e259c85b0eccaa.jpg,https://www.revendadecalcados.com.br/fma600/92209d45ae400e58f19d571f045984e3.jpg,https://www.revendadecalcados.com.br/fma600/02aebb121dd24a7d16ad557a3aaa1f1e.jpg,https://www.revendadecalcados.com.br/fma600/060415dc5d6654f254cf5032263da38b.jpg,https://www.revendadecalcados.com.br/fma600/a1ff8b55c6f0978601655375d11b25a8.jpg,https://www.revendadecalcados.com.br/fma600/1ce06c654994e83c66b9ec9cfaf77713.jpg,https://www.revendadecalcados.com.br/fma600/463f41bbdb5d89629a28a1d5a17af4bb.jpg,https://www.revendadecalcados.com.br/fma600/a841df4c8bcc59fc9a554b1631093ebf.jpg,https://www.revendadecalcados.com.br/fma600/dd712c5890078cd647b8140344e9aa7a.jpg,https://www.revendadecalcados.com.br/fma600/24eabd6b750337486a5dcf55ad7d05df.jpg,https://www.revendadecalcados.com.br/fma600/6eed8892a935a2afd8be96b12e87dd93.jpg,https://www.revendadecalcados.com.br/fma600/09391f287f030f76ab67087933573925.jpg;Preto;80018
1003A;Sandália Meia Pata Feminina;Meia Pata;34,2|35,3|36,0|37,2|38,4|39,1;119.90;131.89;0;Torricella;Material: Napa Preto<br />Enfeites: Fivela de Ajuste na cor Dourado<br />Palmilha: 8 mm de Espessura, Espuma em EVA, Revestida em Napa Preto e Taloneira Napa Preto<br />Meia Pata: Revestida em Napa Preto com 3,5 cm de altura<br />Salto: Bloco com 11 cm de Altura Revestido em Napa Preto<br />Solado de TR com antiderrapante na cor Preto.;28.5 x 23.5 x 9.5;800;21/08/2025;0;https://www.revendadecalcados.com.br/produto-8835.html;https://www.revendadecalcados.com.br/fma600/5c7f2cfe2e6bd2c2baae32ba717b79aa.jpg,https://www.revendadecalcados.com.br/fma600/2a1d2466a372a921e22f307359e931af.jpg,https://www.revendadecalcados.com.br/fma600/a76109a0916aff1144f5cd13d56a4620.jpg,https://www.revendadecalcados.com.br/fma600/395ebe20c5ad7a6c05b7e74906e2dfc5.jpg,https://www.revendadecalcados.com.br/fma600/c1c75e0ea4556c14ff484f39cfd1b4e7.jpg,https://www.revendadecalcados.com.br/fma600/d9e1cce88f8eb683788fc8b854e9d9c6.jpg;Preto;1003
1000C;Sandália Meia Pata Feminina;Meia Pata;34,3|35,0|36,5|37,7|38,3|39,3;109.90;120.89;0;Torricella;Material: Napa Off White<br />Enfeites: Fivela de Ajuste na cor Dourado<br />Palmilha: 8 mm de Espessura, Espuma em EVA, Revestida em Napa Off White e Taloneira Napa Bege<br />Meia Pata: Revestida em Napa Off White com 3,5 cm de altura<br />Salto: Bloco com 11 cm de Altura Revestido em Napa Off White<br />Solado de TR com antiderrapante na cor Bege.;28.5 x 23.5 x 9.5;800;20/08/2025;0;https://www.revendadecalcados.com.br/produto-8819.html;https://www.revendadecalcados.com.br/fma600/28a47d55bebd13ef68e686da49ed15be.jpg,https://www.revendadecalcados.com.br/fma600/805700cfe9e7ab8119bf2ecdc962bfe8.jpg,https://www.revendadecalcados.com.br/fma600/54837f052a1f44b65bc84ad2a2bd213a.jpg,https://www.revendadecalcados.com.br/fma600/26cc7fd8ba439a24b4a6e5d233473e26.jpg,https://www.revendadecalcados.com.br/fma600/8999c8ab3f61a22e5577540859db4ba1.jpg,https://www.revendadecalcados.com.br/fma600/59ca29c005e71830df0f2685131f94ad.jpg;Off White;1000
1003B;Sandália Meia Pata Feminina;Meia Pata;34,2|35,1|36,0|37,3|38,2|39,2;99.90;109.89;1;Torricella;Material: Napa Bege<br />Enfeites: Fivela de Ajuste na cor Dourado<br />Palmilha: 8 mm de Espessura, Espuma em EVA, Revestida em Napa Bege e Taloneira Napa Bege<br />Meia Pata: Revestida em Napa Bege com 3,5 cm de altura<br />Salto: Bloco com 11 cm de Altura Revestido em Napa Bege<br />Solado de TR com antiderrapante na cor Bege.;28.5 x 23.5 x 9.5;800;21/08/2025;0;https://www.revendadecalcados.com.br/produto-8836.html;https://www.revendadecalcados.com.br/fma600/1d7385bd9da92b82f34a4fa8eacc7dd5.jpg,https://www.revendadecalcados.com.br/fma600/250d3d1bfe23f86f9ebe859fad424118.jpg,https://www.revendadecalcados.com.br/fma600/8774ff9ab957223ec8343299a621377a.jpg,https://www.revendadecalcados.com.br/fma600/742ad00a58a51534d0da39afd6a961cd.jpg,https://www.revendadecalcados.com.br/fma600/214bac120627dd302d797a58ebcda593.jpg,https://www.revendadecalcados.com.br/fma600/1bdfd6aeb351eceb1b0605607bc78a1a.jpg;Bege;1003
80008A;Sapato Scarpin Salto 12;Sapato Scarpin;34,0|35,3|36,4|37,10|38,5|39,4;99.90;109.89;1;Torricella;Material: Napa Preto<br />Enfeite: Fivela de Ajuste Encapada de Napa Preto<br />Palmilha: 8 mm de Espessura, Espuma em EVA, Revestida em Napa Preto e Taloneira Napa Preto<br />Salto: 12 cm de Altura Revestido em Napa Preto<br />Solado de Micro na cor Preto.;28 x 20 x 9.5;600;04/04/2024;0;https://www.revendadecalcados.com.br/produto-8524.html;https://www.revendadecalcados.com.br/fma600/62b222a429d90c7e0a864e5c377bd8c1.jpg,https://www.revendadecalcados.com.br/fma600/ac9f047a59e0a4e545a670f3189ac182.jpg,https://www.revendadecalcados.com.br/fma600/808264253fb25da75926979c36f7ba17.jpg,https://www.revendadecalcados.com.br/fma600/2957fa08d797e38f8ce9f79b22823f0b.jpg,https://www.revendadecalcados.com.br/fma600/7ccb5eff41ed5db1a5de4b4462490190.jpg,https://www.revendadecalcados.com.br/fma600/9f9ce61a0ff7d7fce78c009deef1cf6d.jpg,https://www.revendadecalcados.com.br/fma600/1f9f850fca3a3c616c9bb927c88133ad.jpg,https://www.revendadecalcados.com.br/fma600/8a7c5ffefe30be3fc23870c1e7fe6218.jpg,https://www.revendadecalcados.com.br/fma600/71c743a0b12d5af22665f46efccec016.jpg,https://www.revendadecalcados.com.br/fma600/8b45a1250c45ca6bfae4b706408ce92f.jpg,https://www.revendadecalcados.com.br/fma600/e82e074e81708afb467626a0980182c5.jpg,https://www.revendadecalcados.com.br/fma600/365904f76c031120b784de96e40d8e9a.jpg,https://www.revendadecalcados.com.br/fma600/05fa360be4f5e4c60219882143f0d996.jpg,https://www.revendadecalcados.com.br/fma600/a5b8bd5ded738d33954b5d647161833b.jpg;Preto;80008
67062A;Sapato Scarpin Para Noiva;Sapato Scarpin;34,1|35,0|36,3|37,4|38,3|39,1;99.90;109.89;0;Torricella;Material: Napa Branco<br />Enfeite: Pérolas Brancas em ABS<br />Palmilha: 8 mm de Espessura, Espuma em EVA, Revestida em Napa Branco e Taloneira Napa Branco<br />Salto: 9 cm de Altura Revestido em Napa Branco<br />Solado de TR coletado na cor Bege.;28 x 20 x 9.5;600;29/01/2024;0;https://www.revendadecalcados.com.br/produto-8446.html;https://www.revendadecalcados.com.br/fma600/2f6eff2482681bc41dca59cd06d8f61e.jpg,https://www.revendadecalcados.com.br/fma600/1dd599a0ec1414e99079159523e99d6d.jpg,https://www.revendadecalcados.com.br/fma600/017ce0805165cb240fca781b0d0d9061.jpg,https://www.revendadecalcados.com.br/fma600/e57778999e9c2f78a53201e0f0a5929f.jpg,https://www.revendadecalcados.com.br/fma600/96512eb681a4b40cd5a97feb973ca823.jpg,https://www.revendadecalcados.com.br/fma600/97d0e94fa5b0383e3ed6725fdaec8feb.jpg,https://www.revendadecalcados.com.br/fma600/69e977390599d7794379225cd25a854c.jpg,https://www.revendadecalcados.com.br/fma600/9477c9c779dbd9710c0c32c06a6f6e57.jpg,https://www.revendadecalcados.com.br/fma600/36d9d5d92c288b9e47b940f4bbf71094.jpg,https://www.revendadecalcados.com.br/fma600/7af7b682fdb376698b2861da206560c0.jpg,https://www.revendadecalcados.com.br/fma600/855f02933abb58104990070c3b5c2dec.jpg,https://www.revendadecalcados.com.br/fma600/c0732b81757ad0aaabdb20200b978e2f.jpg;Branco;67062
67083B;Sapato Scarpin;Sapato Scarpin;34,0|35,2|36,2|37,4|38,6|39,2;94.90;104.39;0;Torricella;Material: Verniz Rose / Tela na Cor Bege<br />Enfeite: Fivela de Ajuste na Cor Dourado<br />Palmilha: 8 mm de Espessura, Espuma em EVA, Revestida em Verniz Rose e Taloneira Napa Bege<br />Salto: Fino com 9 cm de Altura Revestido em Verniz Rose<br />Solado de PVC com antiderrapante na cor Bege.;28 x 20 x 9.5;600;05/12/2024;0;https://www.revendadecalcados.com.br/produto-8730.html;https://www.revendadecalcados.com.br/fma600/82191e35b7b7b7083fbd2a8af027749a.jpg,https://www.revendadecalcados.com.br/fma600/9c7c0625aec3f2d24b73815513cca6e4.jpg,https://www.revendadecalcados.com.br/fma600/3d9ed66c36ea9fde4e408c7b88fe4fbd.jpg,https://www.revendadecalcados.com.br/fma600/ad5ebac874f8e37dfaa62109d2dae1c3.jpg,https://www.revendadecalcados.com.br/fma600/d2b3c6ba414b42a459cdde9ffae63855.jpg,https://www.revendadecalcados.com.br/fma600/1fd05bbf03a2dea37983fd00e2134f38.jpg,https://www.revendadecalcados.com.br/fma600/188505393c9a5dfc933b24b04421e18e.jpg,https://www.revendadecalcados.com.br/fma600/f8401783f5c6047ee6d80bccbb4197c5.jpg,https://www.revendadecalcados.com.br/fma600/70cf564c103a257f4c18d48e643edc52.jpg,https://www.revendadecalcados.com.br/fma600/113c80d8220b35c1fecacf8eb19fbefc.jpg,https://www.revendadecalcados.com.br/fma600/f499d178580108265448e8ef82939911.jpg,https://www.revendadecalcados.com.br/fma600/ed122d4519bf35a2e80bb29bcc8a1b01.jpg,https://www.revendadecalcados.com.br/fma600/25f2ee297223d21d22ba6205cf444180.jpg,https://www.revendadecalcados.com.br/fma600/7a7b774429bcf5447abcc23f7b06ea00.jpg,https://www.revendadecalcados.com.br/fma600/b0cd1f2fef717aeab621a2ec32a59958.jpg,https://www.revendadecalcados.com.br/fma600/9e6dbf4af38fdce381d60be057c7471a.jpg,https://www.revendadecalcados.com.br/fma600/a3eea65d34a1a97357620367ddc6e31d.jpg,https://www.revendadecalcados.com.br/fma600/154ab48ec241b75909e4f8325613d70a.jpg,https://www.revendadecalcados.com.br/fma600/e1ad8d55dab9ec4a6c6fd58aa4ece77a.jpg,https://www.revendadecalcados.com.br/fma600/041f63e98026f4bb7dfbe5acbb8e1da3.jpg,https://www.revendadecalcados.com.br/fma600/08c1588573e939b6def496ff497a6e9e.jpg,https://www.revendadecalcados.com.br/fma600/889ddc400274be6f7d2116268143bbd9.jpg,https://www.revendadecalcados.com.br/fma600/6611b48915837a7be943b34a7e77de5d.jpg,https://www.revendadecalcados.com.br/fma600/1e4c5b10287743f27ff0038a82cd2e4b.jpg,https://www.revendadecalcados.com.br/fma600/caa914b759a2a41191fa3cfb3eb3808e.jpg,https://www.revendadecalcados.com.br/fma600/ed0c9a33e2373888e5f7597bf55e2170.jpg;Rose;67083
67083A;Sapato Scarpin;Sapato Scarpin;34,2|35,1|36,0|37,1|38,3|39,1;94.90;104.39;0;Torricella;Material: Verniz Preto / Tela na Cor Preto<br />Enfeite: Fivela de Ajuste na Cor Dourado<br />Palmilha: 8 mm de Espessura, Espuma em EVA, Revestida em Verniz Preto e Taloneira Napa Preto<br />Salto: Fino com 9 cm de Altura Revestido em Verniz Preto<br />Solado de PVC com antiderrapante na cor Preto.;28 x 20 x 9.5;600;05/12/2024;0;https://www.revendadecalcados.com.br/produto-8729.html;https://www.revendadecalcados.com.br/fma600/bb992877097cc40cd8148094a7398357.jpg,https://www.revendadecalcados.com.br/fma600/8ea7b9b32d637cdb944cce7623151ac2.jpg,https://www.revendadecalcados.com.br/fma600/a9f1db1a0a04a017244d1ee1a54de400.jpg,https://www.revendadecalcados.com.br/fma600/14dcc61da382051b12a350bd316f3a1f.jpg,https://www.revendadecalcados.com.br/fma600/09e77a047087c6e4122a8fc656566c39.jpg,https://www.revendadecalcados.com.br/fma600/885de4263da10d76286776c516581e9b.jpg,https://www.revendadecalcados.com.br/fma600/bc443796cea95b334fa9fb3b0ca21edf.jpg,https://www.revendadecalcados.com.br/fma600/9277307414ea8ecf69e24ea6ceb52e61.jpg,https://www.revendadecalcados.com.br/fma600/3ac30eb2d2043d5bd2a8ea4b2aafa767.jpg,https://www.revendadecalcados.com.br/fma600/2c5c6ec9dc990caef11fc05155aa0e5d.jpg,https://www.revendadecalcados.com.br/fma600/ea33d0e8f00cde7e2b3d0acea30489a7.jpg,https://www.revendadecalcados.com.br/fma600/a4f5ce72e2dc42b2aa67b14630b45401.jpg,https://www.revendadecalcados.com.br/fma600/4826bd4a74935c3762e14ae304dffc39.jpg,https://www.revendadecalcados.com.br/fma600/7976075ad94f6d6cb6c9f6166e2459dc.jpg,https://www.revendadecalcados.com.br/fma600/522ab25b09d3dc41d3eb260f48028c3f.jpg,https://www.revendadecalcados.com.br/fma600/3583e1aab483f106cfd4167a9cb20ad2.jpg,https://www.revendadecalcados.com.br/fma600/b3e79cbd3c6d06271a7a31742a163214.jpg,https://www.revendadecalcados.com.br/fma600/5f5b496e2485fc9bddeb7a7eff4897d5.jpg,https://www.revendadecalcados.com.br/fma600/a073ca485484a4b9f4934ec69dd6b059.jpg,https://www.revendadecalcados.com.br/fma600/ba07b77a94965d9a9deb14a888041804.jpg;Preto;67083
65054B;Sapato Scarpin;Sapato Scarpin;34,0|35,1|36,3|37,2|38,3|39,1;94.90;104.39;0;Torricella;Material: Verniz Rose<br />Palmilha: 8 mm de Espessura, Espuma em EVA, Revestida em Verniz Rose e Taloneira Napa Bege<br />Enfeite: Pirâmide Rose<br />Salto: 9 cm de Altura Revestido em Verniz Rose<br />Solado de TR coletado na cor Bege.;28 x 20 x 9.5;600;08/10/2021;0;https://www.revendadecalcados.com.br/produto-7200.html;https://www.revendadecalcados.com.br/fma600/d38d482a00cbbd3fef0e5df51b0623ae.jpg,https://www.revendadecalcados.com.br/fma600/0b8adcb83e3a2142b04221958d9507ac.jpg,https://www.revendadecalcados.com.br/fma600/375f51f1e1848a9374d4a5f0d7a3e325.jpg,https://www.revendadecalcados.com.br/fma600/72e2b64a34fc6e040e4453aca7470298.jpg,https://www.revendadecalcados.com.br/fma600/27e6e75fb4dba58567a016875ca26117.jpg,https://www.revendadecalcados.com.br/fma600/60ff29d0ca67c1fc3ebe8994943a2a25.jpg,https://www.revendadecalcados.com.br/fma600/e621f7d3444be829c5816107e226bdf4.jpg,https://www.revendadecalcados.com.br/fma600/84519b9e5963928aa35122c3d0323c13.jpg,https://www.revendadecalcados.com.br/fma600/ee937684922c43458a4de28aa7c441d0.jpg;Rose;65054
778B;Sandália Ankle Boot Feminina;Sandálias;34,2|35,3|36,8|37,1|38,1|39,0;89.90;98.89;0;Torricella;Material: Napa Caramelo<br />Enfeite: Apliques de Bolinhas em ABS na cor Dourado e Fivela de Ajuste na Cor Dourado<br />Palmilha: 8 mm de Espessura, Espuma em EVA, Revestida em Napa Caramelo e Taloneira Napa Bege<br />Salto: Grosso com 7 cm de Altura Revestido em Napa Caramelo<br />Solado de PVC com antiderrapante na cor Bege.;28 x 20 x 9.5;600;02/09/2025;0;https://www.revendadecalcados.com.br/produto-8853.html;https://www.revendadecalcados.com.br/fma600/801e8243de23aa9b890a1cb1b33a2e80.jpg,https://www.revendadecalcados.com.br/fma600/d2bd48b31ee2b24be513c55a63e5d3ad.jpg,https://www.revendadecalcados.com.br/fma600/6ad79a95a69740f236ccc2f8c45bad20.jpg,https://www.revendadecalcados.com.br/fma600/1d726e02e7e8a671fe14f926b80ffe62.jpg,https://www.revendadecalcados.com.br/fma600/17b1304722b7601604271c57b609b99f.jpg,https://www.revendadecalcados.com.br/fma600/f15b62e1997a5fa91d8dc4091b12d922.jpg;Caramelo;778
778A;Sandália Ankle Boot Feminina;Sandálias;34,2|35,5|36,7|37,2|38,1|39,0;89.90;98.89;0;Torricella;Material: Napa Preto<br />Enfeite: Apliques de Bolinhas em ABS na cor Dourado e Fivela de Ajuste na Cor Dourado<br />Palmilha: 8 mm de Espessura, Espuma em EVA, Revestida em Napa Preto e Taloneira Napa Preto<br />Salto: Grosso com 7 cm de Altura Revestido em Napa Preto<br />Solado de PVC com antiderrapante na cor Preto.;28 x 20 x 9.5;600;02/09/2025;0;https://www.revendadecalcados.com.br/produto-8852.html;https://www.revendadecalcados.com.br/fma600/be948de53017dc485bbcf25c96e90cdb.jpg,https://www.revendadecalcados.com.br/fma600/a1a89e0b50feca46d2dc932e745197b7.jpg,https://www.revendadecalcados.com.br/fma600/81e37a19ffbed3d40350b1f3ab337b1d.jpg,https://www.revendadecalcados.com.br/fma600/66e4d4baeccfcf121c73706f9b08e338.jpg,https://www.revendadecalcados.com.br/fma600/daf6ab06facb6653d52d8511a8f24504.jpg,https://www.revendadecalcados.com.br/fma600/a2c65ccfeddd8cd6bd2cc3cf7a7717c5.jpg;Preto;778
776A;Sandália Ankle Boot Feminina;Sandálias;34,3|35,3|36,3|37,4|38,3|39,0;89.90;98.89;0;Torricella;Material: Napa Preto<br />Enfeite: Apliques de Bolinhas em ABS na cor Dourado e Fivela de Ajuste na Cor Dourado<br />Palmilha: 8 mm de Espessura, Espuma em EVA, Revestida em Napa Preto e Taloneira Napa Preto<br />Salto: Grosso com 7 cm de Altura Revestido em Napa Preto<br />Solado de PVC com antiderrapante na cor Preto.;28 x 20 x 9.5;600;26/08/2025;0;https://www.revendadecalcados.com.br/produto-8840.html;https://www.revendadecalcados.com.br/fma600/f38d3cf7afd7a3f3bd4da0a60222eb08.jpg,https://www.revendadecalcados.com.br/fma600/d72ea13135f9b4020fe65300ca594715.jpg,https://www.revendadecalcados.com.br/fma600/e3051f95215d39bfd32c62feac07d6f6.jpg,https://www.revendadecalcados.com.br/fma600/8b4e69130ea559efb79169bdb15805d9.jpg,https://www.revendadecalcados.com.br/fma600/5278020b03f4f1efa7a0725a9e5cbac4.jpg,https://www.revendadecalcados.com.br/fma600/4b3ee03558712818d340940ceb52987f.jpg;Preto;776
65-15A;Bota Bico Fino Feminina;Botas;34,3|35,0|36,3|37,2|38,7|39,3;89.90;98.89;0;Torricella;Material: Napa Preto / Nobuck Preto<br />Enfeites: Zíper na Cor Preto e Tiras em Laço na cor Nobuck Preto / Verniz Preto<br />Palmilha: 8 mm de Espessura, Espuma em EVA, e Taloneira Napa Preto<br />Forro: Cacharrel, material espumado para maior conforto, na cor Preto<br />Salto: 9 cm de Altura e Revestido em Napa na cor Preto<br />Solado de TR na cor Preto.;29 x 22 x 10;700;02/05/2025;0;https://www.revendadecalcados.com.br/produto-8780.html;https://www.revendadecalcados.com.br/fma600/dc7beb0e8c736658e8e61401f3dbaef3.jpg,https://www.revendadecalcados.com.br/fma600/16466bca34ba22e3776f2423fca789cd.jpg,https://www.revendadecalcados.com.br/fma600/6336f2593b3eb22dbf8b16c4a8879fd9.jpg,https://www.revendadecalcados.com.br/fma600/e16cf79b2d881cc0d96da7160fcc5bdd.jpg,https://www.revendadecalcados.com.br/fma600/b3a1b428e48f6f483ab5c2805a160f05.jpg,https://www.revendadecalcados.com.br/fma600/50e7a37cf35e84a4e677d53eb66f65d4.jpg,https://www.revendadecalcados.com.br/fma600/af5d150e87e318ddc42a4ce0b976e29e.png,https://www.revendadecalcados.com.br/fma600/414933dadea778b0f9dbb7456d8a0078.png,https://www.revendadecalcados.com.br/fma600/e16f45d2ccd5acdba59391a20382b8fa.png;Preto;65-15
65-04F;Bota Cano Curto;Botas;34,2|35,10|36,10|37,10|38,2|39,0;89.90;98.89;0;Torricella;Material: Verniz Onça<br />Enfeites: Zíper na cor Preto (lateral interna)<br />Palmilha: 8 mm de Espessura, Espuma em EVA, e Taloneira Napa Preto<br />Forro: Cacharrel, material espumado para maior conforto na cor Preto<br />Salto: 9 cm de Altura encapado em Verniz Onça<br />Solado de PVC na cor Preto.;28 x 20 x 9.5;600;25/03/2025;0;https://www.revendadecalcados.com.br/produto-8738.html;https://www.revendadecalcados.com.br/fma600/bf7635b23deb4f5ffabcffe19042d2a6.jpg,https://www.revendadecalcados.com.br/fma600/84b355c87d5dc1768a1a133a15e4d305.jpg,https://www.revendadecalcados.com.br/fma600/6f3885d6351a817eed3b1632b2b532b0.jpg,https://www.revendadecalcados.com.br/fma600/3d65ccbf31db0fa1c809bb7d6b605194.jpg,https://www.revendadecalcados.com.br/fma600/8c109077ac68d36789921552efdc5427.jpg,https://www.revendadecalcados.com.br/fma600/791b7e675966e530d997a99198d4c734.jpg,https://www.revendadecalcados.com.br/fma600/1cf2fbf23a4f34a1750367439da094ac.jpg,https://www.revendadecalcados.com.br/fma600/003cae9381cefdba5b01ca757169ff75.jpeg,https://www.revendadecalcados.com.br/fma600/eb23bc152e03cbe7ce2290afd3e2b820.png,https://www.revendadecalcados.com.br/fma600/e5fe568199f1d6d9fbc32b7faa910d6e.jpeg,https://www.revendadecalcados.com.br/fma600/40a9f168a00ae02d0fda2dd9a308a8b8.jpeg,https://www.revendadecalcados.com.br/fma600/8d0b99bc024447d1192a6052b83bcb86.jpeg,https://www.revendadecalcados.com.br/fma600/10483e191d4a6d203f7797fe022066ef.jpeg,https://www.revendadecalcados.com.br/fma600/0add546f34839d731506b5593157ea10.png,https://www.revendadecalcados.com.br/fma600/ab575ee32221506cb37ef257d28cdac6.png,https://www.revendadecalcados.com.br/fma600/026d7c8b63013f3d31661d43de292a40.png,https://www.revendadecalcados.com.br/fma600/90b5ab4a71f57cf35d84f3cf9a1f7521.png,https://www.revendadecalcados.com.br/fma600/a2834150a11644c534222bab4e419e96.png;OnÃ§a;65-04
301.26B;Sandália Feminina;Sandálias;34,0|35,4|36,4|37,3|38,4|39,1;89.90;98.89;0;Torricella;Material: Napa Caramelo<br />Palmilha: 8 mm de Espessura, Espuma em EVA, Revestida em Napa Caramelo e Taloneira Napa Bege<br />Enfeite: Fivela de Ajuste na Cor Dourado e enfeite em ABS na cor Dourado<br />Salto: 9,5 cm de Altura Revestido em Napa Caramelo<br />Solado de TR na cor Bege.;28.5 x 23.5 x 9.5;800;17/10/2023;0;https://www.revendadecalcados.com.br/produto-8344.html;https://www.revendadecalcados.com.br/fma600/f1068ffb772e47092abe627bead0237f.jpg,https://www.revendadecalcados.com.br/fma600/036e8afa73de3a989b5f9d6f0f66df73.jpg,https://www.revendadecalcados.com.br/fma600/e4b0f5b6f7de95deeb702a4c388f5c32.jpg,https://www.revendadecalcados.com.br/fma600/9f7cc2267fa88b1e7d49c66d579f7dc3.jpg,https://www.revendadecalcados.com.br/fma600/3c665cb7b5ccc3e3790119c72e170a63.jpg,https://www.revendadecalcados.com.br/fma600/295ef0a6dfb573c50d7ec04456fea621.jpg;Caramelo;301.26
204B;Sandália Tamanco Feminino;Sandálias;34,3|35,4|36,10|37,10|38,2|39,0;79.90;87.89;0;Torricella;Material: Napa Ouro Ligth / Napa Lezard Ouro Ligth<br />Enfeite: Flor em Napa Ouro Ligth<br />Palmilha: 8 mm de Espessura, Espuma em EVA, Revestida em Napa Lezard Ouro Ligth e Taloneira Napa Bege<br />Salto: Grosso com 9 cm de Altura Revestido em Napa Lezard Ouro Ligth<br />Solado de TR com antiderrapante na cor Bege.;28 x 20 x 9.5;600;29/10/2024;0;https://www.revendadecalcados.com.br/produto-8704.html;https://www.revendadecalcados.com.br/fma600/d195188d9a754d711ecb63c9fa4daae3.jpg,https://www.revendadecalcados.com.br/fma600/a5c020f80945b220c11816ddc1652c93.jpg,https://www.revendadecalcados.com.br/fma600/e2e26131e555ebcb6b448a3300077ab0.jpg,https://www.revendadecalcados.com.br/fma600/25636cd66f12b4902d3a454d705b3860.jpg,https://www.revendadecalcados.com.br/fma600/78291bdcc4f43b45334084d13f670be4.jpg,https://www.revendadecalcados.com.br/fma600/6a77ed1a9eef7db3b71c77d52136db05.jpg,https://www.revendadecalcados.com.br/fma600/4e0e2dcc2a52516c2e16eab10dadd813.jpg,https://www.revendadecalcados.com.br/fma600/57e9d826a6d8fb7b3c6f2d2fe7923e52.jpg,https://www.revendadecalcados.com.br/fma600/ded2e5be05ad91a42789684029484e4f.jpg,https://www.revendadecalcados.com.br/fma600/2337b714b669df9b565755fada5cf729.jpg,https://www.revendadecalcados.com.br/fma600/6aae2e7573528892312b822a21524ab8.jpg,https://www.revendadecalcados.com.br/fma600/d7559994ecb6ed0b15c08a169787b407.jpg,https://www.revendadecalcados.com.br/fma600/5f7085699657949a49ec2c633f06f8ab.jpg,https://www.revendadecalcados.com.br/fma600/4f5f16b51314185cf03fefcd45f06d47.jpg,https://www.revendadecalcados.com.br/fma600/0bdbb01f3d3c75725791d23a0a91cbb7.jpg,https://www.revendadecalcados.com.br/fma600/5e00aaef6557dc1a3c329464a41c83ea.jpg,https://www.revendadecalcados.com.br/fma600/2b42f3fd0d94be9b8a63fecd2a13ffa1.jpg,https://www.revendadecalcados.com.br/fma600/89a51d9b8fc6e8a8b97eea96e741455a.jpg,https://www.revendadecalcados.com.br/fma600/c03e84a258f17af6f3b64b3e94a4f5ce.jpg,https://www.revendadecalcados.com.br/fma600/3b52805fc6c8f9dfa9b58faf3e4e67b1.jpg,https://www.revendadecalcados.com.br/fma600/678450211a6d8ea585a48a3b2e5c8e2c.jpg,https://www.revendadecalcados.com.br/fma600/f5d3326ba3a3b6e5fdfd6abd2b9c0032.jpg;Dourado;204
322C;Sandália Feminina;Sandálias;34,1|35,4|36,4|37,4|38,1|39,0;79.90;87.89;0;Torricella;Material: Napa Metalizado Dourado<br />Enfeite: Fivela de Ajuste na cor Dourado<br />Palmilha: 8 mm de Espessura, Espuma em EVA, Revestida em Napa Metalizado Dourado e Taloneira Napa Bege<br />Salto: Grosso com 9 cm de Altura Revestido em Napa Metalizado Dourado<br />Solado de TR com antiderrapante na cor Bege.;28 x 20 x 9.5;600;11/08/2023;0;https://www.revendadecalcados.com.br/produto-8157.html;https://www.revendadecalcados.com.br/fma600/ac30d4c7ea7e6fa545a3b6367ff5ca92.jpg,https://www.revendadecalcados.com.br/fma600/56f0b0cb951e37385c8646d4bf434479.jpg,https://www.revendadecalcados.com.br/fma600/222c3aef4454662e47fd6b1e6a5b258e.jpg,https://www.revendadecalcados.com.br/fma600/b73c7566c32d0cfaf6bf97c372607454.jpg,https://www.revendadecalcados.com.br/fma600/9234ecf9c48afe9d737bf8598104a606.jpg,https://www.revendadecalcados.com.br/fma600/a6c5ccc2b5f2890dab9fcf9380361c4f.jpg,https://www.revendadecalcados.com.br/fma600/a3b9112439a41751368a8dc77bff01fc.jpg,https://www.revendadecalcados.com.br/fma600/b3438c4bc4e9797e5b1f02f5919b8945.jpg;Dourado;322
600.16A;Sapato Scarpin;Sapato Scarpin;34,6|35,4|36,7|37,9|38,6|39,0;69.90;76.89;0;Torricella;Material: Verniz Preto<br />Enfeite: Fivela de ajuste e Aplique na cor Dourado<br />Forro: Napa na cor Preto<br />Palmilha: 8 mm de Espessura, Espuma em EVA, Revestida em Verniz Preto e Taloneira Napa Preto<br />Salto: Fino com 6 cm de Altura Pintado na Cor Preto<br />Solado de PVC com antiderrapante na cor Preto.;28 x 20 x 9.5;600;04/09/2025;0;https://www.revendadecalcados.com.br/produto-8863.html;https://www.revendadecalcados.com.br/fma600/c807c4a0c471161ba27f8b44d065e118.jpg,https://www.revendadecalcados.com.br/fma600/fe2a9ed2cbbb6444f0b35a5e4992a7d0.jpg,https://www.revendadecalcados.com.br/fma600/f0fe218faebafc27683f82e302b6be62.jpg,https://www.revendadecalcados.com.br/fma600/5f3dba05240e3078903881dfcf98e580.jpg,https://www.revendadecalcados.com.br/fma600/408ac71ab20514723e760695bf8cc466.jpg,https://www.revendadecalcados.com.br/fma600/ba0efe544a810eca56f300843f121d16.jpg,https://www.revendadecalcados.com.br/fma600/47ced88cddc69d7638c9c798b1762b20.jpg,https://www.revendadecalcados.com.br/fma600/227b59d6f05920e8755b78e45694da0d.jpg,https://www.revendadecalcados.com.br/fma600/2c48a4a56752d9150279ce56df4d6190.jpg,https://www.revendadecalcados.com.br/fma600/88bf14ef42826555db8a439f7fd924f7.png,https://www.revendadecalcados.com.br/fma600/da7285e7cc445827b2661c6ec9dbcd05.png,https://www.revendadecalcados.com.br/fma600/04c76932aa3e037a8c729f35ae39234b.png;Preto;600.16
45097B;Sandália Feminina;Sandálias;34,2|35,8|36,6|37,2|38,0|39,4;69.90;76.89;0;Torricella;Material: Napa Bege e Trança Multicolorida<br />Enfeite: Fivela de Ajuste na cor Dourado<br />Palmilha: 8 mm de Espessura, Espuma em EVA, Revestida em Napa Bege e Taloneira Napa Bege<br />Salto: Grosso com 7 cm de Altura Revestido em Napa Bege<br />Solado de PVC com antiderrapante na cor Bege.;28 x 20 x 9.5;600;04/09/2025;0;https://www.revendadecalcados.com.br/produto-8850.html;https://www.revendadecalcados.com.br/fma600/cc32abebef273138361a5c5db2917c9f.jpg,https://www.revendadecalcados.com.br/fma600/8e74bc690423596e4a8dfe0dde3bc018.jpg,https://www.revendadecalcados.com.br/fma600/180e3d5f30f713e399a81e3b252d414b.jpg,https://www.revendadecalcados.com.br/fma600/5c99b649b5507eef8bade11a7877cf5d.jpg,https://www.revendadecalcados.com.br/fma600/b7efc8dbefe10617fbdc8f2408d87a3f.jpg,https://www.revendadecalcados.com.br/fma600/c7a96bf70d30cf35e25b23816e93e733.jpg;Bege;45097
600.19A;Sapato Scarpin;Sapato Scarpin;34,1|35,3|36,8|37,4|38,1|39,0;69.90;76.89;0;Torricella;Material: Napa Caramelo e Napa Off White<br />Enfeite: Fivela de ajuste na cor Dourado e Laço em Verniz Preto<br />Forro: Sintético na cor Bege<br />Palmilha: 8 mm de Espessura, Espuma em EVA, Revestida em Napa Off White e Taloneira Napa Bege<br />Salto: Fino com 6 cm de Altura Pintado na Cor Off White<br />Solado de PVC com antiderrapante na cor Bege.;28 x 20 x 9.5;600;28/08/2025;0;https://www.revendadecalcados.com.br/produto-8845.html;https://www.revendadecalcados.com.br/fma600/a60aab51102041e7913579eb3557d258.jpg,https://www.revendadecalcados.com.br/fma600/cc1921afc1619a99a41585013a900f2b.jpg,https://www.revendadecalcados.com.br/fma600/62e318e1a42613ae3391566a5d6453fe.jpg,https://www.revendadecalcados.com.br/fma600/b6f16006226f30f5d36215bfe926bbc4.jpg,https://www.revendadecalcados.com.br/fma600/508611d3b3aa835bbfcf8a50c245b2cd.jpg,https://www.revendadecalcados.com.br/fma600/ec056317206a32d16bd635568ca84d75.jpg,https://www.revendadecalcados.com.br/fma600/ac683a27abe00f79e7fedf58dc3ef2e7.jpg,https://www.revendadecalcados.com.br/fma600/081f75fe106a625fea27107d5cce4c9a.jpg,https://www.revendadecalcados.com.br/fma600/4356338249f0a238331b18275cff52be.jpg;Off White;600.19
2056C;Sandália Feminina;Sandálias;34,0|35,3|36,4|37,6|38,5|39,4;69.90;76.89;0;Torricella;Material: Napa Bege e Napa Caramelo<br />Palmilha: 8 mm de Espessura, Espuma em EVA, Revestida em Napa Caramelo e Taloneira Napa Bege<br />Enfeite: Laço com Apliques em metal na cor Dourado e Fivela de Ajuste na cor Dourado<br />Salto: Fino com 9 cm de Altura Pintado na cor Caramelo<br />Solado de PVC com antiderrapante na cor Bege.;28 x 20 x 9.5;600;25/08/2025;0;https://www.revendadecalcados.com.br/produto-8832.html;https://www.revendadecalcados.com.br/fma600/f561cd7fe6772a3c59ca96ce33bb8cae.jpg,https://www.revendadecalcados.com.br/fma600/0374f410a01956b9473595a5fc10c11d.jpg,https://www.revendadecalcados.com.br/fma600/3d72a0dd6ab3e2bac7c595e08005763e.jpg,https://www.revendadecalcados.com.br/fma600/fcd1057483840385907c2da09a1bdaf2.jpg,https://www.revendadecalcados.com.br/fma600/fb1254bd4b5722fd48a8de0ed24e195d.jpg,https://www.revendadecalcados.com.br/fma600/d60a2f5f469e6406a35ca0cb3e0a6b37.jpg;Multicolorido;2056
600.06A;Sapato Scarpin;Sapato Scarpin;34,3|35,2|36,0|37,9|38,6|39,2;69.90;76.89;0;Torricella;Material: Napa Preto<br />Enfeite: Peça em ABS para ajuste<br />Palmilha: 8 mm de Espessura, Espuma em EVA, Revestida em Napa Preto e Taloneira Napa Preto<br />Forro: Napa Preto<br />Salto: 6 cm de Altura encapado em Napa Preto<br />Solado de PVC antiderrapante na cor Preto.;28 x 20 x 9.5;600;02/04/2025;0;https://www.revendadecalcados.com.br/produto-8756.html;https://www.revendadecalcados.com.br/fma600/faaa8226705fb9084fc7ba5db7d851ff.jpg,https://www.revendadecalcados.com.br/fma600/46e1c23e9c67b05c92b56310b7f7f350.jpg,https://www.revendadecalcados.com.br/fma600/ba9b1aa39d5cce1c31c9f857ee4fe953.jpg,https://www.revendadecalcados.com.br/fma600/290e01dcca31faca7c45649877eb4e51.jpg,https://www.revendadecalcados.com.br/fma600/d07626fd5cea16d8ee547f66f8d05b78.jpg,https://www.revendadecalcados.com.br/fma600/7c24eff36a9d9c756f693dc341707e32.jpg;Preto;600.06
67075A;Sapato Scarpin;Sapato Scarpin;34,1|35,1|36,6|37,1|38,2|39,0;69.90;76.89;1;Torricella;Material: Nobuck Preto / Napa Glitter na cor Prata<br />Enfeite: Fivela de Ajuste na Cor Prata<br />Palmilha: 8 mm de Espessura, Espuma em EVA, Revestida em Nobuck Preto e Taloneira Napa Preto<br />Salto: Grosso com 8,5 cm de Altura Revestido em Nobuck Preto<br />Solado de PVC com antiderrapante na cor Preto.;28 x 20 x 9.5;600;04/10/2024;0;https://www.revendadecalcados.com.br/produto-8628.html;https://www.revendadecalcados.com.br/fma600/2076e0199cf2385ad0529e1220d78d14.jpg,https://www.revendadecalcados.com.br/fma600/f0c974c6584955657e7d2f1e227218ce.jpg,https://www.revendadecalcados.com.br/fma600/8bf94eb788d1421e6038049b41bf7de9.jpg,https://www.revendadecalcados.com.br/fma600/cb44f212c11ede30370e454acde52da3.jpg,https://www.revendadecalcados.com.br/fma600/5e81beb454a17d98e780980c13aa1914.jpg,https://www.revendadecalcados.com.br/fma600/38e12119f695680c177f878e612ada46.jpg,https://www.revendadecalcados.com.br/fma600/6fa53bfbdf8f136a42acf6ce48fc5a3f.jpg,https://www.revendadecalcados.com.br/fma600/a1c76bf1873c3acd9b7a7680eab2b283.jpg,https://www.revendadecalcados.com.br/fma600/4af0d61db03113a059abe43efd79cbeb.jpg,https://www.revendadecalcados.com.br/fma600/35a9fa2722a7d3b8885758924d3e7435.jpg;Preto;67075
FST025K;Sandália Feminina;Sandálias;34,3|35,3|36,4|37,6|38,4|39,0;64.90;71.39;0;Torricella;Material: Napa Caramelo<br />Enfeite: Tira Laço Nó em Napa Caramelo e Laço em Napa Caramelo<br />Palmilha: 8 mm de Espessura, Espuma em EVA, Revestida em Napa Caramelo e Taloneira Napa Bege<br />Salto: 8,5 cm de Altura e Revestido em Napa Caramelo<br />Solado de PVC com antiderrapante na cor Bege.;28 x 20 x 9.5;600;03/11/2022;0;https://www.revendadecalcados.com.br/produto-7869.html;https://www.revendadecalcados.com.br/fma600/9b25bc327aed9774baa96962198b8c12.jpg,https://www.revendadecalcados.com.br/fma600/2fb79ace3c5209a5bc3f47f63ae67bcd.jpg,https://www.revendadecalcados.com.br/fma600/4a5f4855a56542817ae46ccb28bb8323.jpg,https://www.revendadecalcados.com.br/fma600/daacede0638c71a954db37f2fc8c2fa2.jpg,https://www.revendadecalcados.com.br/fma600/24fd3d139cce4b9bac57d8d65b4c808e.jpg,https://www.revendadecalcados.com.br/fma600/109f33f6a2ec6e299f8c1a68b9345f1c.jpg,https://www.revendadecalcados.com.br/fma600/05094aa8fff3eb349efcb24df478b03d.jpg,https://www.revendadecalcados.com.br/fma600/3671c14d77a436e234ddf91bbdbc5f9b.jpg;Caramelo;FST025
FST033C;Sandália Feminina;Sandálias;34,0|35,9|36,5|37,2|38,3|39,2;64.90;71.39;0;Torricella;Material: Napa Branco<br />Enfeite: Tiras trançadas em Napa Branco e fivela de metal na cor dourado<br />Palmilha: 8 mm de Espessura, Espuma em EVA, Revestida em Napa Branco e Taloneira Napa Bege<br />Salto: 8,5 cm de Altura e Revestido em Napa Branco<br />Solado de PVC com antiderrapante na cor Bege.;28 x 20 x 9.5;600;03/12/2021;0;https://www.revendadecalcados.com.br/produto-7408.html;https://www.revendadecalcados.com.br/fma600/33494890cc12213fb7527c0bf09ddebf.jpg,https://www.revendadecalcados.com.br/fma600/ff2c61cd6e9e136a07bcdcb5ced512af.jpg,https://www.revendadecalcados.com.br/fma600/32efc2dc3b39515906d977d810b45ca4.jpg,https://www.revendadecalcados.com.br/fma600/bede7e786e8fad5f08ede183ad75f8e0.jpg,https://www.revendadecalcados.com.br/fma600/18e5ef31f8afcb6af034098f11c0b96b.jpg,https://www.revendadecalcados.com.br/fma600/649a5b1f947df137d2f5ffe7e92f586c.jpg,https://www.revendadecalcados.com.br/fma600/885c70d9c4f311acca9e96de22c533d7.jpg,https://www.revendadecalcados.com.br/fma600/24af0355f9d933a56416f39457982b13.jpg,https://www.revendadecalcados.com.br/fma600/0c2a8c087973e7f1150e9b6fdf8553a3.jpg,https://www.revendadecalcados.com.br/fma600/5f7fc6a0d2983b3e3c6d355bcc685098.jpg;Branco;FST033
457.004.104A;Sandália Feminina;Sandálias;34,0|35,4|36,4|37,4|38,6|39,1;59.90;65.89;0;Torricella;Material: Napa Branco<br />Enfeite: Peça em ABS para ajuste<br />Palmilha: 8 mm de Espessura, Espuma em EVA, Revestida em Napa Branco e Taloneira Napa Bege<br />Salto: Grosso com 5,5 cm de Altura Revestido em Napa Branco<br />Solado de TR com antiderrapante na cor Bege.;28 x 20 x 9.5;600;18/08/2022;0;https://www.revendadecalcados.com.br/produto-7767.html;https://www.revendadecalcados.com.br/fma600/150af0af967aa94e5397817275a53779.jpg,https://www.revendadecalcados.com.br/fma600/44a173e3badb90dbeab7c131eb808961.jpg,https://www.revendadecalcados.com.br/fma600/7cf3fe4b01941d3016177b65662c8bda.jpg,https://www.revendadecalcados.com.br/fma600/ff22629cda27bb610183aa048e9621c3.jpg,https://www.revendadecalcados.com.br/fma600/f0c504b56bade6c50ecc70d119772987.jpg,https://www.revendadecalcados.com.br/fma600/ec1bd18e5b531ddfc52efd43b19b7675.jpg,https://www.revendadecalcados.com.br/fma600/47058e8347c13510eec61c57a5622372.jpg,https://www.revendadecalcados.com.br/fma600/94cca031f36177cbbacccc6869d4ec35.jpg,https://www.revendadecalcados.com.br/fma600/da2149b48390dcff12c524d9de3b7daf.jpg;Branco;457.004.104
80000B;Sapato Scarpin Salto 12;Sapato Scarpin;34,1|35,4|36,3|37,4|38,0|39,0;114.90;126.39;0;Torricella;Material: Verniz Bege<br />Palmilha: 8 mm de Espessura, Espuma em EVA, Revestida em Verniz Bege e Taloneira Napa Bege<br />Forro: Napa Sintético, na cor Bege<br />Salto: 12 cm de Altura e Revestido em Verniz Bege<br />Solado em Micro na cor Bege.;28 x 20 x 9.5;600;04/04/2024;0;https://www.revendadecalcados.com.br/produto-8508.html;https://www.revendadecalcados.com.br/fma600/4bbfcdbe63a14439f62ecf9a46c74ec9.jpg,https://www.revendadecalcados.com.br/fma600/908130a22fe09d3de05a01eb670833eb.jpg,https://www.revendadecalcados.com.br/fma600/a18d0e9a70bd85e4778daccf7ac381c8.jpg,https://www.revendadecalcados.com.br/fma600/95cf31df71908b4c9ccf203e572f14c9.jpg,https://www.revendadecalcados.com.br/fma600/ed930b4864231f6196e693ef132f602c.jpg,https://www.revendadecalcados.com.br/fma600/493b0bf97e73c1e9dc43972a3d4febb3.jpg,https://www.revendadecalcados.com.br/fma600/b080a63c53c0934569c54ea6592007ed.jpg,https://www.revendadecalcados.com.br/fma600/aa5158ff14ba921ed2674522230249c6.jpg,https://www.revendadecalcados.com.br/fma600/d63824a50b1ad17b20e23f9211a2c3c1.jpg,https://www.revendadecalcados.com.br/fma600/bf178052c4b938eabeccd208e2833a2c.jpg,https://www.revendadecalcados.com.br/fma600/69f760d03fe02a539a77c7ce788ed501.jpg,https://www.revendadecalcados.com.br/fma600/c19407127726b7ba5d86ca6fa8305d3a.jpg,https://www.revendadecalcados.com.br/fma600/75507853137be87a262e84a1c3387c18.jpg;Bege;80000
1002A;Sandália Meia Pata Feminina;Meia Pata;34,2|35,1|36,3|37,4|38,0|39,0;99.90;109.89;1;Torricella;Material: Napa Preto e Verniz Metalizado Specchio Ouro Light<br />Enfeites: Fivela de Ajuste na cor Dourado<br />Palmilha: 8 mm de Espessura, Espuma em EVA, Revestida em Verniz Metalizado Specchio Ouro Light e Taloneira Napa Preto<br />Meia Pata: Revestida em Napa Preto com 3,5 cm de altura<br />Salto: Bloco com 11 cm de Altura Revestido em Napa Preto<br />Solado de TR com antiderrapante na cor Preto.;28.5 x 23.5 x 9.5;800;25/08/2025;0;https://www.revendadecalcados.com.br/produto-8833.html;https://www.revendadecalcados.com.br/fma600/484f6c170b5a0150584fa85ea405f069.jpg,https://www.revendadecalcados.com.br/fma600/20c23b797f21e34cfa0dd561752bce8a.jpg,https://www.revendadecalcados.com.br/fma600/159176312bb05cf87f4151add11735de.jpg,https://www.revendadecalcados.com.br/fma600/62558fbcdccee2a0603a95f6e2b30bde.jpg,https://www.revendadecalcados.com.br/fma600/526478ab54b1af19788f1fa9873e09d6.jpg,https://www.revendadecalcados.com.br/fma600/0f74701ab4ffccf92e2394284fcdb3ce.jpg;Preto;1002
1000B;Sandália Meia Pata Feminina;Meia Pata;34,0|35,0|36,2|37,6|38,4|39,2;99.90;109.89;1;Torricella;Material: Napa Caramelo<br />Enfeites: Fivela de Ajuste na cor Dourado<br />Palmilha: 8 mm de Espessura, Espuma em EVA, Revestida em Napa Caramelo e Taloneira Napa Bege<br />Meia Pata: Revestida em Napa Caramelo com 3,5 cm de altura<br />Salto: Bloco com 11 cm de Altura Revestido em Napa Caramelo<br />Solado de TR com antiderrapante na cor Bege.;28.5 x 23.5 x 9.5;800;20/08/2025;0;https://www.revendadecalcados.com.br/produto-8820.html;https://www.revendadecalcados.com.br/fma600/f8a53c507896569b561e30ce0505aeb0.jpg,https://www.revendadecalcados.com.br/fma600/9260b49db18b81e1373326e7b68829d0.jpg,https://www.revendadecalcados.com.br/fma600/5a5ab9ac9cf2f5f7cb68c2b8ebbe34b0.jpg,https://www.revendadecalcados.com.br/fma600/c2148c5e67049e359e5f72b01f9fb509.jpg,https://www.revendadecalcados.com.br/fma600/31692d981776a8b0be3a51253bda66f6.jpg,https://www.revendadecalcados.com.br/fma600/10135ea543534ef3b0613cb63f7e1811.jpg;Caramelo;1000
80008B;Sapato Scarpin Salto 12;Sapato Scarpin;34,1|35,3|36,7|37,10|38,0|39,0;99.90;109.89;1;Torricella;Material: Napa Caramelo<br />Enfeite: Fivela de Ajuste Encapada de Napa Caramelo<br />Palmilha: 8 mm de Espessura, Espuma em EVA, Revestida em Napa Caramelo e Taloneira Napa Bege<br />Salto: 12 cm de Altura Revestido em Napa Caramelo<br />Solado de Micro na cor Bege.;28 x 20 x 9.5;600;04/04/2024;0;https://www.revendadecalcados.com.br/produto-8525.html;https://www.revendadecalcados.com.br/fma600/ceefb944c7aa079806740f2417966960.jpg,https://www.revendadecalcados.com.br/fma600/8c74d1eec6bb956a4b89e357db0943b8.jpg,https://www.revendadecalcados.com.br/fma600/6094a27eeb5c0777b11b96a70de27df0.jpg,https://www.revendadecalcados.com.br/fma600/bde935ae4d405d054641c94e7bed953b.jpg,https://www.revendadecalcados.com.br/fma600/d8b37d75af008d122813a524443e054b.jpg,https://www.revendadecalcados.com.br/fma600/7bc7b486c8d306780ade60b03eb65082.jpg,https://www.revendadecalcados.com.br/fma600/63751b9871fd85e6419729374737e288.jpg,https://www.revendadecalcados.com.br/fma600/d120a43efba199c2612e0055e3740fcf.jpg,https://www.revendadecalcados.com.br/fma600/c90573aed2d41e1ac4f61a2228f95a86.jpg,https://www.revendadecalcados.com.br/fma600/ef92d7dfe1dccfd6cbe8d6edae07d84e.jpg,https://www.revendadecalcados.com.br/fma600/5d2212ac72e193fb5907af8828f7218a.jpg,https://www.revendadecalcados.com.br/fma600/fcac92bad06e8194bae75e3ac8143e46.jpg,https://www.revendadecalcados.com.br/fma600/74ed9e5ac7962de8d5c83ebf323b1cfe.jpg,https://www.revendadecalcados.com.br/fma600/927393f0286af5ce6d3251d060480195.jpg;Caramelo;80008
80016A;Sapato Scarpin Salto 12;Sapato Scarpin;34,6|35,9|36,4|37,4|38,0|39,0;99.90;109.89;1;Torricella;Material: Verniz Preto e Verniz Bege<br />Enfeite: Apliques de Pirâmide na cor Dourado<br />Palmilha: 8 mm de Espessura, Espuma em EVA, Revestida em Verniz Preto e Taloneira Napa Bege<br />Salto: 12 cm de Altura Revestido em Verniz Preto<br />Solado de Micro na cor Preto.;28 x 20 x 9.5;600;04/04/2024;0;https://www.revendadecalcados.com.br/produto-8523.html;https://www.revendadecalcados.com.br/fma600/0b48e000ec973d83d3c62566963458c5.jpg,https://www.revendadecalcados.com.br/fma600/00c9035a32d5ab203d475b872ca5347f.jpg,https://www.revendadecalcados.com.br/fma600/aafab72b95ea96b3c4409219f9ebbbc2.jpg,https://www.revendadecalcados.com.br/fma600/ef4cc044452fa6bcccac8627ee2d65a9.jpg,https://www.revendadecalcados.com.br/fma600/b0a95e912afebd67591329296ecf0826.jpg,https://www.revendadecalcados.com.br/fma600/77520c3406e44a6682af153ee4f0e3cd.jpg,https://www.revendadecalcados.com.br/fma600/5fca91e2f7f6e1e5701b943b94d30f5d.jpg,https://www.revendadecalcados.com.br/fma600/3f320cc75b610f9ec78624fc5afa4cfd.jpg,https://www.revendadecalcados.com.br/fma600/245372f4e96a94c6b8b89df4baaffb1c.jpg,https://www.revendadecalcados.com.br/fma600/3bf3fb17ec74411c4afb74ce3dd65cea.jpg,https://www.revendadecalcados.com.br/fma600/f10902fcdd5bc8a07c83100524a423ee.jpg,https://www.revendadecalcados.com.br/fma600/38ab7e9667cae912212fd1860f529e1e.jpg,https://www.revendadecalcados.com.br/fma600/03d70f48102e59dc18d45778a5f11a6b.jpg,https://www.revendadecalcados.com.br/fma600/49b48058c33bed0b4b98afad80fe186c.jpg;Preto;80016
683A;Sapato Scarpin;Sapato Scarpin;34,2|35,0|36,0|37,4|38,3|39,1;64.90;71.39;0;Torricella;Material: Napa Preto<br />Enfeite: Laço na cor Napa Preto e Fivela de Ajuste na Cor Dourado<br />Forro: Napa na cor Preto<br />Palmilha: 8 mm de Espessura, Espuma em EVA, Revestida em Napa Preto e Taloneira Napa Preto<br />Salto: Grosso com 6,5 cm de Altura Revestido em Napa Preto<br />Solado de PVC com antiderrapante na cor Preto.;28 x 20 x 9.5;600;21/10/2024;0;https://www.revendadecalcados.com.br/produto-8671.html;https://www.revendadecalcados.com.br/fma600/9a8a8852a7c0e6a5a90bd6c94994049a.jpg,https://www.revendadecalcados.com.br/fma600/576d8e0ee48016a525046328ba3a7832.jpg,https://www.revendadecalcados.com.br/fma600/76b12d57ac32502a2355a71965aabe6c.jpg,https://www.revendadecalcados.com.br/fma600/5763141a5fda5f4c754e015181ae1037.jpg,https://www.revendadecalcados.com.br/fma600/ea54a7bd473ce64d044c35ecdac915a2.jpg,https://www.revendadecalcados.com.br/fma600/cfd5a60674a4dd1e4fc4de3e74aab832.jpg;Preto;683
65-01B;Sapato Scarpin;Sapato Scarpin;34,2|35,2|36,0|37,3|38,1|39,0;64.90;71.39;0;Torricella;Material: Napa Off White<br />Palmilha: com 8 mm de Espessura, Espuma em EVA, e Taloneira Napa Bege<br />Forro: Cacharrel, material espumado para maior conforto, na cor Bege<br />Salto: 9 cm de Altura encapado em Napa Off White<br />Solado de PVC antiderrapante na cor Bege.;28 x 20 x 9.5;600;23/02/2024;0;https://www.revendadecalcados.com.br/produto-8473.html;https://www.revendadecalcados.com.br/fma600/81e78f42b34bea03c5840ad520141132.jpg,https://www.revendadecalcados.com.br/fma600/8851f64adc296e80b7057f25f6f37e9b.jpg,https://www.revendadecalcados.com.br/fma600/3d9a759821b5d9e4b93fdb645e1a87c2.jpg,https://www.revendadecalcados.com.br/fma600/2f58ceb1e1c3838cba4fd0451b1c9365.jpg,https://www.revendadecalcados.com.br/fma600/c520ec8972e89269133c9ed443cf2189.jpg,https://www.revendadecalcados.com.br/fma600/f78ee2f38f40813666e988470660a41c.jpg,https://www.revendadecalcados.com.br/fma600/68c0258639862969fb30071bd2106372.jpg,https://www.revendadecalcados.com.br/fma600/d344c189130a65918cf90ea6f1365a7e.jpg,https://www.revendadecalcados.com.br/fma600/fe2f60e9c6661ee4e0a55080ef636a8b.jpg,https://www.revendadecalcados.com.br/fma600/a95d9da681b60660b91bc16b65c286f7.jpg,https://www.revendadecalcados.com.br/fma600/71f7c4e2e63ce00bee04fff43935b400.jpg,https://www.revendadecalcados.com.br/fma600/f76f6634abd2adf6b6991286f7ecfc6d.jpg,https://www.revendadecalcados.com.br/fma600/708123b9048ac86a84900e0982b585e5.jpg,https://www.revendadecalcados.com.br/fma600/376e108ecee151cbe2fcff59f27ec9c5.jpg,https://www.revendadecalcados.com.br/fma600/3760a7346ca2ae585868892590fae445.jpg,https://www.revendadecalcados.com.br/fma600/9f3290bfd5c1f86e9caa10921086ec1a.jpg;Off White;65-01
688A;Sapato Scarpin;Sapato Scarpin;34,5|35,1|36,0|37,3|38,2|39,0;59.90;65.89;0;Torricella;Material: Verniz Preto<br />Enfeite: Laço na cor Verniz Preto<br />Forro: Cacharrel, material espumado para maior conforto, na cor Preto<br />Palmilha: 8 mm de Espessura, Espuma em EVA e Taloneira Napa Preto<br />Salto: Grosso com 6,5 cm de Altura Revestido em Verniz Preto<br />Solado de PVC com antiderrapante na cor Preto.;28 x 20 x 9.5;600;15/10/2024;0;https://www.revendadecalcados.com.br/produto-8675.html;https://www.revendadecalcados.com.br/fma600/39049ac42eb331fa4f0dd967f21da69d.jpg,https://www.revendadecalcados.com.br/fma600/c0a330116ebff1368c4662fe74979f94.jpg,https://www.revendadecalcados.com.br/fma600/25a4695be5bd73d04eb9d81a8a203d30.jpg,https://www.revendadecalcados.com.br/fma600/0697d9c11c62d391dcfddcbb61a4d25f.jpg,https://www.revendadecalcados.com.br/fma600/c2de5c3c171a0ca8c86b112e8384ffdb.jpg,https://www.revendadecalcados.com.br/fma600/92e59e1d7af3bfc313371c01c5dc350f.jpg;Preto;688
70.041B;Sapatilha Mocassim Feminino;Sapatilhas;34,3|35,1|36,3|37,0|38,2|39,0;54.90;60.39;0;Torricella;Material: Napa Caramelo<br />Enfeite: Bridão em ABS na cor Grafite<br />Palmilha: 4 mm de Espessura, Espuma em EVA, Revestida em Napa Caramelo e taloneira Napa Bege<br />Forro: Cacharrel, material espumado para maior conforto, na cor Caramelo<br />Solado em PVC Flexível com antiderrapante e na cor Bege.;30 x 16 x 9.5;400;18/06/2025;0;https://www.revendadecalcados.com.br/produto-8800.html;https://www.revendadecalcados.com.br/fma600/828d8741d8ab108689c3ed060adb0e6b.jpg,https://www.revendadecalcados.com.br/fma600/f3f17042406beb84bfc982415cdbf13c.jpg,https://www.revendadecalcados.com.br/fma600/b91ed9daa1e48a04e3bfc8ba5bf5abd2.jpg,https://www.revendadecalcados.com.br/fma600/5fb24816cc4c50d91531eee66a5927d2.jpg,https://www.revendadecalcados.com.br/fma600/90f6e705b7338a9bbf70fd990a073545.jpg,https://www.revendadecalcados.com.br/fma600/c6b98f63882dc90c83df8f3c7196c1e4.jpg,https://www.revendadecalcados.com.br/fma600/95a888d90c4f139b4b1dbfc12e8da44d.jpg;Caramelo;70.041
40.123D;Sapatilha Mocassim Bico Fino Alongado;Sapatilhas;34,3|35,4|36,0|37,1|38,0|39,1;54.90;60.39;0;Torricella;Material: Napa Vermelho<br />Enfeite: Bridão em ABS na cor Grafite<br />Palmilha: 4 mm de Espessura, Espuma em EVA, Revestida em Napa Caramelo e taloneira Napa Bege<br />Forro: Cacharrel, material espumado para maior conforto, na cor Caramelo<br />Solado em PVC Flexível com antiderrapante e na cor Bege.;30 x 16 x 9.5;400;18/06/2025;0;https://www.revendadecalcados.com.br/produto-8798.html;https://www.revendadecalcados.com.br/fma600/6b4555441149acd29f30934bbcc20845.jpg,https://www.revendadecalcados.com.br/fma600/148ae0bff02a2d8c4e7c0d154e937f58.jpg,https://www.revendadecalcados.com.br/fma600/74e1af8bc380594457815d52a3eb15e8.jpg,https://www.revendadecalcados.com.br/fma600/672a3a9319d55ae27d80a00258dfe105.jpg,https://www.revendadecalcados.com.br/fma600/15619c3d2e03d6b3cd6bbdb486527889.jpg,https://www.revendadecalcados.com.br/fma600/2e121c3f32f3e45e3081fb9079cace09.jpg,https://www.revendadecalcados.com.br/fma600/3d10b61be7929c1ed5b74b699b598a91.jpg;Vermelho;40.123
40.123B;Sapatilha Mocassim Bico Fino Alongado;Sapatilhas;34,3|35,4|36,0|37,0|38,3|39,1;54.90;60.39;0;Torricella;Material: Napa Caramelo<br />Enfeite: Bridão em ABS na cor Grafite<br />Palmilha: 4 mm de Espessura, Espuma em EVA, Revestida em Napa Caramelo e taloneira Napa Bege<br />Forro: Cacharrel, material espumado para maior conforto, na cor Caramelo<br />Solado em PVC Flexível com antiderrapante e na cor Bege.;30 x 16 x 9.5;400;18/06/2025;0;https://www.revendadecalcados.com.br/produto-8796.html;https://www.revendadecalcados.com.br/fma600/3d94fb9bf1a6922abc31d004c41d5d7e.jpg,https://www.revendadecalcados.com.br/fma600/68a9659e58300b038e10666fe5f2d1f4.jpg,https://www.revendadecalcados.com.br/fma600/43f8b4718ef2024ccf2bc72efb99995f.jpg,https://www.revendadecalcados.com.br/fma600/3f72c008ba6ede09dcc709f0b8eb3a04.jpg,https://www.revendadecalcados.com.br/fma600/7dc8666821a297cce6391a016677dab9.jpg,https://www.revendadecalcados.com.br/fma600/72480925c39caa221248e40276cf7659.jpg,https://www.revendadecalcados.com.br/fma600/530387671992bdf15e54f7dc326607d1.jpg;Caramelo;40.123
301.35A;Sandália Tamanco Feminino;Sandálias;34,0|35,2|36,0|37,3|38,5|39,2;49.90;54.89;1;Torricella;Material: Verniz estampado Onça<br />Palmilha: 8 mm de Espessura, Espuma em EVA, Revestida em Verniz estampado Onça e Taloneira Napa Preto<br />Forro: Napa Preto<br />Salto: 9 cm de Altura pintado na cor Preto<br />Solado de PVC antiderrapante na cor Preto.;28 x 20 x 9.5;600;01/04/2025;0;https://www.revendadecalcados.com.br/produto-8759.html;https://www.revendadecalcados.com.br/fma600/370d0225e80cb1b1b0e2f33e09ff22ca.jpg,https://www.revendadecalcados.com.br/fma600/e7e84872826630284b193aee269f6d16.jpg,https://www.revendadecalcados.com.br/fma600/adba8d405bec52e9aa492e6db6a48bf3.jpg,https://www.revendadecalcados.com.br/fma600/2049c73d7ed84655bef421e2b96a7009.jpg,https://www.revendadecalcados.com.br/fma600/536bfa621bd758233a8adfb5c5b8b68d.jpg,https://www.revendadecalcados.com.br/fma600/22a7b83f457ff4354bddf0de6df12293.jpg;OnÃ§a;301.35
67078C;Sapato Scarpin Mule;Sapato Scarpin;34,1|35,4|36,3|37,2|38,0|39,0;39.90;43.89;1;Torricella;Material: Napa Amarelo<br />Enfeite: Laço em Napa na Cor Prata e Apliques na Cor Prata<br />Palmilha: 8 mm de Espessura, Espuma em EVA, Revestida em Napa Amarelo e Taloneira Napa Bege<br />Salto: Fino com 9 cm de Altura Revestido em Napa Amarelo<br />Solado de PVC com antiderrapante na cor Bege.;28 x 20 x 9.5;600;18/10/2024;0;https://www.revendadecalcados.com.br/produto-8687.html;https://www.revendadecalcados.com.br/fma600/f232f46da9d546cf18b3f68ac5c4ce81.jpg,https://www.revendadecalcados.com.br/fma600/660732e31bcee3659bd824f20ab23d59.jpg,https://www.revendadecalcados.com.br/fma600/6fe7c6d70311240052828bc227965659.jpg,https://www.revendadecalcados.com.br/fma600/23b60607b78f95d89ddb74fb269b41de.jpg,https://www.revendadecalcados.com.br/fma600/ae87d98f39e24b20b84b680004154ed0.jpg,https://www.revendadecalcados.com.br/fma600/d27510b8cc3506fc5ef0ae60b50b26ce.jpg;Amarelo;67078
2025-00C;Sapato Scarpin;Sapato Scarpin;34,0|35,4|36,3|37,10|38,8|39,0;39.90;43.89;1;Torricella;Material: Verniz Off White<br />Palmilha: Confort com 8 mm de Espessura, Espuma em EVA, Revestida com Verniz Off White e Taloneira Napa Bege<br />Forro: Cacharrel, material espumado para maior conforto, na cor bege claro<br />Salto: 8,5 cm de Altura encapado em Verniz Off White<br />Solado de PVC antiderrapante na cor Bege.;28 x 20 x 9.5;600;20/04/2022;0;https://www.revendadecalcados.com.br/produto-7585.html;https://www.revendadecalcados.com.br/fma600/2f24c321d4176c3d495c764e1060f43e.jpg,https://www.revendadecalcados.com.br/fma600/285b63603e3231e4b602b40728bdc858.jpg,https://www.revendadecalcados.com.br/fma600/c4fc918937db9aa1ba3772ff9dbbcdfa.jpg,https://www.revendadecalcados.com.br/fma600/25719d85a9a33c08ad88289a1701c2a3.jpg,https://www.revendadecalcados.com.br/fma600/d401d327ed6e4aab5d8dbb1a1f00b205.jpg,https://www.revendadecalcados.com.br/fma600/81102dccfb9c39a6d40a5399c130ba37.jpg,https://www.revendadecalcados.com.br/fma600/3d5096e11c32aefd09cf2ffdf8132132.jpg,https://www.revendadecalcados.com.br/fma600/60c031615ce1acd51e3916b73cc55217.jpg,https://www.revendadecalcados.com.br/fma600/1b848d1fc5613888f2a6b8dc7c73a77f.jpg,https://www.revendadecalcados.com.br/fma600/bb3c60ffaf1e2d265199d303a9a86dba.jpg;Off White;2025-00
2025-00B;Sapato Scarpin;Sapato Scarpin;34,3|35,0|36,0|37,10|38,1|39,3;39.90;43.89;1;Torricella;Material: Verniz Rose<br />Palmilha: Confort com 8 mm de Espessura, Espuma em EVA, Revestida com Verniz Rose e Taloneira Napa Bege<br />Forro: Cacharrel, material espumado para maior conforto, na cor bege claro<br />Salto: 8,5 cm de Altura encapado em Verniz Rose<br />Solado de PVC antiderrapante na cor Bege.;28 x 20 x 9.5;600;20/04/2022;0;https://www.revendadecalcados.com.br/produto-7584.html;https://www.revendadecalcados.com.br/fma600/829f622dc353cd57fe7c8771b6e2bc08.jpg,https://www.revendadecalcados.com.br/fma600/ad88f78c14f3234a6859982d5682a409.jpg,https://www.revendadecalcados.com.br/fma600/c47cdfb6282ca5067fce382b6e4bf735.jpg,https://www.revendadecalcados.com.br/fma600/dd2c4c2c2f57dab3a9fb2d2e57b71736.jpg,https://www.revendadecalcados.com.br/fma600/fbc0433d230ad8cb3a5e2178338287f1.jpg,https://www.revendadecalcados.com.br/fma600/9aa2ef3be9d8cc17e0d4bab11ee7e80f.jpg,https://www.revendadecalcados.com.br/fma600/5bb37ce64f05d3cc48f5878de55c3147.jpg,https://www.revendadecalcados.com.br/fma600/ad567d021a76fb0d1199313b939e2928.jpg,https://www.revendadecalcados.com.br/fma600/eee1a776fc7064fd8d2f37e155fa0836.jpg,https://www.revendadecalcados.com.br/fma600/19c29c393056fb80497371732827ae64.jpg;Rose;2025-00
67091A;Bota Bico Fino Feminina;Botas;34,2|35,1|36,0|37,6|38,0|39,0;179.90;197.89;0;Torricella;Material: Napa Preto<br />Enfeites: Zíper na Cor Preto, Fivelas e Apliques na Cor Prata<br />Palmilha: 8 mm de Espessura, Espuma em EVA, e Taloneira Napa Preto<br />Forro: Cacharrel, material espumado para maior conforto, na cor Preto<br />Salto: 9 cm de Altura e Revestido em Napa na cor Preto<br />Solado de TR na cor Preto.;31.5 x 30 x 9.5;1000;02/05/2025;0;https://www.revendadecalcados.com.br/produto-8776.html;https://www.revendadecalcados.com.br/fma600/100e31d3bc376479453594fb5685ee48.jpg,https://www.revendadecalcados.com.br/fma600/1f7f2ecdaee3d59286ccc17e0dce5290.jpg,https://www.revendadecalcados.com.br/fma600/0c857c6598c6ec0151e7cf0d787fb8b5.jpg,https://www.revendadecalcados.com.br/fma600/25220065f0a106b1a262eb67e4fe8df2.jpg,https://www.revendadecalcados.com.br/fma600/7f59809e4a3996755661dfbc763d53aa.jpg,https://www.revendadecalcados.com.br/fma600/fc8710930ac880ed5cc56e0843636b3c.jpg,https://www.revendadecalcados.com.br/fma600/39aca3e2b7257052388523d6b6e47616.jpg,https://www.revendadecalcados.com.br/fma600/1121b9b84f4b20585019bf0b928898e7.png,https://www.revendadecalcados.com.br/fma600/f0d2d1fedec165c485090f319b970794.png;Preto;67091
36A;Bota Coturno Sola Tratorada Couro;Botas;34,2|35,2|36,0|37,1|38,0|39,0;129.90;142.89;1;Torricella;Material: Couro Preto<br />Enfeites: Elastico na Cor Preto e Apliques na Cor Prata<br />Palmilha: 8 mm de Espessura, Espuma em EVA, e Taloneira Preto<br />Forro: Cacharrel, material espumado para maior conforto, na cor Preto<br />Solado Tratorado Preto.;31.5 x 30 x 9.5;1000;23/05/2025;0;https://www.revendadecalcados.com.br/produto-8794.html;https://www.revendadecalcados.com.br/fma600/083fa3bf6cf64819188a09fe20a27e53.jpg,https://www.revendadecalcados.com.br/fma600/2e75a723fd1a1a2e9d4bfe3d4e64a6d7.jpg,https://www.revendadecalcados.com.br/fma600/b9b516ff02b8a64421fca7653e30b5eb.jpg,https://www.revendadecalcados.com.br/fma600/b83669ae7e6783ef34941b8d0eb6511d.jpg,https://www.revendadecalcados.com.br/fma600/8d03a6f0d7a065f9ba4500016eefe854.jpg,https://www.revendadecalcados.com.br/fma600/76918ef5750416144d37298321f86b0b.jpg,https://www.revendadecalcados.com.br/fma600/83974f2f76546f06c29df67f48067b33.jpg,https://www.revendadecalcados.com.br/fma600/c7d4ebaededa1481b33d9588caf21cb4.png,https://www.revendadecalcados.com.br/fma600/7296018fa90e398d0149a08f41f5d11f.png,https://www.revendadecalcados.com.br/fma600/3e74fc8e44c6dc80b8f38e3bb3123976.png;Preto;36
22A;Bota Coturno Sola Tratorada Couro;Botas;34,2|35,1|36,0|37,5|38,0|39,0;129.90;142.89;1;Torricella;Material: Couro Preto<br />Enfeites: Zíper na Cor Preto, Cadarço Preto e Apliques na Cor Prata<br />Palmilha: 8 mm de Espessura, Espuma em EVA, e Taloneira Preto<br />Forro: Cacharrel, material espumado para maior conforto, na cor Preto<br />Solado Tratorado Preto.;31.5 x 30 x 9.5;1000;23/05/2025;0;https://www.revendadecalcados.com.br/produto-8790.html;https://www.revendadecalcados.com.br/fma600/6054b62513914c43a9845251775381c1.jpg,https://www.revendadecalcados.com.br/fma600/f6da32ae8ac82022bb10f0b085751c40.jpg,https://www.revendadecalcados.com.br/fma600/f35694959945aeca6b8a7a2694481f3c.jpg,https://www.revendadecalcados.com.br/fma600/94fd13fa90f8bb15ac6d710e0056572a.jpg,https://www.revendadecalcados.com.br/fma600/98cb102f0cd2bdcff43c5782f7b35274.jpg,https://www.revendadecalcados.com.br/fma600/c9a7ffa0daaae239a9a947c7124b9f8c.jpg,https://www.revendadecalcados.com.br/fma600/e7953ca2360ed47da21c7c58ba923905.jpg,https://www.revendadecalcados.com.br/fma600/4aa44cf6d076b4047c7f6a7978c4fdb2.png;Preto;22
1000A;Sandália Meia Pata Feminina;Meia Pata;34,0|35,0|36,0|37,2|38,2|39,3;99.90;109.89;1;Torricella;Material: Napa Preto<br />Enfeites: Fivela de Ajuste na cor Dourado<br />Palmilha: 8 mm de Espessura, Espuma em EVA, Revestida em Napa Preto e Taloneira Napa Preto<br />Meia Pata: Revestida em Napa Preto com 3,5 cm de altura<br />Salto: Bloco com 11 cm de Altura Revestido em Napa Preto<br />Solado de TR com antiderrapante na cor Preto.;28.5 x 23.5 x 9.5;800;20/08/2025;0;https://www.revendadecalcados.com.br/produto-8821.html;https://www.revendadecalcados.com.br/fma600/6382fca0709cd9d7acc6c2e114709d90.jpg,https://www.revendadecalcados.com.br/fma600/7b2deebc32b9d1c9cf0d67dc9fb520bf.jpg,https://www.revendadecalcados.com.br/fma600/567edd8c752ed059635c6b81215e3b32.jpg,https://www.revendadecalcados.com.br/fma600/09d5b53b8ef537caa6afdcd27ecab0a6.jpg,https://www.revendadecalcados.com.br/fma600/e2d8ec9f9c786a91b57201243fb1d2b9.jpg,https://www.revendadecalcados.com.br/fma600/87e902d9147c767e5acb8e9794742352.jpg;Preto;1000
66082G;Sapato Scarpin;Sapato Scarpin;34,0|35,5|36,0|37,0|38,1|39,2;94.90;104.39;0;Torricella;Material: Verniz Rose<br />Palmilha: 8 mm de Espessura, Espuma em EVA, Revestida em Verniz Rose e Taloneira Napa Bege<br />Enfeite: Fivela de Ajuste na Cor Dourado e Tiras em Verniz Rose<br />Salto: 9 cm de Altura Revestido em Verniz Rose<br />Solado de TR na cor Bege.;28 x 20 x 9.5;600;24/10/2023;0;https://www.revendadecalcados.com.br/produto-8373.html;https://www.revendadecalcados.com.br/fma600/7d390c05fa30193e2ee12fdf5245b849.jpg,https://www.revendadecalcados.com.br/fma600/dba4b4ed332fbc32edecc6f6829bcf02.jpg,https://www.revendadecalcados.com.br/fma600/5621794be40361be94a4de370a1dd4cc.jpg,https://www.revendadecalcados.com.br/fma600/ce81de91c211748cd9b591abe497873e.jpg,https://www.revendadecalcados.com.br/fma600/516095709baccf00515f32094939b044.jpg,https://www.revendadecalcados.com.br/fma600/8135af3f1440452cc424270af22e4275.jpg,https://www.revendadecalcados.com.br/fma600/3045385ad7c334da65ed5105b843c2a4.jpg,https://www.revendadecalcados.com.br/fma600/a8c58caf01dba3421bddf9f90b717435.jpg,https://www.revendadecalcados.com.br/fma600/31f90951eeaac564b7ec256b583fb8d4.jpg,https://www.revendadecalcados.com.br/fma600/65163342b1c8256d7f6bc2c07eb315e5.jpg,https://www.revendadecalcados.com.br/fma600/c6d9adbb8452da92c2108fb3ffacbec0.jpg,https://www.revendadecalcados.com.br/fma600/0c0b12de71cb137dc8e76cc0b8709972.jpg,https://www.revendadecalcados.com.br/fma600/3494e87799bf61f6dff9a34908403a7b.jpg;Rose;66082
65054A;Sapato Scarpin;Sapato Scarpin;34,0|35,1|36,0|37,4|38,0|39,1;94.90;104.39;0;Torricella;Material: Verniz Preto<br />Palmilha: 8 mm de Espessura, Espuma em EVA, Revestida em Verniz Preto e Taloneira Napa Bege<br />Enfeite: Pirâmide Preto<br />Salto: 9 cm de Altura Revestido em Verniz Preto<br />Solado de TR coletado na cor Preto.;28 x 20 x 9.5;600;08/10/2021;0;https://www.revendadecalcados.com.br/produto-7199.html;https://www.revendadecalcados.com.br/fma600/1be3874e3cbcfa8d8f81692a2ba799a3.jpg,https://www.revendadecalcados.com.br/fma600/5a0d3fcb4eb20ff8eb5ca2234a67b6c7.jpg,https://www.revendadecalcados.com.br/fma600/7995c41bb20e1ac68fac216d0f3a6cf7.jpg,https://www.revendadecalcados.com.br/fma600/8166b3e6181b03634b74b4d8df94d6ed.jpg,https://www.revendadecalcados.com.br/fma600/0ce3881d136ca3fb0371588ec5e7c4f0.jpg,https://www.revendadecalcados.com.br/fma600/6737498d93f2a033ef145f7f01e29aa0.jpg,https://www.revendadecalcados.com.br/fma600/fdc07db847e78bf7aac11f592f75d3b3.jpg,https://www.revendadecalcados.com.br/fma600/bece52fa3a2a78f277326549765438e7.jpg,https://www.revendadecalcados.com.br/fma600/ebe654942fe1d69392edc7131d47e739.jpg;Preto;65054
65-18F;Sapato Scarpin;Sapato Scarpin;34,1|35,0|36,1|37,2|38,0|39,0;74.90;82.39;0;Torricella;Material: Croco Amarelo / Napa Amarelo<br />Forro: Cacharrel, material espumado para maior conforto, na cor Bege<br />Palmilha: 8 mm de Espessura, Espuma em EVA e Taloneira Napa Bege<br />Salto: Grosso com 9 cm de Altura Revestido em Croco Amarelo<br />Solado de PVC com antiderrapante na cor Bege.;28 x 20 x 9.5;600;04/02/2026;0;https://www.revendadecalcados.com.br/produto-8906.html;https://www.revendadecalcados.com.br/fma600/274371470d79e413b65422b574c63d38.jpg,https://www.revendadecalcados.com.br/fma600/7724507b9762f44d546949e814cc08db.jpg,https://www.revendadecalcados.com.br/fma600/5d793d84ab68ab77c2fb11121659a972.jpg,https://www.revendadecalcados.com.br/fma600/74bbf59290a6cca430d9eb36b9863e84.jpg,https://www.revendadecalcados.com.br/fma600/8f31a5058ee551e69f40f3a8156854fd.jpg,https://www.revendadecalcados.com.br/fma600/498602430a5189f1085094c6e49bfab5.jpg,https://www.revendadecalcados.com.br/fma600/6e37062ae9754090bfca1b41801da578.jpg,https://www.revendadecalcados.com.br/fma600/8968612e4e1d88cc90aba0ae13a9f69f.jpg,https://www.revendadecalcados.com.br/fma600/2b0c87ca13195fa24fd6e3e0c12d8ac9.jpg,https://www.revendadecalcados.com.br/fma600/cf9bcf5f1f35d30cbe3227c86051b0ef.jpg,https://www.revendadecalcados.com.br/fma600/4d4d78f8765e6124175a3c88d72b56fe.jpg,https://www.revendadecalcados.com.br/fma600/48cad81ad5ff3621582df75375000675.jpg;Amarelo;65-18
67086A;Sapato Scarpin;Sapato Scarpin;34,0|35,0|36,3|37,0|38,2|39,1;69.90;76.89;1;Torricella;Material: Nobuck Preto / Metalizado Speechio Ouro Light<br />Enfeite: Fivela de Ajuste na Cor Dourado<br />Palmilha: 8 mm de Espessura, Espuma em EVA, Revestida em Metalizado Speechio Ouro Light e Taloneira Napa Preto<br />Salto: Fino com 9 cm de Altura Revestido em Nobuck Preto<br />Solado de PVC com antiderrapante na cor Preto.;28 x 20 x 9.5;600;05/12/2024;0;https://www.revendadecalcados.com.br/produto-8732.html;https://www.revendadecalcados.com.br/fma600/c4579fea872e063e824403433c3d095e.jpg,https://www.revendadecalcados.com.br/fma600/39abc53e4e6dde425ab4ec250de97563.jpg,https://www.revendadecalcados.com.br/fma600/e52b519767e5f9aba39cccc6e7b9a3f0.jpg,https://www.revendadecalcados.com.br/fma600/8b4be30b6b5804caee716232271eaa02.jpg,https://www.revendadecalcados.com.br/fma600/196778f7cd7eb196c22f39e8ca974efc.jpg,https://www.revendadecalcados.com.br/fma600/625a421015b2fedcab27ac361599acc9.jpg,https://www.revendadecalcados.com.br/fma600/ccea9c0263ad5a27e9147e6489ae631c.jpg,https://www.revendadecalcados.com.br/fma600/70c6a6fc1d7a2bb1987769f1f1ee1611.jpg,https://www.revendadecalcados.com.br/fma600/3f65c2333e91485327ccff4d6d666033.jpg,https://www.revendadecalcados.com.br/fma600/fd6fd5e52ad1fa6dc6e0291a4f3207f9.jpg,https://www.revendadecalcados.com.br/fma600/b57539d4e74bf1e041d58903e4ebf0a8.jpg,https://www.revendadecalcados.com.br/fma600/54a922f6de2e1f63ea60b65f0d302bb3.jpg,https://www.revendadecalcados.com.br/fma600/f87f558fdc39d18a7d271cec05d358cb.jpg,https://www.revendadecalcados.com.br/fma600/4cc14523a4d3e962fe5038278b2ce9d0.jpg,https://www.revendadecalcados.com.br/fma600/c18e7e41e649491751885e534ea778f5.jpg,https://www.revendadecalcados.com.br/fma600/e6a4b7cf52beb88961b4c6fa9a2b6c0d.jpg,https://www.revendadecalcados.com.br/fma600/0af85a1a9b956757eadc0f9e04365117.jpg,https://www.revendadecalcados.com.br/fma600/d36f1033a53541a26bc6444a7ecf0091.jpg,https://www.revendadecalcados.com.br/fma600/1ec29ba85067bd07d7ec79c62ca460dc.jpg,https://www.revendadecalcados.com.br/fma600/275a3c32e1889367c6e5c3706a7e635e.jpg,https://www.revendadecalcados.com.br/fma600/c61bd7e4b4b6220444daf29eb6f49c1f.jpg,https://www.revendadecalcados.com.br/fma600/e4bb249f42db349154a76b15b5a7fbc9.jpg;Preto;67086
683D;Sapato Scarpin;Sapato Scarpin;34,0|35,6|36,0|37,6|38,0|39,1;64.90;71.39;0;Torricella;Material: Napa Off White<br />Enfeite: Laço na cor Napa Off White e Fivela de Ajuste na Cor Dourado<br />Forro: Napa na cor Bege<br />Palmilha: 8 mm de Espessura, Espuma em EVA, Revestida em Napa Off White e Taloneira Napa Bege<br />Salto: Grosso com 6,5 cm de Altura Revestido em Napa Off White<br />Solado de PVC com antiderrapante na cor Bege.;28 x 20 x 9.5;600;21/10/2024;0;https://www.revendadecalcados.com.br/produto-8674.html;https://www.revendadecalcados.com.br/fma600/e44d3cf0f6ef0b9ab59f4b883d07e346.jpg,https://www.revendadecalcados.com.br/fma600/053325cbb6cb462dd2dab14e267bbbd6.jpg,https://www.revendadecalcados.com.br/fma600/f8f522b9c0aa3b080fff4ed146a3cd6e.jpg,https://www.revendadecalcados.com.br/fma600/afb49d6de50dc6d10437c4a667e1d71f.jpg,https://www.revendadecalcados.com.br/fma600/2f3eda8da3732e4719f9a89b175fac03.jpg,https://www.revendadecalcados.com.br/fma600/6ecee5a243484fa5bb0273e543e6e980.jpg,https://www.revendadecalcados.com.br/fma600/0d15c50d8622e64f4dbf736e2a249772.jpg,https://www.revendadecalcados.com.br/fma600/bdbf60f76a1770692cc73e3a21dada9b.jpg,https://www.revendadecalcados.com.br/fma600/b089f8c28ebb14ed0a842eae894b9ff7.jpg,https://www.revendadecalcados.com.br/fma600/75cf47fc4c3e9af0c2979284035b6c18.jpg;Off White;683
683C;Sapato Scarpin;Sapato Scarpin;34,3|35,0|36,0|37,1|38,0|39,2;64.90;71.39;0;Torricella;Material: Napa Vermelho<br />Enfeite: Laço na cor Napa Vermelho e Fivela de Ajuste na Cor Dourado<br />Forro: Napa na cor Bege<br />Palmilha: 8 mm de Espessura, Espuma em EVA, Revestida em Napa Vermelho e Taloneira Napa Bege<br />Salto: Grosso com 6,5 cm de Altura Revestido em Napa Vermelho<br />Solado de PVC com antiderrapante na cor Bege.;28 x 20 x 9.5;600;21/10/2024;0;https://www.revendadecalcados.com.br/produto-8673.html;https://www.revendadecalcados.com.br/fma600/60ec0d47933e1b7e244709acebc26004.jpg,https://www.revendadecalcados.com.br/fma600/9652aa80c5c406dcd78a51ab475383bd.jpg,https://www.revendadecalcados.com.br/fma600/7caf3c8c76ef5a3553175faece6d73c6.jpg,https://www.revendadecalcados.com.br/fma600/2388274801f0c7523c7d4b92859abb68.jpg,https://www.revendadecalcados.com.br/fma600/ca803d222086d04b02c9e307b087aca7.jpg,https://www.revendadecalcados.com.br/fma600/6f47a890b7315f6751ede612d82a87eb.jpg;Vermelho;683
65-01D;Sapato Scarpin;Sapato Scarpin;34,3|35,0|36,1|37,0|38,0|39,1;64.90;71.39;0;Torricella;Material: Napa Rose<br />Palmilha: com 8 mm de Espessura, Espuma em EVA, e Taloneira Napa Bege<br />Forro: Cacharrel, material espumado para maior conforto, na cor Bege<br />Salto: 9 cm de Altura encapado em Napa Rose<br />Solado de PVC antiderrapante na cor Bege.;28 x 20 x 9.5;600;23/02/2024;0;https://www.revendadecalcados.com.br/produto-8475.html;https://www.revendadecalcados.com.br/fma600/a9b6cdc3d5ce23e22ff0c9b602b30f44.jpg,https://www.revendadecalcados.com.br/fma600/c4f9ef093c4235d20d66f84c228c4090.jpg,https://www.revendadecalcados.com.br/fma600/1052d203eddfbed3bd804cf5eb231ba3.jpg,https://www.revendadecalcados.com.br/fma600/a109306bb3d5dc5b2baccbbb829ca2ce.jpg,https://www.revendadecalcados.com.br/fma600/aa84b7c7d1546bc8e0707f70121fb191.jpg,https://www.revendadecalcados.com.br/fma600/04aa536df7266d4b0158011c2ab4be4c.jpg,https://www.revendadecalcados.com.br/fma600/48307a528fd5f85ad41550382642002e.jpg,https://www.revendadecalcados.com.br/fma600/e37c584be34d7456573beb1046dbceb0.jpg,https://www.revendadecalcados.com.br/fma600/ef94f88a2b49302a23d03d2aa129ba93.jpg,https://www.revendadecalcados.com.br/fma600/aeb269cbca9686107bfab07ab32c6db3.jpg,https://www.revendadecalcados.com.br/fma600/6e75397efaaeb9b3e73517d3f4be249b.jpg,https://www.revendadecalcados.com.br/fma600/0aba18369abfd24d105b86c596758cee.jpg,https://www.revendadecalcados.com.br/fma600/aafd32f69497f034d8e2ce28a69265e4.jpg,https://www.revendadecalcados.com.br/fma600/59a6f7dd7f1b26f64029b2046ffe4d3c.jpg,https://www.revendadecalcados.com.br/fma600/3969433bf9d1c25101d2d66592c801d7.jpg,https://www.revendadecalcados.com.br/fma600/89812b2d31a77a634266e92a5dcf43f2.jpg;Rose;65-01
FST025D;Sandália Feminina;Sandálias;34,1|35,0|36,1|37,0|38,0|39,3;64.90;71.39;0;Torricella;Material: Napa Azul<br />Enfeite: Tira Laço Nó em Napa Azul e Laço em Napa Azul<br />Palmilha: 8 mm de Espessura, Espuma em EVA, Revestida em Napa Azul e Taloneira Napa Bege<br />Salto: 8,5 cm de Altura e Revestido em Napa Azul<br />Solado de PVC com antiderrapante na cor Bege.;28 x 20 x 9.5;600;01/11/2021;0;https://www.revendadecalcados.com.br/produto-7262.html;https://www.revendadecalcados.com.br/fma600/56a4ce3a7994acddaefa6c85302d115c.jpg,https://www.revendadecalcados.com.br/fma600/9b2dcebdd90d2c4def74cbfc507fdaa1.jpg,https://www.revendadecalcados.com.br/fma600/517d5990ca4eba069f36587ba07c993c.jpg,https://www.revendadecalcados.com.br/fma600/2398469cf5572287e5077096c036875b.jpg,https://www.revendadecalcados.com.br/fma600/07fae6f7ca663805f4cbe8344fedcf60.jpg,https://www.revendadecalcados.com.br/fma600/3651904bb915e30c6c0bc1b49506d1f4.jpg,https://www.revendadecalcados.com.br/fma600/03b34c2b934e53144215f17e817bc90a.jpg,https://www.revendadecalcados.com.br/fma600/b39aac109977b076b14033e5c10f2915.jpg,https://www.revendadecalcados.com.br/fma600/746cd590967402a271fef57f88ead11c.jpg,https://www.revendadecalcados.com.br/fma600/fffd7bf00a903f52d014788d596a2b0c.jpg;Azul;FST025
67078B;Sapato Scarpin Mule;Sapato Scarpin;34,2|35,1|36,2|37,0|38,0|39,0;59.90;65.89;1;Torricella;Material: Napa Rosa<br />Enfeite: Laço em Napa na Cor Prata e Apliques na Cor Prata<br />Palmilha: 8 mm de Espessura, Espuma em EVA, Revestida em Napa Rosa e Taloneira Napa Bege<br />Salto: Fino com 9 cm de Altura Revestido em Napa Rosa<br />Solado de PVC com antiderrapante na cor Bege.;28 x 20 x 9.5;600;18/10/2024;0;https://www.revendadecalcados.com.br/produto-8686.html;https://www.revendadecalcados.com.br/fma600/85b3b851bea4d6addfef1ba2aa12aeed.jpg,https://www.revendadecalcados.com.br/fma600/2536b2cb7dc87e13b09e84e1b4983dca.jpg,https://www.revendadecalcados.com.br/fma600/732b0bab4558657d568067b3896189e1.jpg,https://www.revendadecalcados.com.br/fma600/a814bd56ca0c96ffb4d2f0c40c0480de.jpg,https://www.revendadecalcados.com.br/fma600/a4ca208441fcc6211f08deccfc99821d.jpg,https://www.revendadecalcados.com.br/fma600/d177e3879f9e5036431fa8199265c0ae.jpg;Rose;67078
70.018G;Mocassim Feminino Bico Alongado;Sapatilhas;34,0|35,3|36,2|37,0|38,0|39,1;54.90;60.39;0;Torricella;Material: Camurça Vinho Marsala<br />Enfeite: Bridão em ABS na cor Grafite<br />Palmilha: 4 mm de Espessura, Espuma em EVA, Revestida em Napa Caramelo e taloneira Napa Bege<br />Forro: Cacharrel, material espumado para maior conforto, na cor Caramelo<br />Solado em PVC Flexível com antiderrapante e na cor Bege.;30 x 16 x 9.5;400;18/06/2025;0;https://www.revendadecalcados.com.br/produto-8804.html;https://www.revendadecalcados.com.br/fma600/63518c980395cf333f6e2d8e50df2488.jpg,https://www.revendadecalcados.com.br/fma600/49f0d9ebbfd68f7902c47af37cb5e774.jpg,https://www.revendadecalcados.com.br/fma600/8e38466d1327e58a316473555b481092.jpg,https://www.revendadecalcados.com.br/fma600/11f061d69d1bfa320bcf99720b8fd088.jpg,https://www.revendadecalcados.com.br/fma600/779d651aacac68cf711045e7884617d6.jpg,https://www.revendadecalcados.com.br/fma600/10c4a3a5f6178217a37991814e508280.jpg,https://www.revendadecalcados.com.br/fma600/029dd973a036656fae57b74d2ee8b7d6.jpg;Vermelho;70.018
67079A;Sapato Scarpin;Sapato Scarpin;34,0|35,0|36,7|37,2|38,0|39,1;49.90;54.89;1;Torricella;Material: Napa Preto / Napa Caramelo / Napa Bege / Napa Off White / Metalizado Specchio Ouro Light<br />Enfeite: Fivelas de Ajuste na cor Dourado<br />Palmilha: 8 mm de Espessura, Espuma em EVA, Revestida em Napa Preto e Taloneira Napa Bege<br />Salto: 9 cm de Altura Revestido em Napa Preto<br />Solado de TR coletado na cor Preto.;28 x 20 x 9.5;600;18/10/2024;0;https://www.revendadecalcados.com.br/produto-8696.html;https://www.revendadecalcados.com.br/fma600/edad9cd759131d8d512fe98b023cf56c.jpg,https://www.revendadecalcados.com.br/fma600/0d12e1162969eb635e2bd958c91f376c.jpg,https://www.revendadecalcados.com.br/fma600/0f3b890087f7bc47106a47936a496b90.jpg,https://www.revendadecalcados.com.br/fma600/f171ab67be192720f3a4888218f2652b.jpg,https://www.revendadecalcados.com.br/fma600/0770ec380d92b744391652454dfef2a1.jpg,https://www.revendadecalcados.com.br/fma600/aeeaf3b99882fc05643e77755d1a5966.jpg;Multicolorido;67079
67074B;Sapato Scarpin;Sapato Scarpin;34,0|35,1|36,2|37,5|38,0|39,0;49.90;54.89;1;Torricella;Material: Napa Bege / Napa Caramelo / Metalizado Specchio Ouro Light<br />Enfeite: Laços em Metalizado Specchio Ouro Light e Fivelas de ajuste na cor Dourado<br />Forro: Napa na cor Bege<br />Palmilha: 8 mm de Espessura, Espuma em EVA Revestida em Napa Caramelo e Taloneira Napa Bege<br />Salto: Fino com 9 cm de Altura Revestido em Napa Caramelo<br />Solado de PVC com antiderrapante na cor Bege.;28 x 20 x 9.5;600;18/10/2024;0;https://www.revendadecalcados.com.br/produto-8679.html;https://www.revendadecalcados.com.br/fma600/836a2818976c5ed9035542f63c14ea06.jpg,https://www.revendadecalcados.com.br/fma600/c0980ae542d5c4adec050e22ad8be3e5.jpg,https://www.revendadecalcados.com.br/fma600/fb24f85c407b40233b608e6f91505b11.jpg,https://www.revendadecalcados.com.br/fma600/5edb74d9a0534b0e408e8825b83d4229.jpg,https://www.revendadecalcados.com.br/fma600/ff52f55a35257b30c2c831c5120200b1.jpg,https://www.revendadecalcados.com.br/fma600/9f5fafa2bbba5d0bb1f9c27332acdca6.jpg;Caramelo;67074
2025-10A;Sapato Scarpin;Sapato Scarpin;34,3|35,0|36,0|37,1|38,1|39,0;39.90;43.89;1;Torricella;Material: Camurça Bege e Tecido Pelo Onça<br />Palmilha: Confort com 8 mm de Espessura, Espuma em EVA, Revestida com Camurça Bege e Taloneira Napa Bege<br />Forro: Cacharrel, material espumado para maior conforto, na cor bege claro<br />Salto: 8,5 cm de Altura encapado em Camurça Bege<br />Solado de PVC antiderrapante na cor Bege.;28 x 20 x 9.5;600;20/04/2022;0;https://www.revendadecalcados.com.br/produto-7588.html;https://www.revendadecalcados.com.br/fma600/5dece53ff4f1be2fb7aa3aa7249dce49.jpg,https://www.revendadecalcados.com.br/fma600/d3930b19ac881c09abb938eb3d66247a.jpg,https://www.revendadecalcados.com.br/fma600/66f6795a70fef18d6eaf42aca50e9dd3.jpg,https://www.revendadecalcados.com.br/fma600/f100c8285b836af08decdeba7d7fbdf3.jpg,https://www.revendadecalcados.com.br/fma600/c45dc3216ed830d19d385679d1c3f086.jpg,https://www.revendadecalcados.com.br/fma600/87b285632ade4d556ccbdebac3b0ddc3.jpg,https://www.revendadecalcados.com.br/fma600/ff1edceab7887f2eeaa1396a0c30e333.jpg,https://www.revendadecalcados.com.br/fma600/4b307ec9a745e83ff9d2560959bea9ee.jpg,https://www.revendadecalcados.com.br/fma600/1fe47c34cc565a8a7c57d469b8a2b6cf.jpg,https://www.revendadecalcados.com.br/fma600/dac8fc35fb57712be5774f328fbb45ca.jpg;Multicolorido;2025-10
1625-00A;Sapato Scarpin;Sapato Scarpin;34,0|35,2|36,3|37,0|38,0|39,2;39.90;43.89;1;Torricella;Material: Verniz Preto<br />Palmilha: Confort com 8 mm de Espessura, Espuma em EVA, Revestida com Verniz Preto e Taloneira Napa Bege<br />Forro: Cacharrel, material espumado para maior conforto, na cor bege claro<br />Salto: 10 cm de Altura pintado na cor Preto<br />Solado de PVC antiderrapante na cor Preto.;28 x 20 x 9.5;600;03/09/2021;0;https://www.revendadecalcados.com.br/produto-7176.html;https://www.revendadecalcados.com.br/fma600/7d053637e4cea9fb705280c94b124942.jpg,https://www.revendadecalcados.com.br/fma600/082a7fc31fdcdf61d6a67e89969314af.jpg,https://www.revendadecalcados.com.br/fma600/fd550c3014fd65eb1ee91290139a320c.jpg,https://www.revendadecalcados.com.br/fma600/381102b703ce38c76ba8583c4e837aa1.jpg,https://www.revendadecalcados.com.br/fma600/1490c051598c1471157c4599a5ccf91d.jpg,https://www.revendadecalcados.com.br/fma600/df0fd1a434e4235885acd4f705a9be45.jpg,https://www.revendadecalcados.com.br/fma600/a16e720372f73d202ccccdac3c845a3a.jpg,https://www.revendadecalcados.com.br/fma600/98d553e350f47a13408ff682ae546039.jpg,https://www.revendadecalcados.com.br/fma600/7695fd34ba6ae816e5bf18de2a373412.jpg,https://www.revendadecalcados.com.br/fma600/4f8aae041261bdba5b51ff41ce0798b7.jpg;Preto;1625-00
65-14A;Bota Cano Curto;Botas;34,0|35,4|36,3|37,0|38,0|39,0;89.90;98.89;0;Torricella;Material: Napa Preto<br />Enfeites: Zíper na cor Preto (lateral interna) e Cordão Lateral com Detalhes na Cor Preto<br />Palmilha: 8 mm de Espessura, Espuma em EVA, e Taloneira Napa Preto<br />Forro: Cacharrel, material espumado para maior conforto na cor Preto<br />Salto: 9 cm de Altura encapado em Napa Preto<br />Solado de PVC na cor Preto.;28.5 x 23.5 x 9.5;800;14/04/2025;0;https://www.revendadecalcados.com.br/produto-8771.html;https://www.revendadecalcados.com.br/fma600/b866b14daaafa47f2bcb3f4a275a68ef.jpg,https://www.revendadecalcados.com.br/fma600/64a4e10dc361cd6c581b229dcee247d1.jpg,https://www.revendadecalcados.com.br/fma600/8b9245a606eaf043cd21362fa466d3fc.jpg,https://www.revendadecalcados.com.br/fma600/71603a32261ee8b13a6f9867c0a03b03.jpg,https://www.revendadecalcados.com.br/fma600/f35c190d3264488df07ee04636d81ee4.jpg,https://www.revendadecalcados.com.br/fma600/3a1201f6ee6e4e03608b74985652d505.jpg,https://www.revendadecalcados.com.br/fma600/0e02a5ae19c2494cfdf086ce7baf4ef4.jpg,https://www.revendadecalcados.com.br/fma600/0b344d5916d14e5f3e0ea719a174a701.png,https://www.revendadecalcados.com.br/fma600/a880f165ec62e517a6b7f5b6d32a3b67.png,https://www.revendadecalcados.com.br/fma600/34799a750c9a0a04651bf508994279d6.png,https://www.revendadecalcados.com.br/fma600/e948b8f6aeb99322a537a8b484f41c00.png,https://www.revendadecalcados.com.br/fma600/663dc88c886b34145a44e90914729812.png,https://www.revendadecalcados.com.br/fma600/b506e00aa629a545269515326abc5032.png,https://www.revendadecalcados.com.br/fma600/e3929e0b1aeeccf029660c40e46a5d02.png,https://www.revendadecalcados.com.br/fma600/d1476bb04555a411f9fcf27ea7f05474.jpg;Preto;65-14
67078A;Sapato Scarpin Mule;Sapato Scarpin;34,1|35,0|36,0|37,2|38,0|39,0;59.90;65.89;1;Torricella;Material: Napa Azul<br />Enfeite: Laço em Napa na Cor Prata e Apliques na Cor Prata<br />Palmilha: 8 mm de Espessura, Espuma em EVA, Revestida em Napa Azul e Taloneira Napa Bege<br />Salto: Fino com 9 cm de Altura Revestido em Napa Azul<br />Solado de PVC com antiderrapante na cor Bege.;28 x 20 x 9.5;600;18/10/2024;0;https://www.revendadecalcados.com.br/produto-8685.html;https://www.revendadecalcados.com.br/fma600/6badd9e0e547df5d609cd9913c42619d.jpg,https://www.revendadecalcados.com.br/fma600/ee9422ac3c921ba6c8f2548f58ef5b52.jpg,https://www.revendadecalcados.com.br/fma600/fa9caecc1be3c3e77a1c2df5166cb716.jpg,https://www.revendadecalcados.com.br/fma600/8f293cdb0987ca729f3f4563f40203e9.jpg,https://www.revendadecalcados.com.br/fma600/d95741cbffb59f613c0fe25dd1ab6948.jpg,https://www.revendadecalcados.com.br/fma600/c41f203d1d0fd380691920b49f4fc0c0.jpg;Azul;67078
322B;Sandália Feminina;Sandálias;34,1|35,2|36,0|37,0|38,0|39,0;59.90;65.89;1;Torricella;Material: Napa Metalizado Prata<br />Enfeite: Fivela de Ajuste na cor Dourado<br />Palmilha: 8 mm de Espessura, Espuma em EVA, Revestida em Napa Metalizado Prata e Taloneira Napa Bege<br />Salto: Grosso com 9 cm de Altura Revestido em Napa Metalizado Prata<br />Solado de TR com antiderrapante na cor Bege.;28 x 20 x 9.5;600;11/08/2023;0;https://www.revendadecalcados.com.br/produto-8156.html;https://www.revendadecalcados.com.br/fma600/ce380b64332184486922100e062d95b5.jpg,https://www.revendadecalcados.com.br/fma600/568bda509651fb35370ecae03eb3a259.jpg,https://www.revendadecalcados.com.br/fma600/7b86ce31628c48032d62f61925fb6f2b.jpg,https://www.revendadecalcados.com.br/fma600/0f59c41d96aca6c141259d126c1183e8.jpg,https://www.revendadecalcados.com.br/fma600/e6bde370734c736b9f2268a4f183eb1c.jpg,https://www.revendadecalcados.com.br/fma600/1bc824d9ddb67f78789115b02afc886e.jpg,https://www.revendadecalcados.com.br/fma600/5121cfc76a6af7e64d5d71a094304c2c.jpg,https://www.revendadecalcados.com.br/fma600/44929f3fedacaf68ae9fe6af0d7895af.jpg;Prata;322
322A;Sandália Feminina;Sandálias;34,3|35,1|36,0|37,0|38,0|39,0;59.90;65.89;1;Torricella;Material: Napa Metalizado Prata Velho<br />Enfeite: Fivela de Ajuste na cor Prata<br />Palmilha: 8 mm de Espessura, Espuma em EVA, Revestida em Napa Metalizado Prata Velho e Taloneira Napa Bege<br />Salto: Grosso com 9 cm de Altura Revestido em Napa Metalizado Prata Velho<br />Solado de TR com antiderrapante na cor Preto.;28 x 20 x 9.5;600;11/08/2023;0;https://www.revendadecalcados.com.br/produto-8155.html;https://www.revendadecalcados.com.br/fma600/0c57fd448fa3c784b118d49c8fc86948.jpg,https://www.revendadecalcados.com.br/fma600/0ab8a41d9c00ed3a3b9f604005f666e5.jpg,https://www.revendadecalcados.com.br/fma600/e26005b5898f9e097a403d1f7cb25742.jpg,https://www.revendadecalcados.com.br/fma600/1ad2705ebeba9ebcd6f6a17a4d4928fa.jpg,https://www.revendadecalcados.com.br/fma600/82370cb3f3b93c174b1e573d12ae4dc8.jpg,https://www.revendadecalcados.com.br/fma600/ba265bf0d6fafc15a412ae05689cdcd1.jpg;Prata Velho;322
40.123E;Sapatilha Mocassim Bico Fino Alongado;Sapatilhas;34,3|35,3|36,0|37,0|38,0|39,0;54.90;60.39;0;Torricella;Material: Napa Verde<br />Enfeite: Bridão em ABS na cor Grafite<br />Palmilha: 4 mm de Espessura, Espuma em EVA, Revestida em Napa Caramelo e taloneira Napa Bege<br />Forro: Cacharrel, material espumado para maior conforto, na cor Caramelo<br />Solado em PVC Flexível com antiderrapante e na cor Bege.;30 x 16 x 9.5;400;18/06/2025;0;https://www.revendadecalcados.com.br/produto-8799.html;https://www.revendadecalcados.com.br/fma600/3dba68c1e4e04dd4c7142abf086385d8.jpg,https://www.revendadecalcados.com.br/fma600/ed223f41bdbe5674ad783041141352ec.jpg,https://www.revendadecalcados.com.br/fma600/9e18806ed38f5e39a620d253fcd2ae79.jpg,https://www.revendadecalcados.com.br/fma600/c231a917fd3aa2309115557112724148.jpg,https://www.revendadecalcados.com.br/fma600/66c98a71f915aa7d2aa1f5e3eef7077b.jpg,https://www.revendadecalcados.com.br/fma600/f3bbaec6129e7c6dc36195a466d73a2d.jpg,https://www.revendadecalcados.com.br/fma600/c3e04550764652e4cdec61ddf49c3c0d.jpg;Verde;40.123
40.123C;Sapatilha Mocassim Bico Fino Alongado;Sapatilhas;34,0|35,2|36,0|37,0|38,4|39,0;54.90;60.39;0;Torricella;Material: Napa Azul<br />Enfeite: Bridão em ABS na cor Grafite<br />Palmilha: 4 mm de Espessura, Espuma em EVA, Revestida em Napa Caramelo e taloneira Napa Bege<br />Forro: Cacharrel, material espumado para maior conforto, na cor Caramelo<br />Solado em PVC Flexível com antiderrapante e na cor Bege.;30 x 16 x 9.5;400;18/06/2025;0;https://www.revendadecalcados.com.br/produto-8797.html;https://www.revendadecalcados.com.br/fma600/07ad9fdeedb381c20b21a675c41735c0.jpg,https://www.revendadecalcados.com.br/fma600/3cc6a69e22ab4fe704d6e6e81b8a68df.jpg,https://www.revendadecalcados.com.br/fma600/5c6730cb00afce91d32d59a1e1eecf8e.jpg,https://www.revendadecalcados.com.br/fma600/4cafc5cff6c1856e77cac4f9f183a9c8.jpg,https://www.revendadecalcados.com.br/fma600/2f27ab89aa7e9b1c6941de52edf062d0.jpg,https://www.revendadecalcados.com.br/fma600/78f05c94a71118ca8ae8fe51cfba76e7.jpg,https://www.revendadecalcados.com.br/fma600/e4bebadf1311e09bc3ba153fb7e86aed.jpg;Azul;40.123
70.018F;Mocassim Feminino Bico Alongado;Sapatilhas;34,1|35,1|36,0|37,0|38,0|39,0;54.90;60.39;0;Torricella;Material: Camurça Rose<br />Enfeite: Bridão em ABS na cor Grafite<br />Palmilha: 4 mm de Espessura, Espuma em EVA, Revestida em Napa Caramelo e taloneira Napa Bege<br />Forro: Cacharrel, material espumado para maior conforto, na cor Caramelo<br />Solado em PVC Flexível com antiderrapante e na cor Bege.;30 x 16 x 9.5;400;18/06/2025;0;https://www.revendadecalcados.com.br/produto-8147.html;https://www.revendadecalcados.com.br/fma600/02e16cd791a9a2be8b3ba234634448dd.jpg,https://www.revendadecalcados.com.br/fma600/9bbc0801cfc1be51e81c63524dea4979.jpg,https://www.revendadecalcados.com.br/fma600/c7e504b1ab4e31b0e941e1d9c299d364.jpg,https://www.revendadecalcados.com.br/fma600/aeedc653d4482602e2e30c1e1d8f7e17.jpg,https://www.revendadecalcados.com.br/fma600/9e8ad24497fe0f8afa649b02026ca25a.jpg,https://www.revendadecalcados.com.br/fma600/ecf0b79801cf7d780c3d7a2aad7a8184.jpg,https://www.revendadecalcados.com.br/fma600/e6d6c696386ba978c11671b7809a9436.jpg,https://www.revendadecalcados.com.br/fma600/403d39ee67885f1c3420fb8cc3b4bf60.jpg;Rose;70.018
301.28C;Sandália Feminina;Sandálias;34,0|35,0|36,2|37,3|38,0|39,0;49.90;54.89;1;Torricella;Material: Napa Amarelo / Napa Metalizado Prata<br />Enfeite: Fivela de Ajuste na cor Prata Laço em Napa Metalizado Prata<br />Palmilha: 8 mm de Espessura, Espuma em EVA, Revestida em Napa Metalizado Prata e Taloneira Napa Bege<br />Salto: Fino com 9,5 cm de Altura Revestido em Napa Metalizado Prata<br />Solado de PVC com antiderrapante na cor Bege.;28 x 20 x 9.5;600;04/10/2024;0;https://www.revendadecalcados.com.br/produto-8644.html;https://www.revendadecalcados.com.br/fma600/31f100e32361b4505cdcc21b7c686b0b.jpg,https://www.revendadecalcados.com.br/fma600/8fc64efebb4eba19aa4d4d9c5d7ebb2b.jpg,https://www.revendadecalcados.com.br/fma600/43ea722dc4162ab4391690d13cf0fca2.jpg,https://www.revendadecalcados.com.br/fma600/f711a06eaf899adbaf4f870caff38d1a.jpg,https://www.revendadecalcados.com.br/fma600/48c039fd38f3ad2ee341f681d280c753.jpg,https://www.revendadecalcados.com.br/fma600/047a03167ba81e03e58ea89ddd702b9e.jpg;Multicolorido;301.28
2025-00A;Sapato Scarpin;Sapato Scarpin;34,0|35,0|36,0|37,0|38,1|39,1;39.90;43.89;1;Torricella;Material: Verniz Preto<br />Palmilha: Confort com 8 mm de Espessura, Espuma em EVA, Revestida com Verniz Preto e Taloneira Napa Bege<br />Forro: Cacharrel, material espumado para maior conforto, na cor bege claro<br />Salto: 8,5 cm de Altura encapado em verniz Preto<br />Solado de PVC antiderrapante na cor Preto.;28 x 20 x 9.5;600;20/04/2022;0;https://www.revendadecalcados.com.br/produto-7583.html;https://www.revendadecalcados.com.br/fma600/9c6f027a4f7fe73aef2e1883ffcf891c.jpg,https://www.revendadecalcados.com.br/fma600/3013f6aadf625c8b249fc0b3cc8ebd9f.jpg,https://www.revendadecalcados.com.br/fma600/55e31f918bbcd030c2215b17ee2c9bde.jpg,https://www.revendadecalcados.com.br/fma600/8535c87253dc33234745f0881aa0b8d2.jpg,https://www.revendadecalcados.com.br/fma600/b42aa03857de2378337f59a28eb3af98.jpg,https://www.revendadecalcados.com.br/fma600/99db0c2e56345f3cc0bd489d4d287dcb.jpg,https://www.revendadecalcados.com.br/fma600/0ef950d4bcb318f6bbbae3b15fcb7482.jpg,https://www.revendadecalcados.com.br/fma600/b67e695a8b5e7d4e0285f2ccb63c69ef.jpg,https://www.revendadecalcados.com.br/fma600/55e7d7610a9050f44e2872dbf998419f.jpg,https://www.revendadecalcados.com.br/fma600/c60f64ca6ecf7a46102e1a8e9e402f5a.jpg;Preto;2025-00
AR200-06D_AR;Sandália Salto Fino Ato Arrasadora;Numeração Especial;40,2|41,5|42,0|43,0;29.90;32.89;1;Arrasadora;Material: Napa Amarelo<br />Enfeite: Fivela de ajuste na cor Dourado<br />Forro: (material interno) Sintético na cor Bege<br />Palmilha: 4 mm de espessura, espuma em EVA, revestida em Napa Amarelo e Taloneira Napa Bege com a logomarca Arrasadora<br />Salto Fino: 9,5 cm de altura Enfachetado em Napa Amarelo<br />Solado de TR emborrachado e antiderrapante na cor Bege<br />Numeração grande e tamanhos especiais 40 ao 43<br />Coleção: FINEST<br />Calçados<br />Sandálias;34 x 20 x 12;700;20/09/2023;0;https://www.revendadecalcados.com.br/produto-8311.html;https://www.revendadecalcados.com.br/fma600/AR200-06D____1.jpg,https://www.revendadecalcados.com.br/fma600/AR200-06D____2.jpg,https://www.revendadecalcados.com.br/fma600/AR200-06D____3.jpg,https://www.revendadecalcados.com.br/fma600/AR200-06D____4.jpg,https://www.revendadecalcados.com.br/fma600/AR200-06D____5.jpg;Amarelo;AR200-06D_A
601H;Sapato Scarpin;Sapato Scarpin;34,4|35,0|36,0|37,0|38,0|39,0;64.90;71.39;0;Torricella;Material: Verniz Onça<br />Palmilha: 8 mm de Espessura, Espuma em EVA, e Taloneira Napa Preto<br />Forro: Cacharrel, material espumado para maior conforto na cor Preto<br />Salto: 6,5 cm de Altura encapado em Verniz Onça<br />Solado de PVC na cor Preto.;28 x 20 x 9.5;600;25/03/2025;0;https://www.revendadecalcados.com.br/produto-8740.html;https://www.revendadecalcados.com.br/fma600/267f417c69362ec20512e642bbfebe59.jpg,https://www.revendadecalcados.com.br/fma600/80c5e2c28e6315c9505d38a0643063b8.jpg,https://www.revendadecalcados.com.br/fma600/c14f4f312dd0867b99013fdf39fccabd.jpg,https://www.revendadecalcados.com.br/fma600/92d0818c2573969e89eca1f978607967.jpg,https://www.revendadecalcados.com.br/fma600/0824fef9f50359454ccb55dca91bfec8.jpg,https://www.revendadecalcados.com.br/fma600/cfcf3d139beb0742ab8273585858e2e6.jpg;OnÃ§a;601
80007A;Sapato Scarpin Salto 12;Sapato Scarpin;34,1|35,0|36,0|37,0|38,0|39,0;59.90;65.89;1;Torricella;Material: Napa Preto e Napa Vintage Caramelo<br />Enfeite: Cordão na cor preto e Ilhós Dourado<br />Palmilha: 8 mm de Espessura, Espuma em EVA, Revestida em Napa Dourado e Taloneira Napa Preto<br />Forro: Napa Sintético, na cor Preto<br />Salto: 12 cm de Altura e Revestido em Croco Caramelo<br />Solado em Micro na cor Preto.;28 x 20 x 9.5;600;04/04/2024;0;https://www.revendadecalcados.com.br/produto-8509.html;https://www.revendadecalcados.com.br/fma600/e7e9a28f165a17541a5d8390e3487b69.jpg,https://www.revendadecalcados.com.br/fma600/451eff94c004c7d38dd0211f2867b60b.jpg,https://www.revendadecalcados.com.br/fma600/0e1bb0a47994c8fa5b65f0a8f16f3651.jpg,https://www.revendadecalcados.com.br/fma600/8bf48cd30e3b48d20bffd2a027e725b3.jpg,https://www.revendadecalcados.com.br/fma600/cbcb971b090b5f977d209552ef29020a.jpg,https://www.revendadecalcados.com.br/fma600/0c7b11961f1fc68b6a0c2a003ce3808b.jpg,https://www.revendadecalcados.com.br/fma600/b41b1b22652c7fc060b792338ce5fb2a.jpg,https://www.revendadecalcados.com.br/fma600/ad5cc79ac79c23c19bc7f22a12be6f43.jpg,https://www.revendadecalcados.com.br/fma600/aa5b4ed49d0a8af4d24a7375fedbe68c.jpg,https://www.revendadecalcados.com.br/fma600/ff1abe80e2f6542ac0e61bad29e65ba6.jpg,https://www.revendadecalcados.com.br/fma600/947d320c07838a6b3a81b71332c40a50.jpg,https://www.revendadecalcados.com.br/fma600/13cb9d306a8b63ea733ded60b391ebdf.jpg,https://www.revendadecalcados.com.br/fma600/d7a8dce202c894fdedf705c0a3dda7c0.jpg,https://www.revendadecalcados.com.br/fma600/3576bd8ec585aac893509a70494f5110.jpg;Multicolorido;80007
80013A;Sapato Scarpin Salto 12;Sapato Scarpin;34,0|35,0|36,0|37,0|38,1|39,0;59.90;65.89;1;Torricella;Material: Nobuck Preto<br />Enfeites: Laço Nobuck Preto com Strass<br />Palmilha: 8 mm de Espessura, Espuma em EVA, Revestida em Nobuck Preto e Taloneira Napa Preto<br />Forro: Napa Sintético, na cor Preto<br />Salto: 12 cm de Altura e Revestido em Napa Metalizado Prata<br />Solado em Micro na cor Preto.;28 x 20 x 9.5;600;04/04/2024;0;https://www.revendadecalcados.com.br/produto-8507.html;https://www.revendadecalcados.com.br/fma600/9b3c411c781b0b7096b38010f6a11c60.jpg,https://www.revendadecalcados.com.br/fma600/af8cf0a9ecc21d3dcf31d24944bcbe8e.jpg,https://www.revendadecalcados.com.br/fma600/e41153172b574ef4e9d0990530f941bd.jpg,https://www.revendadecalcados.com.br/fma600/bdf332f3930c39d0282e379f9cd01bee.jpg,https://www.revendadecalcados.com.br/fma600/8018739c50db166789e19327e2c772c5.jpg,https://www.revendadecalcados.com.br/fma600/5635c542402451b5d02b47740b1a33f5.jpg,https://www.revendadecalcados.com.br/fma600/28f9072083c181aa4ab8b15ba3b57a69.jpg,https://www.revendadecalcados.com.br/fma600/7a23e1a97d5b15848d37b00b8e0c77fe.jpg,https://www.revendadecalcados.com.br/fma600/5a1f1d171f540a297f6ccf0eca7114a6.jpg,https://www.revendadecalcados.com.br/fma600/09a29650963ea53a461636df3a623fe7.jpg,https://www.revendadecalcados.com.br/fma600/56b183fd19e3d89c4a2a6ff6228dc919.jpg,https://www.revendadecalcados.com.br/fma600/d0b3a5c75dd8d4bb5a3553b4d0482e8e.jpg,https://www.revendadecalcados.com.br/fma600/d5eb986dfb5c02757b3db93fb42bc63c.jpg,https://www.revendadecalcados.com.br/fma600/ac771b1b3c450015d9778569b7a8fe1c.jpg;Preto;80013
70.018E;Mocassim Feminino Bico Alongado;Sapatilhas;34,3|35,0|36,0|37,0|38,0|39,0;54.90;60.39;0;Torricella;Material: Camurça Verde<br />Enfeite: Bridão em ABS na cor Grafite<br />Palmilha: 4 mm de Espessura, Espuma em EVA, Revestida em Napa Caramelo e taloneira Napa Bege<br />Forro: Cacharrel, material espumado para maior conforto, na cor Caramelo<br />Solado em PVC Flexível com antiderrapante e na cor Bege.;30 x 16 x 9.5;400;18/06/2025;0;https://www.revendadecalcados.com.br/produto-8146.html;https://www.revendadecalcados.com.br/fma600/82c231c80ac88aa768ca68f654a47742.jpg,https://www.revendadecalcados.com.br/fma600/3af80226a1193a75e4841174c392691d.jpg,https://www.revendadecalcados.com.br/fma600/7c240c0060de4e6b3482a9252e70772f.jpg,https://www.revendadecalcados.com.br/fma600/3e7863ca16736ff9d9d8a06c7dde81fb.jpg,https://www.revendadecalcados.com.br/fma600/4ae8b54432220a4405bb26e10158d700.jpg,https://www.revendadecalcados.com.br/fma600/8a07e8741d2e67a24e2c61c5d5e8fa57.jpg,https://www.revendadecalcados.com.br/fma600/9668e1f10193326ea4e1a2741cb71b47.jpg,https://www.revendadecalcados.com.br/fma600/44344e28a7f3b53b6a50a6c04533b762.jpg;Verde;70.018
65061A;Sapato Scarpin;Sapato Scarpin;34,1|35,0|36,0|37,0|38,0|39,0;49.90;54.89;1;Torricella;Material: Napa Preto<br />Palmilha: 8 mm de Espessura, Espuma em EVA, Revestida em Napa Preto e Taloneira Napa Preto<br />Enfeite: Material Vazado<br />Salto: Grosso com 9 cm de Altura Revestido em Napa Preto<br />Solado de PVC na cor Preto.;28 x 20 x 9.5;600;16/10/2024;0;https://www.revendadecalcados.com.br/produto-8692.html;https://www.revendadecalcados.com.br/fma600/b998eff7de1594d4f2e2b37a1ff3f22c.jpg,https://www.revendadecalcados.com.br/fma600/6bc600c56a77d3f46be739d21921edd6.jpg,https://www.revendadecalcados.com.br/fma600/da9c38be7d9c352411f92308a07f7795.jpg,https://www.revendadecalcados.com.br/fma600/271598a62a57bb8fee7b0a0546d178ef.jpg,https://www.revendadecalcados.com.br/fma600/022efe687f814329301c2de4e3e59bcf.jpg,https://www.revendadecalcados.com.br/fma600/31341d62c0522e64c9d208d0ea1a54e8.jpg;Preto;65061
030A;Sandália Feminina;Sandálias;34,2|35,0|36,0|37,0|38,0|39,0;49.90;54.89;1;Torricella;Material: Napa Preto e Metalizado Speechio Ouro Light<br />Enfeite: Fivela de Ajuste na cor Dourado<br />Palmilha: 8 mm de Espessura, Espuma em EVA, Revestida em Napa Preto e Taloneira Napa Preto<br />Salto: Grosso com 9 cm de Altura Revestido em Glitter na Cor Dourado<br />Solado de TR com antiderrapante na cor Preto.;28 x 20 x 9.5;600;11/08/2023;0;https://www.revendadecalcados.com.br/produto-8149.html;https://www.revendadecalcados.com.br/fma600/a309c3efc86743dc1f0584cb57fdfe16.jpg,https://www.revendadecalcados.com.br/fma600/74a01d6e57e10c697186c565157a7def.jpg,https://www.revendadecalcados.com.br/fma600/afd1d8eb89e0753d49721df14a20ed1d.jpg,https://www.revendadecalcados.com.br/fma600/993b857cbca3724b558f8bdd5f22983e.jpg,https://www.revendadecalcados.com.br/fma600/42defa6484d97c1ed2533a9e5ad94bf9.jpg,https://www.revendadecalcados.com.br/fma600/2d95ddbf57da75f746f18b854a559d97.jpg,https://www.revendadecalcados.com.br/fma600/8de97bd040edf00c042208dad611ad25.jpg,https://www.revendadecalcados.com.br/fma600/71e18e4e681e2fc2b41245fdbc6851ad.jpg;Preto;030
8000-02I_AR;Sapato Scarpin Salto Bloco Grosso;Sapato Scarpin;34,0|35,0|36,0|37,0|38,0|39,2;39.90;43.89;1;Arrasadora;Material: Verniz Off Whitte <br />Enfeite: Boton Coroa Arrasadora no Solado<br />Forro: (material interno) espuma cacharrel na cor Nude<br />Palmilha: 4 mm de espessura, espuma em EVA, revestida em Napa Verniz Off Whitte e Taloneira Napa Nude com a logomarca Arrasadora<br />Salto Grosso: 8,5 cm<br />Solado de TR emborrachado e antiderrapante na cor Bege<br />Numeração grande e tamanhos especiais 39 ao 44<br />Coleção: FINEST;31.5 x 30 x 9.5;1000;14/07/2023;0;https://www.revendadecalcados.com.br/produto-8108.html;https://www.revendadecalcados.com.br/fma600/8000-02I____1.jpg,https://www.revendadecalcados.com.br/fma600/8000-02I____2.jpg,https://www.revendadecalcados.com.br/fma600/8000-02I____3.jpg,https://www.revendadecalcados.com.br/fma600/8000-02I____4.jpg,https://www.revendadecalcados.com.br/fma600/8000-02I____5.jpg,https://www.revendadecalcados.com.br/fma600/8000-02I____6.jpg,https://www.revendadecalcados.com.br/fma600/8000-02I____7.jpg;Off White;8000-02I_A
8000-02E_AR;Sapato Scarpin Salto Fino Médio;Sapato Scarpin;34,0|35,0|36,0|37,0|38,0|39,2;39.90;43.89;1;Arrasadora;Material: Napa Preto <br />Enfeite: Boton Coroa Arrasadora no Solado<br />Forro: (material interno) espuma cacharrel na cor Preto<br />Palmilha: 4 mm de espessura, espuma em EVA, revestida em Napa Preto e Taloneira Napa Preto com a logomarca Arrasadora<br />Salto Fino: 8,5 cm<br />Solado de TR emborrachado e antiderrapante na cor Preto<br />Numeração grande e tamanhos especiais 39 ao 44<br />Coleção: FINEST;31.5 x 30 x 9.5;1000;14/07/2023;0;https://www.revendadecalcados.com.br/produto-8104.html;https://www.revendadecalcados.com.br/fma600/8000-02E____1.jpg,https://www.revendadecalcados.com.br/fma600/8000-02E____2.jpg,https://www.revendadecalcados.com.br/fma600/8000-02E____3.jpg,https://www.revendadecalcados.com.br/fma600/8000-02E____4.jpg,https://www.revendadecalcados.com.br/fma600/8000-02E____5.jpg,https://www.revendadecalcados.com.br/fma600/8000-02E____6.jpg,https://www.revendadecalcados.com.br/fma600/8000-02E____7.jpg;Preto;8000-02E_A
8000-02D_AR;Sapato Scarpin Salto Fino Médio;Sapato Scarpin;34,0|35,0|36,0|37,0|38,0|39,1;39.90;43.89;1;Arrasadora;Material: Verniz Vermelho <br />Enfeite: Boton Coroa Arrasadora no Solado<br />Forro: (material interno) espuma cacharrel na cor Nude<br />Palmilha: 4 mm de espessura, espuma em EVA, revestida em Verniz Vermelho e Taloneira Napa Nude com a logomarca Arrasadora<br />Salto Fino: 8,5 cm<br />Solado de TR emborrachado e antiderrapante na cor Bege<br />Numeração grande e tamanhos especiais 39 ao 44<br />Coleção: FINEST;31.5 x 30 x 9.5;1000;14/07/2023;0;https://www.revendadecalcados.com.br/produto-8103.html;https://www.revendadecalcados.com.br/fma600/8000-02D____1.jpg,https://www.revendadecalcados.com.br/fma600/8000-02D____2.jpg,https://www.revendadecalcados.com.br/fma600/8000-02D____3.jpg,https://www.revendadecalcados.com.br/fma600/8000-02D____4.jpg,https://www.revendadecalcados.com.br/fma600/8000-02D____5.jpg,https://www.revendadecalcados.com.br/fma600/8000-02D____6.jpg,https://www.revendadecalcados.com.br/fma600/8000-02D____7.jpg;Vermelho;8000-02D_A
8000-02C_AR;Sapato Scarpin Salto Fino Médio;Sapato Scarpin;34,0|35,0|36,0|37,0|38,0|39,2;39.90;43.89;1;Arrasadora;Material: Verniz Off White <br />Enfeite: Boton Coroa Arrasadora no Solado<br />Forro: (material interno) espuma cacharrel na cor Nude<br />Palmilha: 4 mm de espessura, espuma em EVA, revestida em Napa Verniz Off White e Taloneira Napa Nude com a logomarca Arrasadora<br />Salto Fino: 8,5 cm<br />Solado de TR emborrachado e antiderrapante na cor Bege<br />Numeração grande e tamanhos especiais 39 ao 44<br />Coleção: FINEST;31.5 x 30 x 9.5;1000;14/07/2023;0;https://www.revendadecalcados.com.br/produto-8101.html;https://www.revendadecalcados.com.br/fma600/8000-02C____1.jpg,https://www.revendadecalcados.com.br/fma600/8000-02C____2.jpg,https://www.revendadecalcados.com.br/fma600/8000-02C____3.jpg,https://www.revendadecalcados.com.br/fma600/8000-02C____4.jpg,https://www.revendadecalcados.com.br/fma600/8000-02C____5.jpg,https://www.revendadecalcados.com.br/fma600/8000-02C____6.jpg,https://www.revendadecalcados.com.br/fma600/8000-02C____7.jpg;Off White;8000-02C_A
4000-72C_AR;Sandália Salto Bloco Grosso Baixo;Sandálias;34,0|35,0|36,0|37,0|38,0|39,1;39.90;43.89;1;Arrasadora;Material: Napa Off White <br />Enfeite: Tiras de Amarrar na cor Off White<br />Forro: (material interno) Sintético na cor Nude<br />Palmilha: 4 mm de espessura, espuma em EVA, revestida em Napa Off White e Taloneira Napa Nude com a logomarca Arrasadora<br />Salto Grosso Bloco Triangular: 7cm<br />Solado de TR emborrachado e antiderrapante na cor Bege<br />Numeração grande e tamanhos especiais 39 ao 44<br />Coleção: FINEST-;31.5 x 30 x 9.5;1000;14/07/2023;0;https://www.revendadecalcados.com.br/produto-8066.html;https://www.revendadecalcados.com.br/fma600/4000-72C____1.jpg,https://www.revendadecalcados.com.br/fma600/4000-72C____2.jpg,https://www.revendadecalcados.com.br/fma600/4000-72C____3.jpg,https://www.revendadecalcados.com.br/fma600/4000-72C____4.jpg,https://www.revendadecalcados.com.br/fma600/4000-72C____5.jpg,https://www.revendadecalcados.com.br/fma600/4000-72C____6.jpg,https://www.revendadecalcados.com.br/fma600/4000-72C____7.gif,https://www.revendadecalcados.com.br/fma600/4000-72C____8.gif;Off White;4000-72C_A
456.012G;Mocassim Feminino Rasteiro;Sapatilhas;34,0|35,6|36,0|37,0|38,0|39,0;39.90;43.89;1;Torricella;Material: Napa Prata Velho e Napa Preto<br />Enfeite: Laço em Nó na cor Napa Preto com ponteira ABS na cor Dourado<br />Palmilha: 4 mm de Espessura, Espuma em EVA, Revestida em Napa Preto<br />Solado em PVC Flexível com antiderrapante e na cor Preto.;30 x 16 x 9.5;400;22/06/2023;0;https://www.revendadecalcados.com.br/produto-8034.html;https://www.revendadecalcados.com.br/fma600/ffc2f1eb255a54ac5fb2a644261ec856.jpg,https://www.revendadecalcados.com.br/fma600/1785062b45b8ccbef1ae81a24b9ab84a.jpg,https://www.revendadecalcados.com.br/fma600/3ec0db53182afa19aca8e28d9c6b9e64.jpg,https://www.revendadecalcados.com.br/fma600/e502b32c10e7c636c861869103aae829.jpg,https://www.revendadecalcados.com.br/fma600/9ab5d342e621813dcf73d014f495e524.jpg,https://www.revendadecalcados.com.br/fma600/3857fd10174d96a47e2b64987a6f83bd.jpg,https://www.revendadecalcados.com.br/fma600/16c60dfa3a72ddbc54bc835242f56621.jpg,https://www.revendadecalcados.com.br/fma600/5682e8f8911df324df98ea9592d760bb.jpg,https://www.revendadecalcados.com.br/fma600/9f5dfa24de9e9cc94e55f92c01a1ef4a.jpg;Prata Velho;456.012
AR200-06C_AR;Sandália Salto Fino Ato Arrasadora;Numeração Especial;40,1|41,0|42,0|43,0;29.90;32.89;1;Arrasadora;Material: Napa Azul<br />Enfeite: Fivela de ajuste na cor Dourado<br />Forro: (material interno) Sintético na cor Bege<br />Palmilha: 4 mm de espessura, espuma em EVA, revestida em Napa Azul e Taloneira Napa Bege com a logomarca Arrasadora<br />Salto Fino: 9,5 cm de altura Enfachetado em Napa Azul<br />Solado de TR emborrachado e antiderrapante na cor Bege<br />Numeração grande e tamanhos especiais 40 ao 43<br />Coleção: FINEST<br />Calçados<br />Sandálias;34 x 20 x 12;700;20/09/2023;0;https://www.revendadecalcados.com.br/produto-8310.html;https://www.revendadecalcados.com.br/fma600/AR200-06C____1.jpg,https://www.revendadecalcados.com.br/fma600/AR200-06C____2.jpg,https://www.revendadecalcados.com.br/fma600/AR200-06C____3.jpg,https://www.revendadecalcados.com.br/fma600/AR200-06C____4.jpg,https://www.revendadecalcados.com.br/fma600/AR200-06C____5.jpg;Azul;AR200-06C_A
7050-125B_AR;Sandália Salto Bloco Grosso Baixo;Numeração Especial;40,0|41,0|42,0|43,1;29.90;32.89;1;Arrasadora;Material: Napa Off White <br />Enfeite: Fivela na cor Dourado<br />Forro: (material interno) Sintético na cor Bege<br />Palmilha: 4 mm de espessura, espuma em EVA, revestida em Napa Off Whitte e Taloneira Napa Bege com a logomarca Arrasadora<br />Salto Grosso: 5,5 cm<br />Solado de TR cor Bege<br />Numeração grande e tamanhos especiais 40 ao 43<br />Coleção: FINEST<br />;31.5 x 30 x 9.5;1000;14/07/2023;0;https://www.revendadecalcados.com.br/produto-8096.html;https://www.revendadecalcados.com.br/fma600/7050-125B____1.jpg,https://www.revendadecalcados.com.br/fma600/7050-125B____2.jpg,https://www.revendadecalcados.com.br/fma600/7050-125B____3.jpg,https://www.revendadecalcados.com.br/fma600/7050-125B____4.jpg,https://www.revendadecalcados.com.br/fma600/7050-125B____5.jpg;Off White;7050-125B_A
7050-10A_AR;Sandália Salto Bloco Grosso Baixo;Numeração Especial;40,2|41,0|42,0|43,0;29.90;32.89;1;Arrasadora;Material: Napa Preto <br />Enfeite: Fivela na cor Dourado e Corrente Preta na parte frontal<br />Forro: (material interno) Sintético na cor Preto<br />Palmilha: 4 mm de espessura, espuma em EVA, revestida em Napa Preto e Taloneira Napa Bege com a logomarca Arrasadora<br />Salto Grosso: 5,5 cm<br />Solado de TR cor Preta<br />Numeração grande e tamanhos especiais 40 ao 43<br />Coleção: FINEST;31.5 x 30 x 9.5;1000;14/07/2023;0;https://www.revendadecalcados.com.br/produto-8091.html;https://www.revendadecalcados.com.br/fma600/7050-10A____1.jpg,https://www.revendadecalcados.com.br/fma600/7050-10A____2.jpg,https://www.revendadecalcados.com.br/fma600/7050-10A____3.jpg,https://www.revendadecalcados.com.br/fma600/7050-10A____4.jpg,https://www.revendadecalcados.com.br/fma600/7050-10A____5.jpg;Preto;7050-10A_A
4000-81D_AR;Sandália Salto Bloco Grosso;Numeração Especial;40,2|41,0|42,0|43,0|44,0;29.90;32.89;1;Arrasadora;Material: Napa Preto <br />Enfeite: Fivela na cor Dourado e Pérolas em ABS na cor Rosé<br />Palmilha: 4 mm de espessura, espuma em EVA, revestida em Napa Preto e Taloneira Napa Bege com a logomarca Arrasadora<br />Salto: 8,5 cm<br />Solado de TR emborrachado e antiderrapante cor Preto<br />Numeração grande e tamanhos especiais 40 ao 44<br />Coleção: CALIENTE;31.5 x 30 x 9.5;1000;14/07/2023;0;https://www.revendadecalcados.com.br/produto-8083.html;https://www.revendadecalcados.com.br/fma600/4000-81D____1.jpg,https://www.revendadecalcados.com.br/fma600/4000-81D____2.jpg,https://www.revendadecalcados.com.br/fma600/4000-81D____3.jpg,https://www.revendadecalcados.com.br/fma600/4000-81D____4.jpg,https://www.revendadecalcados.com.br/fma600/4000-81D____5.jpg;Preto;4000-81D_A
